image_id,PredictionString
3r9OdPSdvQ58qI3VUFUeSKyCvxBpFc0c,10 0.9616 149 1831 334 2065 11 0.9272 188 1872 268 1992 11 0.7766 162 1843 295 2034 9 0.4351 161 1712 869 2201 7 0.2471 191 1735 879 2231 10 0.1449 133 1739 881 2237 4 0.1302 187 1683 924 2219 10 0.0592 164 1855 283 2017
LO2jAm8E96Ih87wJVoqiOXHixrwPMeOm,14 1.0 0 0 1 1
PN7S4HbhNp4fht9TTc6DXGOKGkeRTR7W,3 0.2667 645 1131 1528 1512 1 0.0730 475 1149 710 1400 7 0.0628 447 1149 700 1361 9 0.0613 19 1176 844 2364 4 0.0548 520 1172 702 1358
l7f2KDvrnrh26v4aYgi0Slj7lVBZMQIL,3 0.2341 1047 1576 1954 1946
if5Pqu95xLUtURzAo72YiSg8GNzJb1F3,0 0.0947 1222 691 1526 1004
Fgyj3OcrO2VfIvMQPHwube3SqgOmp0mO,3 0.2242 748 1233 1521 1670 3 0.0840 741 1686 1679 2417 3 0.0781 757 1366 1554 1579 9 0.0775 169 1204 877 2375
Q5o9efwdCnze8bcgy1tpIQd5Bghjz4Z2,11 0.3294 598 334 848 409 13 0.2930 1687 643 1879 777 0 0.1129 1135 657 1455 1004
sF44vKJt0LInD6sh0NnzWWkkLjVH7S6Q,14 1.0 0 0 1 1
1kxliq2aOHCOwdP1ukFFaDeopMLjxnYT,0 0.4718 1170 874 1512 1265 9 0.3370 2124 1223 2316 2053 9 0.2860 1 2173 62 2393 9 0.1046 2127 998 2333 2569 9 0.0876 1 1912 63 2515 13 0.0525 1482 557 1656 851
Nu4MvjlkLlizeQICc1TUObzKsb9zznRA,3 0.9973 1090 1324 2051 1798 0 0.9972 1386 611 1655 920 5 0.9592 574 489 1125 1756 2 0.8469 1488 726 1614 838 2 0.7334 1436 652 1622 854 9 0.6175 1876 648 2127 1233 9 0.2823 835 2126 1203 2571 5 0.2128 1712 642 2092 1401 13 0.2065 1895 735 2118 1178 11 0.1965 2054 1700 2188 1943 9 0.1601 1138 708 1437 1494 10 0.1441 2082 1702 2185 1910 9 0.1294 1747 603 2173 1319 7 0.1222 1926 774 2109 1138 11 0.1083 994 281 1188 350 6 0.1020 1915 755 2110 1166 7 0.0862 1874 721 2121 1303 11 0.0844 867 257 1125 351 6 0.0702 1715 673 2138 1458 13 0.0561 1774 635 2123 1303
stUpF3frd3k0hOEYNsP0z9wM35cKy7Vi,14 1.0 0 0 1 1
yH7kjXH177YjH4CBImBr8kTr11CLSkMr,8 0.4986 989 1219 1024 1263 10 0.0619 261 1508 310 1609
GDHtR1zmjYKIe1zi9SJoNjUGVuHIje6W,0 0.9141 1340 470 1663 858 3 0.4484 956 1322 2057 1828
qjCGcVuHt3P6dYqvc1wkBTgvH5PTfk1I,5 0.9270 1359 419 1953 1421 13 0.8237 459 856 698 991 6 0.7128 370 388 1091 1449 6 0.5829 410 710 888 1336 7 0.3848 465 860 681 1017 6 0.3749 474 833 712 1006 7 0.3740 414 778 910 1426 10 0.3720 371 1388 541 1606 13 0.2823 447 402 1041 1019 6 0.2190 1298 353 1841 865 5 0.1565 395 373 1068 1457 13 0.0811 451 878 636 965 7 0.0805 319 464 1092 1528 9 0.0544 412 508 1024 1361 6 0.0516 460 836 753 1217
gwVdeHhGR986fy3FxocSErbJKxQKcsfG,14 1.0 0 0 1 1
7lmb7dVOZifcf9RsLui1VFPZMUuvavkC,13 0.8758 544 582 835 889 2 0.8689 523 551 949 921 13 0.3492 480 632 770 970 13 0.2233 575 617 756 836 2 0.1282 458 614 864 1060 11 0.1278 691 465 911 533 2 0.0791 568 599 790 876
bp8r1NN5zjnt3XC15DvxIVb5BdzKJ5qx,14 1.0 0 0 1 1
GtGTw4UANLtYuMXQIIqnEhsT13ak34cN,0 0.7677 1399 708 1729 1107 3 0.0520 992 1595 1956 2011
YneoamTtD7E3gbHVkQFEoapf09ZtkG9J,3 0.1823 908 1656 1627 1978 11 0.1152 1175 689 1557 873
MkZjcJC9gLKyQvYQoUZtZZB3diTWAn4L,11 0.9398 538 256 782 421
Fd95Feengw0TRtFgedgHODdG7ZARSNVJ,14 1.0 0 0 1 1
0PH1dU8dC7SDIcsqF0rjEOHbuhqwVEh8,3 0.3191 819 1521 1985 1983 0 0.2842 1280 728 1555 1033
CYRhkolBBJY9wUuJYJENQzunrGKnXhMo,14 1.0 0 0 1 1
ML92Us1kEUtP5MMqzBbgzVPeFXSD0Jms,3 0.1409 953 1403 2008 1881
56XrOUNLvg4Qn76d6CJZ2V4T8b2dYjtn,0 0.9975 1713 834 2095 1250 3 0.8905 1398 1786 2456 2238 10 0.7973 645 2236 821 2423 6 0.6851 2161 1215 2445 1538 7 0.6785 2174 1236 2435 1517 5 0.4184 2048 1214 2490 2076 5 0.3851 665 993 1493 2198 10 0.2552 677 2258 792 2385 12 0.2460 1762 198 2696 1339 9 0.1518 2075 1150 2791 2186 12 0.1476 1819 337 2803 2322 8 0.1404 2215 1239 2424 1471 9 0.1311 1842 518 2821 1845 5 0.1093 781 1282 1258 2099 7 0.0949 2090 1031 2476 1545 13 0.0909 719 1963 914 2129 13 0.0853 2227 1763 2486 2234 10 0.0700 653 2288 766 2448 9 0.0696 2227 1257 2416 1476 11 0.0612 673 2260 805 2389 6 0.0606 2090 1209 2514 1998 13 0.0574 2134 1575 2508 2206
mpo0rOUrxB2kuak7oGiVOEKW6W0UZQlu,5 0.2124 60 514 1122 1891
00X4Pb5TcOhWWwrDwn9UoRDJhwYRuusp,5 0.0663 1967 1504 2335 1813
u2XA0sULR1Sk6V0V25KNxromE4TH5sKX,0 0.9939 1386 847 1673 1149 3 0.9877 1006 1426 2228 1874 11 0.8096 1624 415 1808 480 11 0.2445 923 376 1250 511 11 0.2403 1573 409 1831 505 10 0.0818 2315 1781 2459 2028
V6xjwJm1lrJhN4JCsnWVvEy6oYG5dizF,14 1.0 0 0 1 1
yNbWbsSDIXXuiaJ0W3nEM3QHRcAsP23I,14 1.0 0 0 1 1
MTxlGrp9Ziq03icoRW2BrNp8gJrHMRby,9 0.7699 1581 1727 1667 1808 10 0.7032 166 1907 314 2115 0 0.5649 1043 713 1241 894 8 0.5215 1579 1723 1681 1816 7 0.3940 1582 1726 1687 1807 6 0.1588 1571 1699 1688 1811 11 0.1010 174 1907 341 2137
6WGvAc0fCLKfyokccx1k89LVpiQ9cfS5,3 0.5981 661 964 1561 1396 7 0.1562 67 1184 930 1963 9 0.1352 189 1210 696 1532 8 0.1279 1332 654 1397 718 11 0.1274 470 71 734 217 10 0.1245 35 1197 1174 1827 7 0.0794 144 1190 815 1633 5 0.0717 83 1202 890 2014 0 0.0714 987 437 1198 696 9 0.0626 92 1216 911 2003 8 0.0599 1577 1152 1626 1204 3 0.0559 115 1363 1891 2088
CTv7Wv5FDVxJnkyPu7c9S0kbSkJyzNxQ,11 0.3202 169 406 594 1131 7 0.2321 28 332 513 1075 13 0.2016 199 876 394 1058 2 0.1360 71 424 518 1132 6 0.0888 169 713 504 1008 13 0.0678 138 481 553 1088 7 0.0607 1008 354 1203 791 9 0.0583 48 315 475 1105
8r5kxRnny9mMfiMxkRljn2GlfwEjajbb,3 0.9813 778 1157 1784 1611 0 0.9808 1070 658 1344 938 3 0.0612 818 1275 1846 1824
BKgtnF1550WZbiyyxW868E8wCqWfQgXl,0 0.1251 1231 936 1512 1265
Wk2dUTkqdqdeUkCN71r9kZMukSMa0khq,14 1.0 0 0 1 1
BNSjCrfArhLCR0sKyqAWOXwvNx9volZI,14 1.0 0 0 1 1
0Vj5sOFRboX0TZNNfV5oqUxkBHELetEV,14 1.0 0 0 1 1
ckiOmI4R3ImRa2aLptHw7Hjp4yfpLQw9,3 0.8896 1039 1535 2335 2067 0 0.5432 1404 618 1773 994 5 0.0794 210 355 1260 2131
VtywN1ZT3wzMX3VmdQAFUozGb05tkoMD,0 0.9939 1263 572 1577 941 3 0.2625 954 1278 1977 1797 7 0.0656 2 1694 158 2127
xSzDwI7gbf0EiPKPxshNTy9ysUx8xjvO,3 0.9990 736 1326 1779 1750 0 0.8687 1107 680 1351 958 13 0.2033 1665 1352 1824 1433 11 0.1341 661 335 864 404
MQgItDN8XRGkrMYSGJKwb02zY5bioEpG,14 1.0 0 0 1 1
Jy35FFPegn1cMPNYzHeIXmOJbdj5AD8S,8 0.0613 657 699 689 735
AcdLIGPmEfOGqXZtfGJ85gWJmbqLYUiL,14 1.0 0 0 1 1
0xnYe4tpVNt5LsM0msHgUtJ388Un1FEx,11 0.2238 871 257 1216 362 11 0.1427 939 250 1193 319 13 0.0779 2179 1982 2365 2098
Q3SXgh9XFTQnnsivZaWQY8tjph1HJeNP,14 1.0 0 0 1 1
XzgHzJKxsIV0eKpUQgpCqADix5yd1nbU,0 0.7683 1255 631 1568 1006 11 0.1383 565 413 893 548 3 0.0653 859 1555 2081 1912 8 0.0598 369 1360 780 1801
RCgwWgtOPADVtihM5bTCkOnP8Spbwhg1,14 1.0 0 0 1 1
cFqTvXjqXNLp0AVZm0gh0vxCp5VS0FYU,14 1.0 0 0 1 1
D21USRGWJ3V4N8AS0Wkv2gTOQxMaMiXk,14 1.0 0 0 1 1
ruQhR6RWHf9MiQ6YQn3pD3r0FgRIYgNm,10 0.5539 1691 1767 1734 1869 11 0.2707 1108 306 1341 383 3 0.1169 749 1195 1578 1748 11 0.0683 1697 1794 1730 1854
lQVQvX0waD15i94bSKGKIxjdgCdyOhtt,3 0.9917 806 1436 1783 1882 0 0.9785 1065 727 1339 1007 2 0.8375 1264 806 1335 905 2 0.6881 1585 1229 1669 1301 9 0.5523 1584 1224 1675 1300 8 0.5506 1583 1223 1670 1304 11 0.3354 538 382 875 509 8 0.1589 243 1462 285 1505 10 0.0996 1880 1854 1993 2010 13 0.0950 1594 1227 1668 1296 11 0.0713 1174 371 1406 439 2 0.0610 1329 1111 1397 1190
Lt35v5JCkYRzKvmPgCTZXNN2gYqOP9v1,0 0.9968 1248 915 1560 1313 8 0.9901 2031 1147 2102 1201 2 0.9786 1459 1134 1539 1255 2 0.9103 1451 1060 1547 1268 6 0.8682 330 561 1013 1303 13 0.7265 1761 1375 1966 1514 11 0.6968 617 527 1006 644 13 0.3406 309 720 950 1338 9 0.3217 589 1097 808 1208 9 0.1489 465 634 990 1324 13 0.1450 344 911 701 1345 9 0.1404 362 958 695 1329 7 0.1256 405 573 1012 1390 13 0.1179 282 1062 581 1415 11 0.0748 714 538 955 606 13 0.0717 1605 645 1902 1001 11 0.0713 603 548 813 642 13 0.0564 1729 722 1894 964
jCNAr43e0re7b5fW3xCh7UxwhmmbpScf,3 0.1123 650 1531 1598 2048
fvbCKe6RdOILQWdssk2fY3tXriBBLH04,3 0.0913 998 1468 2115 1862 11 0.0650 861 243 1117 308
AVjpBJKYcnoRU9PEbgVxLJbbAKhaMFcx,0 0.9942 978 719 1220 986 3 0.9641 656 1368 1579 1737 11 0.5624 489 509 744 631 11 0.1799 548 511 835 607 11 0.1085 1285 565 1432 702 11 0.0599 644 532 819 590 11 0.0551 891 3 1339 68
FsHMyVkUFW6jRslXBVHT3jkFqnOaxXin,3 0.9930 817 1108 1819 1605 7 0.5050 390 1018 888 1347 0 0.4877 1055 624 1321 937 3 0.3410 829 1153 1642 1401 7 0.2199 283 999 985 1848 10 0.2008 202 981 1018 1853 4 0.1604 295 1170 1044 1907 3 0.1140 504 1104 1807 1914 9 0.0974 278 1162 1006 1921 10 0.0765 90 561 887 1752 9 0.0701 458 856 1346 1731 7 0.0670 269 917 900 1457
QtJcQE4oLoARjVKhTlodaxj562vRjCtM,0 0.9982 1405 515 1696 866 3 0.9883 1054 1312 1943 1753 9 0.4210 1136 365 1513 1515 11 0.3137 870 217 1138 291 5 0.0853 560 902 1011 1516
3IkZhI94AHfFkt4fRbxzbPb1y4vWZTyU,3 0.7809 614 1281 1509 1640 0 0.5736 889 632 1148 903 3 0.0988 0 1593 1849 2426 9 0.0603 28 1481 793 2146 9 0.0571 1425 60 1991 973 7 0.0542 550 993 752 1331
MejaRNPiV3TJVGSVCEKOFJucCYD2y4G0,10 0.4214 22 1996 111 2147 11 0.1750 562 360 905 490
sXL8RdWGIQW0lykkh4sRB4yqo4v22C6r,10 0.9687 276 2465 448 2682 8 0.9317 468 1485 531 1539 8 0.7979 471 1495 514 1531 11 0.6966 248 2357 468 2697 9 0.5293 1931 686 2049 823 11 0.4015 923 545 1165 627 10 0.2859 296 2525 382 2664 10 0.2119 229 2318 451 2733 7 0.2074 469 1487 530 1533 9 0.2055 358 2377 581 2588 11 0.1952 267 2489 426 2704 13 0.1667 465 1476 541 1539 9 0.1559 471 1488 530 1534 0 0.1167 1452 886 1746 1222 2 0.1088 459 1485 540 1545 13 0.0840 1943 696 2050 828 11 0.0771 879 533 1236 645 11 0.0591 289 2497 408 2636
msvbEo9E9u7C3mWYvkadROlUwujAQtTo,14 1.0 0 0 1 1
PXmSJFS67Kd9DHtMd919bLxLczuhL8yJ,11 0.2743 1426 392 1575 453 11 0.2103 661 394 909 488 11 0.1856 704 402 902 460
wspxUtvqNlOsgQfoXmY32olxlkTMD5kJ,13 0.0734 1614 1749 1932 1882
lefvGBEYHOps9SL8Kv9JhseG0wWrqjNz,3 0.9971 843 1457 1971 2005 5 0.9420 218 467 948 1994 0 0.7057 1130 685 1415 984 10 0.3563 124 2094 204 2194 9 0.2284 890 904 1335 2195 7 0.2210 1763 1504 2054 1782 7 0.0718 1330 924 1558 1204 10 0.0602 1845 1459 2069 1732
q9GdDo3wG3aP4qrYILsjj9umvJEeB6fH,3 0.0989 1286 1442 2327 1835
d83h2LdKCcg84MdHSB69ATl325WWHv6u,14 1.0 0 0 1 1
jzdREu4XddGd2un3gC8Cz6WjQyL23aGh,0 0.9939 1449 595 1925 1090 3 0.9922 1073 1446 2365 1958 0 0.9371 1048 522 1959 1197 13 0.3625 411 1101 571 1266 10 0.2145 88 2472 444 2715 2 0.1183 460 1081 598 1241 9 0.0737 151 2442 561 2680 2 0.0549 1580 592 1863 859 10 0.0513 105 2565 351 2717
SSKo6HzvtfF0tpwrlwLEyImmAQZwJRXu,3 0.0604 894 1798 2032 2287
dlkS7mVLfjAfVX9BO1XZH11UhNTRbzzY,11 0.2815 1144 375 1434 487 11 0.1165 1110 375 1418 591
VfyvG8z8gNbu2qKK0nZ36nYtZXIkHZdD,3 0.1173 938 1869 1819 2269 11 0.0794 1463 426 1666 519
GqDBYlnRcTkoZSFvNMzlYDFrToiWsE8k,14 1.0 0 0 1 1
2Wr2uS4nycffOcR7jpG3nXYrXpfoxOIu,6 0.9587 1069 726 1452 1079 13 0.8566 1085 758 1393 973 13 0.3519 1087 741 1460 1157 6 0.2882 1079 735 1383 955 7 0.2265 1053 752 1456 1140 10 0.2147 753 2106 876 2315 7 0.2112 1109 738 1400 962
Dn1mAS2MSArJ9vzN3Y68Ki4YYDYB1mKF,0 0.9962 1150 744 1487 1139 3 0.9738 699 1426 1760 1815 11 0.2556 555 406 878 516 11 0.1998 1265 379 1464 466
Y220raQOODb2DD0N5UFJHzr0sPv65UDu,11 0.0563 1450 361 1657 423
8MO4epuI6ATgJ4zV7XzNhsbsRjUH1wv9,14 1.0 0 0 1 1
kWP7blAVLtIrxbSrIMWL5QBGOfU0qXYJ,6 0.5568 461 530 779 834 13 0.2617 455 531 789 835 13 0.2418 1189 451 1436 772 11 0.1899 589 313 779 381 6 0.0977 438 396 836 949 9 0.0661 1214 423 1445 731 7 0.0625 488 505 809 810 7 0.0573 455 377 857 899
emRTxpQgKDNfpyEBhAp5awfEd9zYzBxM,0 0.5763 1541 1316 1815 1550 11 0.1634 873 810 1094 967 13 0.1303 666 1282 1123 1693 13 0.0828 2583 2773 2722 2842
r4oKnQ8ZgNpyhCITDMmszu0x5VbdgZFs,7 0.4607 476 1204 725 1481 6 0.4024 477 1212 753 1469
4MoQsMJOYebmLnXIixLSa15GvgQ0MGXx,3 0.9984 1058 1577 2193 1972 0 0.9944 1447 718 1761 1061 7 0.9515 504 1434 1099 1994 6 0.3494 480 1367 1123 2010 10 0.2744 446 2026 541 2210
EvmBnaJ8eyFcUB3qEu3MGXGw6Lh2617U,3 0.9944 964 1395 2158 1827 0 0.9908 1309 627 1699 1055 0 0.0986 1040 611 1715 1216 11 0.0580 883 302 1097 380
UPrHvSACScuWo8NaJjGeWQcA3P2JCfh6,0 0.9984 1100 776 1435 1204 3 0.9931 746 1505 1738 1963 0 0.9217 781 767 1422 1418 8 0.8112 1400 1745 1446 1801 8 0.5560 545 2205 598 2259 2 0.1476 1395 1749 1442 1798 8 0.1049 523 2246 574 2299 11 0.0783 1175 463 1469 544
j0D5AKGPXnV3IYQX4TTMYyGMG4iKkhDJ,14 1.0 0 0 1 1
L3HaEmMR4topd56SRAHF8wLMHeMdkTjl,14 1.0 0 0 1 1
CYuuNNubLF40gz5STpu8ZKxjWvL59WDO,14 1.0 0 0 1 1
0ZtFcx3d4mknwSyoghOzJbFZbiaecwDf,3 0.1281 1004 1602 2270 2277 0 0.0521 1414 834 1711 1165
sHhXpRLIRRjZ2Bjgz086hVHbYFFawWni,14 1.0 0 0 1 1
C1JzrviHsYR0hhAtcjGwSi2qp9p2i17x,2 0.0952 2744 1560 2796 1629
pxIUBK89emyXOUHmMAfvVRbnUlY6dRiB,3 0.1065 781 1216 1515 1507 9 0.0793 18 148 492 773 8 0.0646 394 1386 443 1436
Bq8cJ9TBYb1kOvyFht4roq2tBIgEXHuk,3 0.2036 663 1257 1485 1529 3 0.1840 0 1606 1887 2394 9 0.0877 0 271 799 1291
c5SS7juaWHPDyRUv9iedaxl8y73kKahV,0 0.9945 1470 776 1790 1131 3 0.9870 1168 1490 2180 1932 2 0.9614 1601 942 1751 1078 9 0.9166 1216 519 1424 1179 11 0.8893 1716 498 1932 571 7 0.6759 1240 529 1452 1042 9 0.4758 1255 535 1554 1173 5 0.1740 763 628 1239 1792 11 0.1244 955 438 1210 647 9 0.1219 1074 478 1719 2150 2 0.1131 1514 801 1764 1102 11 0.1002 1054 438 1333 522 2 0.0764 1340 718 1791 1157 0 0.0720 1329 757 1808 1264 9 0.0670 1564 1004 1800 1502
uA7NMBjjND6JwZtKgSLlOeUbQ671LO9K,14 1.0 0 0 1 1
45JIrdwGIWQu8vkZKIZWgFMozO9a6Zo2,0 0.7975 1178 699 1424 956 3 0.2714 815 1274 1780 1703 9 0.0971 4 1639 153 2673
Rizp6H0RbDO22qVaPrfK8LJk6FRcaJKA,3 0.7206 737 1376 1664 1743 0 0.4173 1080 785 1326 1024 3 0.1408 98 1732 1994 2413 0 0.0860 852 742 1324 1222
W5v2OqgGCaLqtHiJBlYOuYivhE3rnznt,14 1.0 0 0 1 1
ZRTEr6A9gAuuSqTNMKxlAOuFAdTgiFCo,14 1.0 0 0 1 1
DkfBq7gTqZq0l21BtmX9h3eckKkDrR2R,14 1.0 0 0 1 1
hAYgngereHhR5mGYqArPg11abCs8Hu0K,0 0.9907 1340 844 1665 1228 3 0.7504 1033 1604 2087 2085 13 0.3638 483 1379 856 1579 0 0.2716 1162 819 1685 1317 2 0.1167 1494 956 1615 1099 13 0.0797 578 1413 804 1558 11 0.0655 800 537 991 643 11 0.0520 282 1945 423 2180
Y9OJ2YuARXvet7n1oOBrhuEjQDP3R7ou,3 0.5301 697 1230 1521 1678 9 0.1188 16 493 634 1961
S0Js4oiltJrjvY93PoZJoNVV9SFCZnf2,14 1.0 0 0 1 1
Xr8hYnqIk26SqhxLeGjdUAGudFvhW5Ov,0 0.1594 1171 726 1427 987
qQFb8opYVIZrmVzmeuBfynUYy0yOipaj,3 0.2442 1388 1732 2529 2101 0 0.1638 1744 850 2086 1217
9a5wUxmhBk5svgVKVsvpyzMv350MtEyQ,9 0.3274 1287 1847 1876 2273
w1qJy1FH8V8RxuJZdn4QcuDeVBP0ODRd,0 0.7229 1314 671 1621 963 8 0.1289 1042 208 1162 327
9pY9DnIIEYUEZlZe4xtJgODYqr0Ca87L,3 0.9956 1125 1591 2370 2212 0 0.9630 1599 585 1881 905 5 0.9228 2166 1413 2695 2356 5 0.9220 2310 1601 2631 2395 11 0.8866 2577 2401 2670 2552 11 0.7878 1038 215 1293 277 5 0.7615 545 598 1233 2253 5 0.7505 1945 974 2701 2389 11 0.7152 918 219 1165 336 10 0.6239 2549 2383 2678 2543 10 0.4890 508 2354 644 2500 11 0.3947 2597 2433 2665 2504 11 0.3897 993 217 1189 306 13 0.1498 537 1967 843 2157 10 0.1254 2580 2420 2660 2518 11 0.1083 2544 2385 2690 2579 11 0.0860 1701 252 1853 352 13 0.0828 683 1581 1133 2173 9 0.0709 550 2263 728 2427 6 0.0657 2257 1683 2618 2330 10 0.0650 499 2276 665 2457 11 0.0592 516 2338 646 2523
mRsjnhuUPpdprJ0Bxritxghal09mHFkQ,14 1.0 0 0 1 1
vR6IRIEvV1NwnEMPP6d73OqgJXqdRsn4,3 0.9976 692 1313 1715 1789 0 0.9967 1103 830 1344 1105 7 0.4217 1538 1474 1896 1917 8 0.0890 710 1335 753 1383
r6JOJDojGdqzqKJnF7ftFzPNAXPlzXmu,3 0.9453 706 1498 1516 1841
NRaXIIcKogFiS9l8CZLK9qCoonlp58K3,14 1.0 0 0 1 1
1lbSEO7pQp8FlAJ9XoNzQe6eOQ93Wv4p,3 0.3751 723 1186 1565 1539 0 0.0874 1010 567 1252 827
ajoJJ6cWo3bxIyXqNtDaZOBheFqF9667,7 0.9159 1582 728 1678 803 8 0.3921 1590 731 1656 788 8 0.0759 1588 722 1678 812
Fund0QoMwQl2Qmn2bvYIM6LhaqMQX17t,10 0.8446 2101 2448 2234 2639 13 0.6637 186 2262 515 2596 10 0.5213 190 2447 337 2642 11 0.3064 2122 2464 2247 2661 7 0.2851 180 2178 674 2679 9 0.2729 47 1059 1127 2695 5 0.2586 82 523 1151 2782 11 0.2322 170 2239 513 2656 13 0.2208 822 382 913 563 9 0.1447 152 2141 850 2687 10 0.1425 161 2353 398 2581 7 0.1271 203 2272 500 2639 11 0.1181 198 2437 318 2618 13 0.1156 1977 1262 2128 1317 1 0.1147 187 2246 481 2668 10 0.1110 138 2259 537 2674 10 0.0954 213 2504 319 2638 10 0.0834 1439 2400 1913 2828 13 0.0786 158 2206 680 2665 12 0.0593 1437 588 2268 2614 11 0.0569 188 2324 400 2643
Y1dfwx6pMeTDuQIxnt4gBLijPG1rswlf,11 0.9504 1459 370 1654 418 0 0.8837 1262 728 1506 998 6 0.8688 486 1014 771 1249 13 0.8647 514 1034 779 1230 7 0.8477 513 987 811 1271 10 0.7508 341 2168 433 2294 4 0.5303 486 1019 737 1210 8 0.4388 559 1048 678 1154 2 0.3715 1449 842 1491 938 12 0.2155 356 363 1107 2010 8 0.2095 511 1022 728 1199 7 0.2039 499 1017 733 1207 10 0.0951 337 2080 444 2301 9 0.0872 969 740 1233 1881 11 0.0856 840 381 1030 422 3 0.0787 943 1708 1775 2046 11 0.0662 345 2186 430 2294
34wscOK6nGlunhNyCX989G56D7TGd4yf,14 1.0 0 0 1 1
6oNTUV7jYHXGc6TeLpIjlm4n3aBLQZ0u,11 0.3193 548 184 761 288 11 0.1034 580 188 880 271 0 0.0560 1067 476 1325 751
NWOXmrAK8RDfyC0vcWjphIPZSYk7TsIv,14 1.0 0 0 1 1
sg8FVK3teoxegGUPRKPUp5ilWBsIYAa8,14 1.0 0 0 1 1
f19vxyu7RzK9PAY4wvyCk06CrJBbxXRa,0 0.1277 1254 1004 1601 1428 11 0.0908 683 529 1091 706
q7XhWnfBwOtFK9Gqlwb2nVDvoUv8NMRY,11 0.3498 567 545 952 772 3 0.2136 903 1646 2169 2180
iVMXQLIPP0dUlvVacidlhP2qMMwAnCn5,0 0.9067 1502 865 1789 1193 3 0.8244 1177 1447 2214 1840 0 0.1172 1319 867 1789 1324 5 0.1139 2008 1195 2402 1793 10 0.0510 1489 1860 2491 3028
F9n91ki8Em6wUVFhOTLvPLwrUjcQ6ksN,14 1.0 0 0 1 1
qpJOjcZWGbIqVXaB4Ko4IIeeAW0IoLDE,9 0.0505 1756 1706 2017 1854
R9ayuSdXBYhZRTDA8qVYXr1e5WYAQMc1,14 1.0 0 0 1 1
1jocvBQYRUlKr1UAiZrT1tE4KCAuV3zK,14 1.0 0 0 1 1
9WUQpn44AtUbY9BuVfc0he2ljopkmxAK,14 1.0 0 0 1 1
sDJIesWYcQ0DO4aUKsqMlTw5FAEN5NUU,14 1.0 0 0 1 1
fBQyM9WEwaPEp1Ofr0OwYlSR2rFn6gUT,0 0.9070 1278 651 1536 972 8 0.8860 935 772 1106 967 11 0.5665 1672 378 1859 510 7 0.4247 389 661 801 1490 7 0.4192 933 774 1111 982 3 0.1133 929 1258 1838 1856 7 0.0747 907 760 1145 1144
4FU8BQZGJVVasqPT9j3JuL84oxG7ntga,14 1.0 0 0 1 1
VZYH2QZtLb0dlLnU3AFwMDsvPIgCeXPi,3 0.1659 1187 1475 2343 1766
MrNJXiQXTUmvqonYeZEcXpTzNaragQX6,0 0.8719 1736 1190 1988 1422 11 0.6193 1282 868 1558 930 9 0.2002 1917 66 2667 862 8 0.1014 902 2067 938 2104 9 0.0629 900 2067 938 2099
DlygGAkruV2tgYOC5MpsI3LLunqnWm1q,14 1.0 0 0 1 1
MBp5jKel2tYU4hRcgAVTH0muTcgMxlcX,14 1.0 0 0 1 1
yFiQoOEOTP6yO3KMmiAQ5zkBjdww7icn,8 0.8423 2077 1318 2210 1447 8 0.6349 2096 1727 2225 1874 13 0.3870 2058 1151 2346 1468 13 0.3343 2084 1311 2211 1448 6 0.2916 2082 1211 2330 1461 7 0.1949 2075 1318 2217 1455 6 0.1446 2056 1064 2386 1469 8 0.0743 2091 1311 2283 1465 7 0.0586 2080 1242 2330 1468
7FAAeShacEf6FsFmuaOZu7TfN5huWW5y,0 0.8653 853 906 1430 1374 0 0.4267 1136 901 1443 1247 3 0.1752 881 1572 1847 1953
BtL8zT8qJYlwtM8VNm4sPPY2eKrFbKMT,14 1.0 0 0 1 1
yPGqQmNtqO2BOGYKeK2EHXKAzZuYqjIO,14 1.0 0 0 1 1
v5DQxvjopcdZVh1D30aJRqNtxbLMnxFm,7 0.5959 527 501 773 781 11 0.5438 419 457 669 578 13 0.5185 483 510 759 790 0 0.1562 944 867 1223 1175 9 0.1184 507 524 733 758 11 0.1028 459 441 849 580
2eR1qlrJ9RJRHykpF4kpjwSIaWu1XPgJ,0 0.9783 1030 828 1245 1081 5 0.0542 265 843 913 1799
EXKtZYq1iIpAQOdfoNjUvV7B8eVx6VNT,8 0.7579 729 578 841 713
haw6T2fPsgZNVR6Eof53oSRlKogDxKD8,0 0.9989 1338 938 1672 1321 3 0.9678 926 1840 2137 2376 11 0.4797 1470 479 1787 608 11 0.1286 1616 594 1808 686 11 0.0657 799 499 1097 624
hxeWXAXDmrO6FNnhkLVOqiGITLr7Daqe,13 0.5129 1008 421 1310 661 11 0.3196 1099 176 1427 302 0 0.0946 1726 658 2062 943
iztqko9RziVwDImFMIT2mdxFyE56zCAr,14 1.0 0 0 1 1
hQ0ZBbpTHQw4vcAnOtCqfReaYIif8odM,10 0.9521 75 1566 157 1704 0 0.4615 982 612 1184 868 11 0.3987 553 289 806 344
ZeXqazNoUTX3IzdEteaH4ECj5FXCBXIk,0 0.9989 1666 428 2097 838 3 0.9922 1243 1170 2426 1552 11 0.9119 2054 139 2199 220 8 0.8757 777 1179 826 1225 9 0.4981 780 1181 826 1228 10 0.3312 625 1384 766 1683 11 0.3027 1282 109 1465 163 5 0.2758 708 434 1395 1475 11 0.2691 2021 117 2231 246 7 0.2422 875 2089 1429 2615 8 0.2283 722 1362 761 1400 8 0.2281 2189 984 2385 1200 13 0.1844 738 963 1124 1243 9 0.1432 1429 74 1735 783 8 0.1262 2287 2654 2491 2849 11 0.0858 1992 130 2191 201 9 0.0795 857 1991 1548 2770 9 0.0786 1384 0 1844 1032 2 0.0749 753 1169 836 1235 10 0.0648 717 2298 1057 2783 7 0.0633 760 1995 1537 2885 9 0.0526 847 2215 1239 2576
4cN7PX5xOPOXYWjTVnSG05jE0kPZY3H0,0 0.9862 1232 924 1498 1196 8 0.5437 1791 875 1831 917 8 0.2653 1741 864 1837 953 11 0.1901 784 670 1006 712 11 0.1800 1376 612 1539 669
nDdfyzGZiaJrC6GNeMcIEh0LT6dCu8cI,0 0.5760 944 643 1225 955
ZwCe1LrnTzcPuFt4qK9QTscLgEtOjthA,3 0.4545 641 1372 1471 1764
7jmLVujCaOudQW2lPxgEpmUsD8C3s1Cr,14 1.0 0 0 1 1
CMlykMz86Gpfcrm6yd7CjR6b2S515DNO,14 1.0 0 0 1 1
EvXvgicU2u0ySDiSfsR2ITdLhVnN5bME,8 0.0707 535 1743 582 1799
OvuqCZuIdwg4Fe9675tulwYpPUFwxsMO,0 0.9438 1165 902 1418 1197 10 0.8868 226 1875 389 2236 11 0.1311 231 1924 430 2238 3 0.1078 785 1738 1740 2195
aWNkQB5ac7RSbcifkJobk6PGnKaOEFlh,7 0.0517 560 2360 1120 2690
oz0XXpt7dTpY6s9Gzn7BC6xMBP8t67DB,14 1.0 0 0 1 1
YU4xFoO9YWzb5FVPdMSSOftDaby1UfV1,0 0.9828 990 1064 1217 1315 3 0.8279 722 1666 1464 1929 0 0.2675 742 1055 1227 1574 9 0.0902 0 504 787 1468 9 0.0763 530 53 1841 791 7 0.0754 1 623 836 1872
t4zbHHPxpTeB9pDCshdEVa3oqBMOivJy,14 1.0 0 0 1 1
QPzxR0tC7a1RAHT40xkngearRvb57blw,0 0.9976 1308 537 1573 812 3 0.9946 890 1203 1901 1709 11 0.9848 1446 298 1846 477 11 0.9515 1463 314 1914 598 11 0.9472 725 341 1071 525 13 0.9381 753 443 1087 760 13 0.9201 1474 389 1933 788 10 0.8989 440 1698 551 1908 10 0.6992 1899 1611 2017 1811 1 0.4567 723 336 1122 612 11 0.4345 447 1722 560 1923 10 0.4180 422 1622 577 1953 7 0.3862 722 317 1068 545 11 0.3527 1884 1615 2013 1880 11 0.3495 1394 307 1789 418 13 0.2609 875 494 1099 701 13 0.2198 1586 458 1902 694 10 0.2143 1847 1578 2014 1877 11 0.2063 659 305 1124 584 9 0.2009 768 639 792 665 8 0.2000 622 678 684 774 13 0.1828 729 359 1086 650 10 0.1660 1898 1659 2023 1905 7 0.1535 688 325 1147 663 13 0.1129 622 678 691 773 13 0.1006 654 442 1113 904 13 0.0845 804 456 1052 642 6 0.0818 705 368 1131 714 9 0.0771 353 1092 517 1630 9 0.0746 436 1513 1014 1928 6 0.0736 1429 388 1948 772 1 0.0678 739 435 1127 897 11 0.0660 1846 1598 2065 1926 9 0.0657 624 679 683 776 11 0.0620 628 490 746 645 11 0.0530 1863 1251 2025 1895 11 0.0505 795 324 1089 453
umjfvh0qDr5zVgjRReXIx3zTuKI0jfbu,14 1.0 0 0 1 1
NsaUP1btFkqjHlf3939HBGHzOe4ADDpN,3 0.9970 1324 1377 2445 1750 0 0.9965 1695 541 2004 875 11 0.1700 1333 348 1459 395
Flup1fEbMeReoAKObXEOTx701X6c6qfM,10 0.9457 2658 1718 2850 1915 3 0.9062 1311 1519 2509 1933 8 0.6889 1810 1402 2454 1898 11 0.5461 2649 1729 2842 1953 11 0.1307 1100 550 1401 621 10 0.0996 2574 1728 2815 1948 11 0.0773 2460 1735 2829 1994 10 0.0746 2697 1774 2866 1950 4 0.0565 1769 1407 2474 1935 9 0.0510 441 1722 1396 2419
XTx7A0kJ1ls77sloIMQRwA70CJ3hmICt,0 0.9987 1165 547 1492 965 8 0.9843 1558 1336 1899 1683 3 0.9771 823 1401 1772 1838 8 0.8857 1593 332 1668 403 4 0.7895 1528 1324 1966 1756 9 0.6540 1595 338 1662 400 13 0.6111 1360 156 1640 395 11 0.5647 1362 92 1709 292 7 0.4260 1623 1319 1922 1571 2 0.4032 1593 335 1666 407 11 0.3867 1436 114 1672 260 4 0.3067 1279 1288 1870 1810 11 0.2972 1446 126 1623 221 13 0.2758 1652 1331 1958 1542 9 0.2722 1653 1310 1914 1553 13 0.2400 1351 178 1525 350 7 0.2237 1550 1329 1962 1735 13 0.1401 1588 318 1676 405 8 0.1398 1640 1325 1883 1562 6 0.1358 1628 1329 1985 1727 9 0.1254 1232 1287 1605 1708 13 0.0932 1397 187 1593 357
XjrhyqYgs102Mbg08vHQvHMi56SgkUgW,14 1.0 0 0 1 1
417deHuxBQcoyVAQw7ZS2UXUkqhTJlZT,0 0.9951 1051 857 1379 1290 0 0.9838 617 829 1388 1708 3 0.9807 670 1701 1696 2132 11 0.7584 437 536 794 709 11 0.6007 1180 545 1458 640 11 0.3635 539 540 783 628 8 0.3235 1727 1879 1776 1934 11 0.2451 475 523 720 667 9 0.2102 1720 1882 1777 1942 13 0.1219 1247 587 1355 660 7 0.0745 1255 597 1343 665 11 0.0732 1168 523 1527 701 11 0.0631 1297 555 1471 651
NIFaljTZzOo2B86H7iBEWn1yDmrkZ194,14 1.0 0 0 1 1
6emhGSCtdghSkmcpHBoZTcscE5B03OzM,0 0.9822 1317 634 1541 882 11 0.0638 726 287 1057 369
Rk0EGApkIJYV4YyejbJS3mDtKQ1NP7ES,7 0.7965 1629 865 1860 1213 8 0.5590 734 645 827 751 8 0.1167 1595 873 1876 1253 0 0.0967 1025 0 1253 153 9 0.0878 924 305 1179 1092 8 0.0747 1595 2291 1646 2336 0 0.0563 923 572 1379 1105
y0FVHSdiiwol7q7NThrInGgslIH1xwXQ,3 0.1827 858 1525 2086 2020 0 0.0569 1181 664 1716 1166
oc6HMwKoKYJhL2dd7MjpUfKvP4SJjmIU,14 1.0 0 0 1 1
j2bomFwfRgVpjT5aWr6mPQVhpCWAYD6i,0 0.6930 1270 710 1627 1066
9meuBJtcCZNkXbAbHuP0fZf50zDSBcXz,0 0.8451 991 704 1207 935 3 0.0814 706 1329 1495 1657
eBNvn68J6lrrZYTBaVeTN8a3UBU4lPXl,0 0.9981 1260 796 1556 1152 3 0.9137 867 1724 1931 2298 2 0.8186 1928 1076 2070 1225 13 0.8107 1908 1052 2074 1250 2 0.5582 1855 1009 2100 1429 2 0.4616 1875 1064 2076 1281 2 0.3775 1785 914 2124 1533 8 0.3481 2006 1546 2040 1600 8 0.3123 1903 1179 1942 1212 8 0.2836 1896 1155 2006 1245 11 0.2481 1443 432 1740 527 8 0.2440 1739 949 2162 1639 10 0.1954 2077 2316 2191 2499 2 0.1594 1967 1081 2055 1152 8 0.1514 1937 1157 2003 1206 2 0.1503 1890 1135 2026 1238 9 0.1342 1874 1067 2075 1264 11 0.1251 613 398 898 498 9 0.0860 1967 1073 2057 1158 9 0.0806 1944 1064 2070 1206 2 0.0777 1885 1159 1972 1219 8 0.0714 1927 1086 2071 1230 13 0.0604 1507 544 1788 922 13 0.0522 1902 1385 2089 1559
gfqt66qIwAP4RYYsXjLfBp9dD3ImoZPw,14 1.0 0 0 1 1
Mh8bGuGVCrGgX122NGVX1TI1S9dpI3AJ,14 1.0 0 0 1 1
55M2VpLzVwlpropQ9ApLdO9XT2YfYeAJ,13 0.0709 897 772 1283 1066
8QibJUl85RjBHh7urESFS02fd6oLKZr9,0 0.6645 974 639 1184 837 11 0.1434 648 346 868 429 11 0.1366 1106 382 1278 455
wHTmdsTKGLll7gmHklj155sQUp8GkyTJ,11 0.2421 736 423 974 622
vDelwe1HbOtX623mA92ZwNOxpRTJzXvQ,14 1.0 0 0 1 1
K7cV37CSbnLqnYiv2xON6ciT0fVgOnEy,0 0.0839 1060 463 1324 745
3kKxRW6fAZIN5CFwM6NkB2GX9l87ttH7,0 0.9962 1240 811 1565 1174 11 0.9342 1412 465 1742 552 3 0.4792 838 1587 1898 2070 2 0.3140 1378 927 1505 1069 11 0.2771 1588 471 1757 550 11 0.1688 738 485 1032 592
3kSY2ylpE4ux5xGNB0GsiPzcmh8ZqOYh,8 0.2919 364 1582 411 1638 9 0.1175 363 1586 410 1630 13 0.0573 317 1555 443 1653
c4UXb9jF7RVuQHa0tU9K3eDUDfQ0ppaz,11 0.2600 927 251 1144 303
f5TRi8Qd1Ke316wppAPrXlknv0cIQLUq,11 0.6849 1479 456 1756 525 9 0.2091 5 1970 92 2220
ifoSM2VtVkCjOc4ygqgjsuRSI6oGBvvv,3 0.5585 688 1409 1508 1697 8 0.4172 313 1603 352 1653 0 0.2764 971 732 1222 1010 0 0.1223 995 1 1341 192 9 0.1217 313 1604 353 1656
xtLnMpg6J3qz0MVv0U7cdh8JkuFBWSsx,0 0.9975 1106 825 1416 1170 3 0.9390 739 1373 1634 1698 13 0.9386 1656 1397 1875 1568 13 0.8161 1712 1417 1870 1492 13 0.8084 679 1302 816 1541 11 0.7314 1342 593 1586 687 11 0.5711 1327 613 1538 665 8 0.3016 1262 967 1439 1199 10 0.2006 262 1484 477 1908 6 0.1428 1604 1358 1874 1600 7 0.0872 251 1496 863 1997 8 0.0752 438 1325 471 1352 9 0.0684 245 1486 909 2040
ZBzX9detHrfYnuhhzu8rPSfWu4mBSaPy,14 1.0 0 0 1 1
JCA7nVqOxUpMfb7P8hzokHwfQsni6sk5,14 1.0 0 0 1 1
V09Ip1QSUGJPyw2VUnmfz8MfuaiS5wJL,3 0.7518 1530 1477 2472 2079 0 0.6272 1653 799 2157 1214 5 0.4787 2121 829 2660 2019 0 0.3599 1555 929 2225 1489 9 0.3359 1610 579 2470 2413 9 0.0818 1071 1796 1680 2326 13 0.0516 2203 1791 2332 1983
IsxLNvFNExEqz4g1IgigZmhFwzu4vil2,0 0.3587 977 594 1216 868 11 0.1251 515 294 862 423 11 0.1125 1272 325 1417 388 3 0.0763 492 1848 1810 2409 9 0.0762 106 1461 785 2421 11 0.0548 630 313 826 371
ZGY2XZA6uBV52vozOmKfA3Li8PFQWXQE,14 1.0 0 0 1 1
f3ZaD73mJwE63A7eSj91zL4nwPZl7zTo,8 0.6144 639 1248 695 1310 13 0.1476 1406 647 1580 795 13 0.1081 1410 652 1626 986 8 0.0855 1371 575 1640 1105
kueWmsZZ49dQ0eG4epOHir5yNPhBUBlj,3 0.9990 851 1451 1989 1944 0 0.9927 1245 779 1461 1032 13 0.2837 1877 1361 2012 1419
hqulx1G3RvCwxfHA7egps4Y9eVPc2jiI,3 0.9979 883 1422 2069 1834 9 0.0632 778 955 1318 2020 11 0.0530 1378 277 1581 495
Vg6uZevroQfXJblTqMHlzZmZ35okbxOD,10 0.9730 1796 1723 1914 1911 3 0.5677 825 1264 1644 1717 10 0.4777 1757 1668 1926 1944 0 0.3395 1121 586 1372 858 11 0.1791 1776 1719 1922 1914 9 0.1333 445 1049 480 1107
JstpaJPsXu0YOFuZ48uNeqcJfl1FErwb,11 0.6882 1563 365 1844 447 0 0.2548 1278 716 1531 974 3 0.2243 831 1489 1918 1959 11 0.0801 1584 365 1758 424
NyVVupvByIJZilDFHmvDrJM10G85v3Ny,10 0.5512 284 2065 361 2176 3 0.1683 821 1485 1539 1948
5KuqB6eI31V5F8lxYfjZeFLlHEtlgJjR,14 1.0 0 0 1 1
ECGHifnMdV8F6KdQcZubm7VkzPb0uq3r,3 0.6927 779 989 1680 1393 3 0.0685 77 1715 1994 2396
I5ojVJk2aLqgpU6fPE3uwPJdVqwMSv4Z,5 0.9066 116 519 1067 2349 5 0.5195 1260 552 2214 2456 9 0.0890 398 1968 885 2346 5 0.0862 95 348 1809 2569
FrRenhVVhAiyTYTZAzWN9C0wgPCW7XI6,3 0.2450 549 1535 1357 1803 8 0.0842 540 820 646 918 0 0.0733 845 958 1069 1193
FYOKCwmYvk0n017gWUUOPpStfokRkb04,3 0.1644 844 1286 1507 1660
xBhywRljjHAci98YyP8OtBlASCObttTj,6 0.6909 2059 602 2230 808 9 0.1868 541 2011 1085 2397 9 0.1802 617 2061 994 2274 13 0.0824 2085 667 2202 795
RY3VFjVV8xcPLonZr8D7njjbAOJvPm56,14 1.0 0 0 1 1
cVnL1fHXdGl4S5T4VQR3P01pg4EsDquf,10 0.2891 528 2186 601 2366 13 0.0814 2000 599 2236 834
cQfcI1xjbmWUaukfwID0YCx3OihIu25L,14 1.0 0 0 1 1
xk6HtV9zrfRAgOzry49EPkzMdTdbYHWP,0 0.9105 1035 773 1248 1014 11 0.4921 1139 423 1439 555 13 0.3310 1268 600 1417 958 11 0.3161 592 439 867 545 0 0.3150 1107 9 1427 219 3 0.2729 714 1460 1558 1844 0 0.1884 1044 12 1445 362 10 0.1453 236 1860 292 2001 11 0.0819 763 454 935 511 3 0.0793 523 1894 1842 2402 3 0.0644 666 12 1584 456 11 0.0559 613 397 921 518 0 0.0543 701 8 1490 524
XxtKyQ6RfOI1MbVkSjsnBbez0wtZKdzd,3 0.1718 850 1301 1988 1843 0 0.1161 1416 592 1717 905
53Hq74SeZ2D8grLrgRF3b4q8FHkXpwtc,3 0.9315 1195 1444 2153 1851 0 0.0505 1508 779 1777 1017
tc2oEtjDCFKRzPNO1d48c8BJqtS3sPpU,8 0.2126 400 1261 485 1348 9 0.1691 1680 666 1947 1131 7 0.1421 1366 1311 1627 1739 7 0.0944 390 1273 834 1905 6 0.0731 1391 1335 1629 1737
YZn4Mvf6lMJflmfXYEZTxc22uEI8MQD4,14 1.0 0 0 1 1
xBOLIMblq2H5SEisPjmYuNMwH9A0094E,14 1.0 0 0 1 1
qH84WGnOyai2HaV76caMGSI8fn2oHKdx,0 0.9927 1660 636 1966 949 3 0.9351 1313 1492 2324 1910 12 0.1665 1736 298 2568 1101 11 0.0647 1852 312 2038 369
eSJPrPnlxoctjkzvLODuhdcetvs0BMju,11 0.8236 1867 291 2099 409 0 0.1568 1490 659 1776 976 11 0.0828 1908 300 2176 487 8 0.0672 747 2744 934 2944
vt3HR5jgFIOy2YG6P82C9vULKYFV8ftn,3 0.0581 742 1360 1946 1815
FLoA4sviLzfJAHpd0qVkC20PmGM0yiNr,0 0.6109 916 818 1152 1081 3 0.4644 630 1435 1516 1801 7 0.0617 39 766 640 1787
RNOyL4SZJHc9t3Qi14ymL2b1opEVUCsv,14 1.0 0 0 1 1
RxmJT6MzhL87scCQR0Uj8OUStkSumdL8,0 0.0623 1375 980 1697 1359
UQCTOizaGHzN8PGyZNob5abOotJhVifj,14 1.0 0 0 1 1
HjWM0kOdpH1YVd6iuGToTzYpRWSqkcs2,0 0.9837 1331 973 1585 1223 8 0.9454 782 1049 1114 1484 7 0.9065 787 1019 1127 1477 3 0.7761 887 1883 1965 2350 11 0.5080 1611 555 1874 672 10 0.3999 2089 2301 2206 2501 11 0.3291 2097 2263 2229 2546 9 0.2000 786 1030 1092 1437 8 0.1973 601 2146 894 2441 11 0.1224 1466 528 1873 700
DA0tEEmD0W5wNdw6SIGBul5SB0AbeWBF,8 0.0836 352 1513 394 1570
5Y97fePJHkL64O49YMc8Qh2ytNRa9yxr,11 0.1017 762 304 963 375 9 0.0616 0 1285 187 2480
MxZvbAA0f9j9ksmT0BplpBdCCvZpTgwt,2 0.0707 1523 481 1617 582
0gbX2WOu9h2exBnDmahjFON7oC8lStpJ,3 0.9937 837 1465 2107 1908 0 0.8504 1276 774 1651 1207 0 0.0790 876 761 1660 1388
gyWua3OzwSfCGSkTnLfcrYidboNHhug5,3 0.8790 1406 1681 2543 2266
rC8WLSy9upC3bdRRI7cGwQWJD7DJC0B0,10 0.9265 189 2061 285 2216
uLDsgnds07vd5I3ehFIccmeGNtUKShx5,11 0.2116 687 414 945 498
juk7yPU8r03t6GAvjHK2VL7xuMSUe4ZM,0 0.2749 868 0 1420 385 0 0.1244 1031 859 1267 1117 3 0.0626 763 1460 1572 1755
nP8H4CuRODOoICuv4iCvwCj4GFn0EZPB,3 0.9981 1120 1360 2180 1746 0 0.9903 1464 796 1745 1061 10 0.1911 2252 1625 2376 1824 11 0.1868 1029 519 1248 571 11 0.1040 1861 532 2041 670 10 0.0977 2261 1612 2436 1907 2 0.0632 1575 844 1712 1021
eec2jMu4DbrsWak6XRMbjcXQZIU1mO34,13 0.7213 1628 616 2022 910 10 0.3640 219 1840 314 1983 11 0.3131 565 209 799 362 10 0.2091 205 1827 326 2059 5 0.0893 319 503 1033 1818 11 0.0625 1916 331 2023 460
O76me0W01VADFtCS2IBZL48cDbJDh2Yy,0 0.9657 1212 1250 1513 1633 13 0.8264 640 835 968 1092 9 0.1872 591 824 979 1096 6 0.1718 633 833 998 1111 7 0.1549 620 843 998 1102 11 0.0916 584 787 745 917 11 0.0614 626 804 756 891
1aPKcSSFA7aq5UO5oUQC9oepvNnXPo1S,0 0.9985 974 534 1294 887 3 0.9910 654 1148 1643 1552 0 0.0579 673 513 1306 1014
BzxHjkxqROyAe80FDZ6pkfWRXahLAwLE,3 0.2166 871 1418 2067 2029 5 0.1304 1324 257 2376 2125 5 0.1145 1548 932 2377 2001
I82BE4bA8bKPKEjCd09yrrGEENoxmV7J,14 1.0 0 0 1 1
be5SuVE42twUlfSw93z9LzDU5zTpKFyf,5 0.3233 1245 312 2234 1991 0 0.1681 906 579 1504 1157 5 0.0947 23 244 1194 1807
JonKUcDO1aRkE6UJ0PJhjGcD0kA0RdJe,10 0.7533 2246 2551 2366 2689 9 0.7137 440 2195 979 2674 11 0.5740 2271 2568 2368 2695 8 0.4755 1769 839 1883 940 11 0.3926 2241 2529 2363 2721 6 0.3447 467 1589 694 1804 7 0.0956 468 1612 672 1801 11 0.0840 2196 2456 2380 2780 11 0.0728 2286 2608 2360 2682 5 0.0690 344 1617 846 2186 10 0.0534 360 2643 459 2822
qfO3t9NRN19vedNkVVWavbqCXSupacNa,14 1.0 0 0 1 1
V1Ng7I1TRRF7U4KYHTm1t0LZFmdtLiga,0 0.8879 1280 559 1611 886 11 0.4877 1484 251 1808 338 11 0.4341 1547 232 2003 395 11 0.2311 1759 237 1980 387 11 0.1629 515 303 724 430 11 0.0774 1420 225 1873 367
ifc4bSufIrbN8zGygi7yiM7QeybY14oa,11 0.5702 1687 651 1960 729 11 0.0771 1836 647 2061 771
pHGsK0rqsgP4E1FcrnepLm2lpWZSKkD4,14 1.0 0 0 1 1
Dy0cySaSnSqXX1mDkFq6UeDm7Cw56VCF,3 0.4168 923 1626 2186 2284
PYA3timRdK3RdMW4gjepdYMa1NT1v2Uy,0 0.9967 1300 679 1614 1066 3 0.9875 905 1345 1856 1701 0 0.6870 1045 658 1593 1169 7 0.4335 1717 1060 2132 1728 7 0.0607 456 1154 1005 1611
unLgSrjOi04bHAcYNQYjwkhD8iFM4Qkn,0 0.9952 1236 650 1519 965 13 0.9699 1996 1746 2185 1850 11 0.7958 232 1885 406 2112 10 0.7888 2085 1743 2218 1955 3 0.6662 919 1515 1875 1893 10 0.6196 241 1866 373 2080 11 0.6106 2119 1777 2231 1947 10 0.4872 2122 1788 2233 1984 5 0.2446 327 1034 879 1836 5 0.1672 1766 1096 2096 1639 10 0.0764 226 1801 419 2100 11 0.0698 871 300 1060 359 11 0.0695 2094 1790 2217 2036 13 0.0685 2047 1771 2172 1844 13 0.0573 543 771 901 1096 1 0.0533 1984 1693 2235 2008 11 0.0513 249 1933 375 2086
QbKaalQ4RuWVx0lhqgIaxPF9HJhRDJID,14 1.0 0 0 1 1
NgKu9TptH9KZlxnSemPnGdKWsopkK0Wo,3 0.9959 861 1379 1958 1826 0 0.9883 1278 757 1591 1067 13 0.4994 403 885 546 1030 2 0.1014 431 948 610 1167 11 0.0791 1396 363 1569 498 13 0.0697 433 921 579 1143
nrGH9Gko3znjN8BnxKA6dY6x1NIUb3SL,11 0.7355 1691 251 1959 379 11 0.7215 1702 236 2103 487 13 0.1272 1680 313 1901 638 13 0.0594 1724 441 1883 658 13 0.0587 546 770 709 943
ZdTCkajFmMWY4E0GEUwVWbFkLZ0laePy,14 1.0 0 0 1 1
nTZluTK6UEfoSjUGyeU5j1tKdZ6Ls92R,14 1.0 0 0 1 1
y5o86a856BXjcHDTnSTebvzqxg6jiLXe,14 1.0 0 0 1 1
rwssdO8o0v6ptyVfKxAG6KwQUGS4vM9U,3 0.2024 767 1310 1470 1606
Q6QMhsnF4YI7raaLmDaZoAUdbu3QduAI,14 1.0 0 0 1 1
kXQbED8nk8GCeaFWFyu5fXyqZ5p0AVxJ,14 1.0 0 0 1 1
6hum0FvVVnzQDjkEPSRHlYkoPUcMoQpJ,3 0.9761 754 1255 1678 1591 0 0.0613 1050 579 1353 940
nIda8pLJfOEQkUqvKx1UWVh2llfYa8ce,14 1.0 0 0 1 1
e4JxAZ7dgGKFr5XNQrJl1jdEhaZnNz3V,9 0.0507 0 391 67 745
CoEwoeGGnNcEOmS5zw4HL1rYcPXW8naA,14 1.0 0 0 1 1
LXjztzSN8nJpfACQKjY6juct142t1Eo2,0 0.5059 790 679 1330 1285 3 0.1670 760 1327 1584 1599 9 0.0942 48 1219 728 2302
9yH7OeV4naYCLxiR4tFdpgsEvThnDUlG,10 0.9934 153 1274 912 2018 0 0.8188 1039 860 1295 1110 7 0.7973 335 845 919 1564 6 0.7238 301 899 931 1675 4 0.5477 266 1342 890 1764 7 0.5111 242 1159 921 1771 4 0.4582 425 961 868 1468 10 0.3307 154 759 959 2185 11 0.3044 411 580 737 844 11 0.2547 458 550 932 821 10 0.2427 199 1321 699 1776 4 0.1734 283 845 921 1741 13 0.1221 263 1339 612 1468 7 0.1211 357 634 924 1283 13 0.1202 244 1274 718 1488 7 0.1004 520 545 943 784 8 0.0778 1525 1181 1578 1243 11 0.0776 236 562 791 1231 7 0.0622 393 539 752 826
ZzzDC44zdNsbRbDj18sncoeGLfMgIghh,14 1.0 0 0 1 1
sEI8DvtBjI5pIY8yr11kG0hD2ppVcOfS,11 0.0665 716 487 1040 583
fOQrBcJVvBT7w041bWaw6khnlhOQf1Rt,0 0.4653 1401 841 1724 1203 0 0.1625 1074 878 1698 1444
MYIuvZ26lMNDgzkgehdU05SRKQAIkAAa,11 0.0615 1831 571 1940 667
xDN8XcwOuARRH0wA2RhShri68Ev8hp1r,14 1.0 0 0 1 1
Rkvj5ptBGs8bnT6BZXjXVOB5dZiu3tYQ,14 1.0 0 0 1 1
duiGai1oARHxBEQJbUe9tlLzM2368Uq6,0 0.9643 1095 529 1331 780 11 0.4169 604 169 847 257 0 0.1210 786 513 1322 1190 11 0.1011 582 167 760 292 3 0.0760 742 1400 1613 1648 13 0.0549 537 467 628 549 13 0.0547 425 1169 651 1280
Bszgqvns0pXqa35FrX1LRiVSikaZA3W2,0 0.4258 1545 657 1845 949 8 0.1305 727 555 772 603
cbsAu2KqXZ9zt1zhOWvfdhNJshlZzmS2,0 0.9632 1224 799 1537 1191 9 0.6077 1 1104 158 2137 11 0.5463 635 434 1039 578 2 0.3669 1318 851 1512 1125 5 0.3176 1320 586 2177 2268 9 0.2054 2200 1988 2250 2453 9 0.2035 896 1119 1357 2425 3 0.2026 888 1726 1890 2230 2 0.1918 1235 767 1557 1156 9 0.0936 0 1184 97 2444 13 0.0650 1918 1888 2065 1999
0oTAOq4uJjYg1MEKmiZFeYK4EjJyuFi5,14 1.0 0 0 1 1
IhV6jEGYmt425MzMUJZ7cjcTSV6BZB5j,8 0.5703 637 615 741 692
KmP7f1oyd0DPoYNDR3BbZUUEoPL11e8O,14 1.0 0 0 1 1
RtI7lwDDk3Ursxc7SMMV3VcIRx69CEYb,14 1.0 0 0 1 1
8kaUDlrOrK3Xpw2GNwb8YIzWhUVS710Q,3 0.4419 882 1541 2036 2081 10 0.4402 241 1882 358 2227 0 0.2641 1127 817 1461 1168 10 0.1996 267 1932 363 2123 13 0.1896 293 1868 402 1979 11 0.1359 239 1808 336 2219 11 0.1114 4 1244 82 1504 13 0.1015 315 1882 382 1972 5 0.0746 215 719 991 1997
INNVdOicE10LTkYNZoYJGPddHueCVUHu,5 0.1916 1318 1168 1725 1640
lWyoZAuI52kLquumRQ8TTUcqK7pqwXWJ,14 1.0 0 0 1 1
RkeGkC91a1oBwnSSKIOEX239LfGzBIhM,0 0.9926 1176 409 1441 719 3 0.9800 830 1208 1702 1560 8 0.4123 425 1202 517 1306 0 0.2925 926 352 1420 1062 6 0.2449 411 1124 886 1466 7 0.1961 380 1158 823 1466 10 0.1604 1793 1548 1909 1771 10 0.0748 1774 1428 1923 1788 11 0.0747 1799 1546 1918 1795 7 0.0728 327 1095 915 1742 9 0.0725 403 1168 800 1469
nUmFz3H6EII4EoZsDjZU0EIflhRIeJoJ,9 0.9971 338 1464 1047 1815 0 0.9657 1320 461 1617 767 9 0.5400 492 1478 951 1725 11 0.3511 854 137 1109 230 10 0.2421 288 1721 477 1873 3 0.2394 983 1337 1952 1613 9 0.1292 222 1372 1131 2006 9 0.0715 296 1505 867 1943 11 0.0598 527 1490 842 1667
OnBHGkmNqtyyF4GFWxwQpshMPAkuGPc9,0 0.7975 1002 767 1245 1047 13 0.7273 1582 1421 1758 1480 3 0.2373 737 1569 1564 1917 9 0.2087 103 1833 772 2365
ISYjaz5yWGdV9rU1zcIYLlMVMmGTmbHY,11 0.1449 698 318 870 353
eYv4k0g1DdWeIFNpyod4FLbVQMV8vpxP,14 1.0 0 0 1 1
70nN5ZXlcNfzOFUx5N4uzq7ULAXpIXsf,14 1.0 0 0 1 1
qppUtM1GilpRdfcFGzVIyo4wqPIQJOFw,0 0.7466 1022 793 1243 1030 10 0.2879 1729 1992 1800 2148 11 0.0566 1229 478 1412 515
Or1AjIbRyOpiceGkiRLumKeHf6vJxVne,11 0.2446 1670 438 1860 491 11 0.2186 1758 424 2022 574 11 0.1816 1698 434 1937 502
TVf1KM0mwg5We322h03qa2ZNlElF2hgu,14 1.0 0 0 1 1
kqkOBgxEE3GqxuKbcsDMSFQiF772jAlg,14 1.0 0 0 1 1
YeslBYUPDsLCYvcN3FKPjTiCEiA49RiI,3 0.1676 898 1507 2105 1950
oFnQjY6g1Ogg3KFUvU5QR4P4gzIgnmhh,0 0.9790 1275 714 1600 1066 10 0.5194 314 2095 445 2244 0 0.0724 1183 1992 1834 2712 8 0.0575 523 1773 622 1891 10 0.0515 2151 2005 2256 2210
zgM73nYZbME8dYvYeRm6J5c56iTWdXXD,13 0.5538 678 481 986 809 7 0.4943 678 485 929 740 13 0.4475 673 509 862 726 8 0.2251 780 591 849 661 7 0.2004 672 343 1166 915 3 0.1773 1050 1502 1968 1933 13 0.0920 638 352 1127 947 6 0.0771 675 452 1101 838 11 0.0564 1616 266 1811 327 7 0.0504 674 480 1067 830
9sp2NxopHTbA57HIzAkLOa3fUUArp2Uj,0 0.9916 1079 582 1292 813 11 0.6604 1203 302 1389 351 11 0.4748 728 257 923 322 3 0.4171 817 1266 1616 1590 11 0.0705 761 286 923 337 11 0.0693 1261 300 1421 368
llXsB94LSKfiFDTmVqQ8qK5dYtQEyJdN,14 1.0 0 0 1 1
Cg5ce57o0tAiJQGuAGEuZUvGEppb9EDX,3 0.9208 998 1276 2055 1626 0 0.7808 1375 579 1675 928 10 0.2112 429 1645 520 1826
BIujRGnHM49LHe7gEf3CWWyYhrvLDSE4,0 0.0848 1072 679 1283 928
ucH6oPEveNa1JiBERVu6qdIAmDLlfOqa,0 0.9592 1156 536 1442 893 3 0.7202 796 1369 1765 1785
0RCM12XafWFNMGvjNtIqtLETD7CFWkmf,0 0.9686 1195 858 1801 1301 3 0.7521 992 1420 2131 1998 0 0.1271 1263 810 1847 1933 0 0.0782 1053 1156 2022 1910
XVCFBgFLsTyaVSm0dsaPMjQylYy6iuSG,3 0.1889 1103 1695 2196 2212
f7EePFPTz8MCz5cdOF55sdSwELW5WefR,5 0.9659 624 1008 1374 2180 5 0.7477 657 465 1534 2069 6 0.7283 693 371 1561 1453 5 0.6878 1853 562 2687 2304 6 0.6618 1976 521 2648 1938 13 0.3860 801 701 1273 1138 5 0.3414 696 1140 1179 2020 13 0.2285 727 516 1488 1585 7 0.1815 746 512 1462 1605 5 0.1529 2017 795 2586 1857 6 0.1238 494 369 1572 2170 5 0.1144 760 446 1535 1349 13 0.0920 2187 647 2414 877 13 0.0873 1892 818 2662 1874 9 0.0799 1951 739 2634 1821 6 0.0635 859 753 1307 1154 2 0.0569 830 583 1268 1160 8 0.0567 789 383 1500 1342 6 0.0525 787 557 1384 1200 6 0.0511 931 823 1246 1093
cWWIm1UY9nOubjHLH4axayXVaCh2QePg,3 0.9969 739 1178 1653 1651 0 0.9703 974 570 1240 882 0 0.2124 837 541 1249 954 0 0.1431 916 491 1346 1602 2 0.1012 1056 600 1205 816
VkQ1L3VR35KedMqtGVVxGPwfxyOen72o,0 0.9792 951 673 1219 964 9 0.4904 0 0 697 454 11 0.4630 491 354 827 566 8 0.4318 380 1299 433 1357 11 0.2207 1120 382 1318 491 0 0.1738 670 669 1221 1274 9 0.1152 0 3 817 903 10 0.1038 0 6 603 459 3 0.0790 587 1246 1402 1773 11 0.0723 515 464 717 527 7 0.0708 492 360 852 728 7 0.0628 1373 1574 1496 1761 11 0.0530 529 390 741 512
xXY7V3cfSa78sn4ZRpBUZwVwkfrxhDeg,13 0.1321 2112 665 2294 798 13 0.1120 2174 695 2290 790 11 0.0811 1067 285 1299 329 10 0.0759 627 2333 728 2474 11 0.0717 1055 283 1401 352 13 0.0529 705 963 1021 1088
BMbMvFsiXKtljNKGZ2YlgjLEDDjpvIsK,14 1.0 0 0 1 1
cOP7LOnKKAuTJem3AZWse9OlKvgEDiRH,10 0.9759 174 1897 322 2089 10 0.9635 133 1797 991 2246 7 0.9022 440 1560 698 1781 9 0.8237 2078 1418 2296 2668 10 0.8163 160 1869 434 2125 9 0.7827 534 2343 657 2397 10 0.5666 160 1875 801 2155 10 0.4981 189 1927 295 2042 9 0.4866 0 1374 200 2812 4 0.4746 391 1526 734 1798 7 0.4523 299 1792 876 2006 9 0.4207 180 1842 846 2031 8 0.2848 421 1570 683 1754 6 0.2348 362 1493 779 1809 7 0.2243 178 1795 1115 2335 7 0.2030 365 1472 734 1807 0 0.1219 1078 969 1367 1333 4 0.1195 173 1712 1035 2281 9 0.0961 6 1545 192 2274 10 0.0959 155 1930 594 2106 10 0.0889 131 1809 328 2143 9 0.0880 208 1741 1115 2186 6 0.0867 453 1554 703 1775 11 0.0682 165 1889 306 2090 9 0.0651 13 1452 298 2491 13 0.0551 353 1547 687 1759
fmQNAv6mwxPzPLUvejW2GoI6FJJC9kCG,3 0.0954 1446 1697 2497 2262
bnLPmzbp9yYlONihcKB1yHQJuPgdvF5H,13 0.1313 1650 670 1739 728 9 0.0903 310 1655 927 2068 9 0.0513 418 1667 855 1927
NanmFDD1Td0dAcq00RydbPGsf9rl7AfH,0 0.9940 1397 817 1678 1108 2 0.8450 1527 849 1653 1018 3 0.7631 970 1621 2104 2107 11 0.1015 1904 434 2118 594
ZG4dzEOgwXy2FYwqKLGT2XGD8qjDHZco,14 1.0 0 0 1 1
pxmEv1omRMpNxyuc0j5NnCtw9wPBZq0X,0 0.9973 970 495 1264 841 3 0.9864 637 1328 1593 1731 8 0.4959 369 1369 451 1451 7 0.2753 360 1356 441 1450 9 0.0928 361 1360 441 1438 13 0.0561 360 1352 449 1450
BgCHxGry0skLcvjQET0xJvXfF273ziwk,8 0.8554 923 690 1388 1173 4 0.7688 853 592 1429 1160 7 0.6771 941 620 1423 1201 9 0.2237 808 440 1426 1168 12 0.1535 527 387 1525 2079 9 0.1211 547 419 1499 1912 11 0.0858 976 458 1147 549 0 0.0653 1590 802 1880 1087
3JkxuhjhevViAQiFlXrVqit09urCr3ua,0 0.9938 1358 591 1703 947 3 0.9840 878 1015 2125 1526 10 0.9071 303 1470 1243 2080 10 0.8512 335 1636 864 1994 4 0.8232 531 1174 1110 1630 10 0.7997 324 1581 555 1941 4 0.7983 508 987 1216 1814 7 0.7833 436 972 1111 1682 3 0.2768 627 1095 2085 1845 7 0.2713 1789 920 2143 1234 11 0.2205 880 315 1220 412 10 0.2190 313 1510 657 1994 7 0.2147 444 1499 578 1695 10 0.2086 334 1528 493 1860 7 0.1914 1600 898 2218 1417 9 0.1868 1489 832 1821 1280 13 0.1839 2058 1202 2162 1270 10 0.1796 359 1700 666 1904 10 0.1752 331 1555 1341 2565 3 0.1434 1033 999 2011 1291 7 0.1238 513 1213 1130 1618 9 0.1119 1402 1085 2260 1742 9 0.0918 797 866 1231 1478 7 0.0858 344 1478 1450 2681 1 0.0857 357 1312 1050 2187 9 0.0856 516 808 1521 1860 11 0.0795 314 1593 545 1930 10 0.0788 1597 967 2249 1717 7 0.0786 1549 857 2018 1228 7 0.0737 882 950 1125 1300 7 0.0726 407 1059 1285 2089 7 0.0722 466 1468 1179 1879 4 0.0676 461 1135 1399 2088 4 0.0649 464 1457 1214 1902 10 0.0644 375 1249 1066 1982 11 0.0624 502 1258 1151 1663 11 0.0543 1542 377 1762 464 13 0.0525 568 865 1115 1515
21A9UyZBQYzt0iTNx1DlkogtV6olP2jc,14 1.0 0 0 1 1
3H0BoQlBy2kwDuv3gk11jrw91ejhkSr9,14 1.0 0 0 1 1
oBdvFBMVHJiNX3lFgrS9obJOqlHBgtX4,14 1.0 0 0 1 1
RRpmZMvaqjpKMH2dmLSRsUxQwRG43eV8,14 1.0 0 0 1 1
ClXk7qKC6rBBYZQLfSKsiKpsetIgWRaq,14 1.0 0 0 1 1
cQGMNBi3zRSiojZ8ExUIFgCRQphuu4ne,0 0.6199 1177 567 1468 901
Cf43BNl91nQb2L7bX2dVfkaHCTx84rLT,5 0.4637 1358 233 2358 1779 5 0.0975 1377 205 2245 1130
Xd0kOHevF4A1HwkfykjLHPV6hVqIaE8D,3 0.7738 745 1371 1586 1732 0 0.3155 1018 693 1257 954 7 0.1782 340 1111 715 1737
QT9ipUIUWOONL5h1HsVKarqk8bfugTN4,0 0.8322 1239 877 1587 1309 5 0.2322 2136 1856 2296 2084 0 0.1341 885 895 1598 1531 11 0.1265 763 549 967 596 9 0.0927 2162 1908 2286 2071 11 0.0731 2132 1900 2289 2117 10 0.0563 2191 1975 2313 2184
DYmwgtQDf7Vs6JXotk8poyq1dpAHgiLT,0 0.4050 1357 660 1698 1041 3 0.1139 1012 1418 2199 1813
EKIyOF3Dt7C8slPFlMKZEuCGXDGbywcE,8 0.7767 587 695 709 821 13 0.7708 575 684 710 820 7 0.5340 589 683 700 817 13 0.4993 540 610 773 932 7 0.2093 553 608 746 898 11 0.2065 667 437 837 557 10 0.1239 2241 2447 2364 2652 10 0.0943 219 2335 302 2518 11 0.0717 806 419 1055 464 6 0.0557 586 678 702 811 8 0.0509 726 709 769 766
PUAirKTj7KDiAaC5QtEbM8uysHZnPzCj,3 0.2959 754 1042 1578 1446 3 0.1059 80 1695 1994 2406 9 0.0550 121 1066 965 2362
qXWWgDP4BgbitkX1sjkXi6Nj0gUhlXlV,3 0.2398 750 1090 1464 1423
yGWkBfGdmeKWXXWUoJkEiCHyEQIboUFb,0 0.9945 1084 590 1357 894 0 0.6101 763 582 1370 1201 3 0.4220 544 1193 1543 1739 9 0.3503 16 2416 217 2868 8 0.3041 322 960 441 1069 7 0.1948 520 910 1036 1696 0 0.1376 960 591 1357 1021 9 0.0913 515 915 1078 1778 13 0.0659 326 945 435 1061
lDtwxhJ9EpVSEw7GUeCQmWlgSdfF3QU6,14 1.0 0 0 1 1
K4M1YI1Un5fBW4Z1kbR7BtrWj0OOY2Vy,3 0.9324 1306 1389 2492 1831 0 0.8970 1716 801 2032 1121 11 0.5674 1283 401 1528 503 11 0.3896 1120 394 1520 529
frrUeRUyayBeZKyLeqC80pMhFFRMq7L5,10 0.9578 123 1940 229 2083 0 0.8448 1090 694 1341 1000 11 0.6490 133 1985 208 2087 3 0.5700 832 1415 1711 1917 10 0.0888 94 1875 257 2138 11 0.0557 1230 452 1400 504 11 0.0545 123 1969 230 2115
NdGtzK1djFt8mm6V4pVro70IRpj8dh6P,14 1.0 0 0 1 1
AwTzAAA04DxuRAcEkXMSmBurX7GFz581,0 0.2646 1244 1062 1515 1338 3 0.0843 924 1743 1929 2148
T2evquJPSNswHq0UDDXH1BYYr0ohf19B,5 0.9831 90 165 1053 1940 0 0.8878 767 407 1381 965 5 0.7396 552 158 2156 1995 5 0.3594 162 747 720 1952 5 0.3330 1281 193 2042 1845 9 0.2543 0 597 254 2280 9 0.2492 4 800 166 1357 0 0.1729 1025 429 1369 877 5 0.0977 195 1531 489 1891 9 0.0823 918 168 2125 2223 5 0.0812 282 428 808 899 5 0.0668 217 232 907 1240
T6EGBUOAUy1JFM2QkmgEXfQAXYuX0TOF,7 0.9768 1138 462 1855 1570 5 0.9678 346 540 888 1511 4 0.6259 1194 417 1835 1400 11 0.4341 1237 390 1750 651 6 0.2552 1104 412 1874 1554 13 0.2192 396 588 820 1257 7 0.1362 360 625 760 1320 7 0.1211 522 450 1868 1648 3 0.1121 889 885 1780 1574 1 0.0937 1245 392 1755 690 5 0.0905 1103 518 1860 1536 8 0.0900 425 523 860 1223 13 0.0888 322 445 910 1550 7 0.0797 412 720 722 1158 5 0.0728 543 431 1752 1651 6 0.0663 287 381 987 1482 13 0.0528 1082 491 1940 1626
zMf9S8wVzQ2npdRQlmF3xAMNuDurUfmK,3 0.1978 616 1142 1621 1599 3 0.0808 0 1489 1994 2377 11 0.0662 1689 1363 1808 1557
b7x1sprZClm6DTay5ChLEWAl15OKZPXJ,3 0.8543 568 1106 1525 1475 0 0.6978 933 343 1184 618 11 0.6470 525 79 781 156 13 0.5533 533 1079 604 1247 11 0.2820 506 87 721 192 9 0.1623 43 1303 884 1937 9 0.0976 75 1236 1354 2189 7 0.0911 23 1303 873 1980 4 0.0552 11 1129 918 1960
XX3knnurxFLeUB0vqlRObCsrEXGxbGqd,13 0.9968 2143 695 2697 1425 13 0.9176 894 1326 1184 1656 2 0.8577 902 1302 1188 1632 0 0.7231 1835 1090 2192 1505 11 0.6613 2091 543 2406 663 11 0.5515 2052 504 2516 693 1 0.5082 2051 675 2739 1500 8 0.4240 1094 1694 1167 1758 6 0.4133 2188 781 2747 1413 8 0.3562 2441 1516 2501 1564 11 0.2728 1150 660 1546 790 2 0.2724 852 1322 1283 1746 11 0.2480 2093 515 2614 826 11 0.2231 1994 561 2370 726 13 0.2170 2544 1446 2811 1586 11 0.1402 1237 682 1469 755 13 0.1103 2217 784 2557 1225 6 0.1027 2522 1441 2800 1587 8 0.0571 856 1306 1259 1757 7 0.0543 2550 1455 2771 1587 9 0.0526 906 1321 1280 1685
GF2UswQDt0HRm1AYplsxAsKm1SOMCadn,5 0.9883 157 332 1162 2044 3 0.9877 751 1591 2318 2148 13 0.9554 532 645 710 759 0 0.9196 1402 796 1825 1267 5 0.9136 1698 650 2648 2247 13 0.8658 473 480 1111 1129 6 0.7107 523 519 1109 1135 11 0.6429 597 235 1211 531 8 0.4591 2276 1909 2360 1992 9 0.3870 705 1163 1362 2202 7 0.3420 635 1379 1266 2188 8 0.3370 1685 1154 1789 1260 0 0.2352 916 760 1836 1460 5 0.1805 107 1084 964 1959 13 0.1699 504 617 785 805 5 0.1212 362 517 1130 1329 5 0.1185 2000 1091 2618 2197 13 0.1099 491 531 1020 922 9 0.0857 2275 1924 2356 1987 7 0.0658 481 549 999 952 9 0.0623 625 595 1070 1135
MiORVUCojPUejwHlVzhwe2OiUaGOTUAz,14 1.0 0 0 1 1
nbugRLXVj9OeKpukjlc9jPEVs2enjNae,14 1.0 0 0 1 1
FC62HvDeyxYm85XK3lo6RqXpifzRgFF0,0 0.7300 1687 854 1964 1106
OnShIXsYH9Nxv3QZ54mxTFL2YBRMH3U6,3 0.0785 1075 1429 2153 2010
8gmqm2xy59FGnpMd5eQKXB85Fm6XVy4a,0 0.9955 1138 833 1474 1206 3 0.9955 789 1480 1897 1912 0 0.0524 1169 0 1584 230
hHxrC23w9PiSkYLOCm7mjS4MKXNYCHMY,9 0.9480 131 1777 685 2228 10 0.8205 134 2139 243 2277 11 0.0918 645 389 786 427
DY5JjToNWQ2hpXeYWeQPQR1s3lDG5xiT,8 0.3433 1233 1427 1349 1548
imvfH5MFTqukzuJ5u8fvVAFLedWttXu8,3 0.9125 812 1344 1776 1799 7 0.1086 503 1123 893 1608 6 0.0795 506 1144 890 1673
PGmosNQHeNDZPldJxSZU7rPtHZEfgBlu,11 0.3781 1113 295 1359 381 8 0.0604 316 1412 416 1479
17IqLvKcWATVTV9SnehZ8fcQqcoFbJSo,14 1.0 0 0 1 1
9iMdiSAA9neSdh4tQZUd8tKEeTENPLPj,8 0.3861 474 1244 615 1386
OvJTS5OmY7NLcjJrsqwlHs4vtyJvTaW4,14 1.0 0 0 1 1
0ZIqaJOn2jJtyTUrElZlBlkspEsCz1f5,3 0.8990 720 1111 1660 1479 0 0.6176 1025 462 1270 731 3 0.1250 615 1459 1935 2363 7 0.1080 1163 1352 1972 2139 9 0.0668 61 1281 1563 2430 9 0.0568 1144 1311 1967 2342
wtSuWP92Qw6NmHOiLKabtkorc89CnBSl,13 0.0717 609 530 674 701 0 0.0516 1285 691 1562 990
3fXEppusCOCQyi512wDpswftgGqda4w8,13 0.3374 1694 1789 1774 1840 9 0.1074 1746 505 1956 836 3 0.0618 821 1509 1537 1766 0 0.0603 908 0 1371 155
Jzs5BGgProDWOfF5RsudLTvBMhNBlUfZ,0 0.9879 1568 726 1903 1074 13 0.8163 1874 445 2142 761 11 0.6639 955 335 1301 444 3 0.5402 1159 1570 2287 2111 8 0.4651 2233 1066 2339 1164 11 0.3729 2075 392 2332 609 2 0.3587 2312 1292 2398 1366 2 0.3035 2175 883 2420 1216 8 0.2051 2087 740 2458 1302 13 0.1834 1955 502 2223 725 2 0.1795 2230 1056 2347 1174 11 0.1387 1923 339 2303 561 2 0.1327 2208 1072 2327 1145 8 0.1277 2225 1004 2393 1170 13 0.1196 1785 418 2209 907 2 0.0801 2205 1015 2388 1180 13 0.0772 2058 528 2232 702 11 0.0746 1711 377 2085 516 2 0.0544 2131 748 2443 1325 13 0.0502 1934 445 2108 673
4z9iOk62Z6Vc47scMCxnHSakpK7WkmUS,0 0.9902 1618 942 1931 1251 3 0.9830 1295 1596 2424 1973 11 0.9404 910 528 1234 720 11 0.7370 1852 547 2121 618 11 0.2247 924 552 1370 674 11 0.1466 1891 526 2187 627 11 0.0531 1021 559 1346 628
tupdQZezwgSs5kESdJ9225vG0iqkeGCO,0 0.8099 1076 1033 1283 1257 7 0.3211 99 807 899 1940 9 0.1565 0 777 888 2003 3 0.1513 747 1542 1542 1956 9 0.1198 0 936 450 1913 10 0.1166 619 0 928 336 12 0.0703 43 707 923 2130 7 0.0666 0 893 486 1934
8xWFpkbkGO3UeeglSW0r5R8MAIs3HaN0,14 1.0 0 0 1 1
cyuw58jaQdXmWcdUDEx9IbYNqfJDTdN0,9 0.1465 503 3 880 161 9 0.0520 258 13 932 302
S1ndWw2736PganwThhxyWVcR3PILagZY,3 0.9828 653 1126 1507 1435 0 0.4407 909 520 1138 745 4 0.0672 926 1009 1519 1391
yJmiFt8wNXCspP4QYGkOGpdR686rBSdY,3 0.0783 1161 1464 2144 1958
0A8MbiYubRuq8WHpl3qOvax9dDMHF8n9,14 1.0 0 0 1 1
OLmZfoEqLLJmTPcSMKPf2d66HNSd9Xa8,8 0.0535 634 1164 779 1271
UA7kOXqcWRZEvsDZm6DNkyt0qRPNdBka,0 0.7690 1098 752 1360 1053 9 0.2377 868 302 1190 1460 9 0.1323 880 832 1198 2071 3 0.0869 832 1463 1539 1985 0 0.0781 828 749 1379 1298
QP3QeaWiX3AVeo7by15UE927t42gPykc,13 0.9838 1924 861 2304 1174 7 0.8602 864 387 1438 1101 13 0.8266 1943 1019 2208 1143 8 0.7815 2160 896 2225 944 0 0.7675 1413 725 1748 1107 2 0.6102 1734 774 2320 1274 2 0.5454 1958 830 2266 1159 13 0.4978 2078 872 2233 1055 13 0.4331 2037 858 2254 1133 11 0.3519 965 328 1239 429 8 0.2683 1968 789 2294 1167 9 0.2374 917 337 1488 1197 8 0.2358 2079 876 2251 1033 8 0.2110 2047 842 2285 1094 2 0.1775 2082 873 2244 1033 13 0.1199 552 1091 808 1208 11 0.1066 837 305 1243 490 13 0.0957 899 766 1049 841 3 0.0848 1014 1787 2102 2230 13 0.0798 1901 600 2339 1147 13 0.0758 1760 900 2249 1225 13 0.0644 892 348 1445 1095 2 0.0622 906 778 1024 844 13 0.0563 2009 1039 2213 1117 11 0.0524 1051 352 1244 425 11 0.0500 906 777 1161 940
ofasCXzE9B1uzzus23sW1TiDeumgCFm4,0 0.8246 1392 697 1732 1052 0 0.0506 1079 646 1733 1174
MGuFOejVeLZ7J3FRlDDfYkagQ7qfLTTG,0 0.9948 943 641 1248 1035 3 0.8616 603 1436 1481 1869 13 0.6067 102 1655 324 1791 11 0.4596 2 1759 141 2018 9 0.1918 666 498 1102 2064 10 0.1331 0 1656 167 2001 13 0.1064 503 499 627 675 9 0.1019 88 241 1078 1837 9 0.0509 19 1682 597 2023 9 0.0505 147 485 935 1472 13 0.0501 120 1671 409 1763
6EXiIHEkDYoDb8ZjjYLGpVjck8I5UWLa,0 0.9145 1101 717 1362 1014 10 0.8629 1932 2170 2051 2336 11 0.8590 183 2158 280 2262 11 0.8103 162 2098 326 2318 11 0.6421 1933 2184 2053 2356 10 0.6065 149 2090 315 2310 11 0.4772 678 241 911 319 10 0.3202 169 2134 297 2261 13 0.0543 363 1597 663 1888
XAyeOWMEKsfW5k2RpVRvRQ20sauAsa6U,0 0.6580 1166 699 1401 985 13 0.0532 1402 817 1511 895
2uSMVa0V9M6NAEPCOQD4uvbAc2hbmnVe,8 0.0735 478 1559 537 1613 13 0.0701 2004 726 2231 885
3ZURenUyTL43lgtAHhuaZHBiBRDaQg9L,0 0.9948 1111 951 1535 1473 0 0.9279 850 941 1568 1686 3 0.8883 760 1792 1791 2297 11 0.8187 1533 560 1781 712 11 0.7043 1374 565 1577 635 2 0.2432 1347 1192 1499 1403 11 0.2159 1382 558 1665 655 13 0.1449 220 1436 401 1559 11 0.1288 651 558 913 605
0WCjkIl7g2DIzgg5YzL9FP9Nj5yuTuKv,10 0.7057 2248 2642 2385 2864 10 0.4601 189 2534 366 2835
Xxeq5BsIXuCUy5wHohM1LgWR4YTXXEOx,14 1.0 0 0 1 1
o3lIVfPPMH28gv8TaZEHxgb7pXaoqmsG,14 1.0 0 0 1 1
eNj3EXm6e8OKPJSInIL4EOwgEpTez3PY,6 0.9521 1912 1092 2249 1406 7 0.9229 1901 1130 2276 1598 6 0.8394 1892 1115 2304 1581 10 0.6288 2260 2893 2410 3077 13 0.5823 1767 1017 2399 1731 8 0.3528 1932 1113 2190 1335 6 0.3408 1771 1007 2382 1764 5 0.3069 245 736 1251 2752 13 0.2680 1905 1095 2273 1334 7 0.2246 1821 1085 2362 1784 11 0.2178 2246 2863 2403 3070 5 0.1731 269 1438 975 2826 8 0.1593 1925 1179 2310 1590 10 0.1392 295 2781 423 2941 4 0.1349 1886 1119 2318 1601 0 0.1295 1446 986 1741 1349 5 0.1226 1899 1131 2250 1514 8 0.1081 1826 1029 2347 1707 5 0.1051 1987 2187 2470 2945 9 0.1033 1917 1160 2219 1496 10 0.0780 2232 2814 2410 3041 5 0.0757 1794 1006 2368 1890 11 0.0729 875 595 1187 670 11 0.0668 685 655 996 816
qma49mDhBKX0Uw8jsYoMVpWezM0npDWl,0 0.9947 1568 1059 1875 1398 3 0.5673 1245 1718 2265 2165
L0doRi37eh76PIKsY6XSP3dl3zZWcLCa,11 0.1147 1049 327 1308 377
RKe33hjY1OA8AiBJfOyF2W1FtEg77stD,14 1.0 0 0 1 1
JY7vxuAROnqdjF04ohprLJ4lDD0eyMgg,0 0.9987 1032 497 1314 830 4 0.7080 162 833 890 1404 7 0.6502 435 845 786 979 7 0.6372 241 889 856 1232 4 0.5421 331 927 816 1243 10 0.4817 86 938 926 1641 7 0.3525 267 680 593 929 13 0.3430 220 896 712 996 13 0.3247 241 832 759 1150 7 0.2973 100 837 910 1669 3 0.2091 698 1069 1552 1539 10 0.1600 142 907 769 1403 7 0.1426 366 831 841 1134 0 0.1303 809 480 1300 975 6 0.1203 268 834 876 1281 4 0.0842 290 661 563 937 7 0.0783 295 750 378 841 4 0.0733 255 708 847 1071 1 0.0605 453 768 805 980 13 0.0605 134 798 781 1312 7 0.0597 346 695 526 891 9 0.0527 328 830 770 1040
w5YsAwACb3vNBPCRZNeY3huqBUxOgYs4,13 0.9063 661 572 864 713 13 0.7680 676 623 1047 920 8 0.7108 783 1233 820 1262 8 0.5912 781 1858 997 2051 11 0.5517 539 471 768 733 13 0.4709 570 824 785 948 13 0.4292 623 592 958 832 13 0.3639 607 740 1040 985 13 0.2239 585 550 1118 1082 13 0.1642 603 838 754 924 2 0.1119 612 643 1141 953 13 0.0858 673 615 927 763 13 0.0746 572 782 853 986 8 0.0619 772 1224 833 1269 13 0.0582 587 666 934 925
ImKJQA6mHAxOAYWus52yMZ5BIKE0Faee,9 0.1717 228 1559 905 2056 9 0.0639 1341 3 1994 401
MidWCgu5M4pwBJH4iVX0GfZxAyJSEAb5,11 0.2751 733 213 1061 326 11 0.1337 799 230 1038 306 3 0.0976 965 1661 2022 2209
1RhUeHVsxB1WBoHN3zwyGOIiANsgNTAG,11 0.0681 1233 297 1574 412
R7l8jLTFLZpGXku8LjZBDNVQBeh2xjeB,14 1.0 0 0 1 1
8nVuJ6ruIstUkdNWG4Y2v6Cn8NsZjR3N,11 0.9021 1169 430 1496 564 0 0.8049 1064 691 1314 978 11 0.6011 628 445 899 529 6 0.4705 1294 515 1574 846 10 0.3945 1745 1602 1860 1796 6 0.3628 1411 867 1659 1119 13 0.2914 712 458 823 565 7 0.1613 1245 515 1499 727 11 0.1288 676 452 858 511 13 0.1111 469 715 543 816 11 0.0862 1272 446 1569 631 11 0.0862 1744 1652 1885 1850 11 0.0614 1175 462 1449 530 7 0.0544 1432 878 1636 1080 13 0.0519 734 477 843 591
nqV0CXE3vekjnuUPEkpQnJXfKTlcecE2,5 0.6228 1114 595 1501 1124 7 0.5222 1159 724 1519 1098 6 0.4146 503 634 906 1074 3 0.1990 801 816 1411 1135 6 0.1914 1130 679 1552 1147 7 0.1554 466 832 771 1082 5 0.0947 1630 7 1898 267 7 0.0942 485 680 901 1085 9 0.0939 1464 606 1867 1590
waArdpLz01G3I1Xuu6WfVQuuJmIHaLPr,3 0.9670 832 1204 1799 1621
7sE3YB7MlFWUvJn9bqLLxn7NCVHebCG4,14 1.0 0 0 1 1
eo1LZzTrylc3R7rQwv9wbwFl9EeAEHnp,14 1.0 0 0 1 1
Zg31p16bzaRduJd5L65aAUqmFfBBcS0f,10 0.1451 222 2279 338 2417 9 0.0983 34 717 1150 2526 11 0.0577 168 2095 423 2478
NRzcuMdJslzD7fgYQRoABjbVI4UBPzg1,3 0.9979 794 1545 1979 2041 0 0.8738 1239 874 1546 1220 7 0.2066 743 1195 1077 1835 4 0.0786 703 1155 1117 1912 6 0.0544 726 1137 1143 1946
QD1LFEaYbaHhjfkFeO5z4L6xxKFWKJqZ,7 0.4959 373 862 937 1687 13 0.1989 451 968 683 1086 4 0.1501 313 842 958 1651 6 0.1399 396 953 966 1691 9 0.1107 17 346 743 1515 7 0.0872 272 913 1059 2221 7 0.0852 91 569 917 1669 13 0.0654 420 968 728 1166 9 0.0507 258 841 866 1660
EPUXe7hUnt0bMocGY9zNRJ3xhpebki9e,3 0.1650 789 1216 1726 1656 0 0.1614 1099 636 1330 843
NMpXb3NzernmoZT4GZmx4X0YQbfCmPmu,11 0.9898 1251 436 1601 681 7 0.9892 1391 616 1711 1087 0 0.9870 1102 621 1438 1040 7 0.8090 1294 1373 1777 1820 13 0.8034 1257 593 1717 1238 13 0.7465 453 670 613 727 3 0.7433 656 1245 1656 1818 4 0.7034 1307 1364 1761 1791 7 0.6414 1251 518 1666 1097 1 0.3887 1176 596 1738 1199 7 0.3435 1150 387 1793 1369 7 0.2091 1322 897 1830 1692 4 0.1929 1294 512 1756 1132 7 0.1859 1122 588 1523 1057 6 0.1763 1292 890 1858 1729 6 0.1714 1391 622 1728 1146 10 0.1585 1671 1589 1858 1882 4 0.1528 1178 1098 1826 1869 8 0.1420 1275 1305 1711 1774 9 0.1286 806 630 1434 2054 13 0.0991 326 865 447 1087 1 0.0974 1216 463 1614 791 1 0.0932 1026 664 1841 1798 13 0.0914 1142 470 1645 1403 8 0.0866 1165 614 1438 1053 9 0.0731 322 876 433 1106 0 0.0633 918 1129 1351 1618 9 0.0598 729 695 1087 1744 7 0.0580 1012 512 1819 1800 8 0.0572 925 1108 1329 1701 11 0.0536 1127 402 1568 1442 11 0.0506 604 423 811 485
NEaTyqVgsWybdNwJmyUZ5ZFwWWaC57Vr,14 1.0 0 0 1 1
QbG9PkzMJ2CD7zlEdA0GbGsGMg68T16I,3 0.9830 937 1247 2066 1754 0 0.9823 1199 545 1492 881 9 0.1467 963 262 1337 1457 10 0.0970 2066 1675 2184 1893 13 0.0769 1546 1216 1813 1712 9 0.0716 0 2633 142 3003
U5YoRkQK9deaqoSPlZ8x7sUqty2WMIQx,14 1.0 0 0 1 1
GPzb2kzombNMJNU4o5LpLZiklwpW61kZ,10 0.7113 1709 1757 1808 1922 0 0.6758 1082 472 1337 765 13 0.6731 529 560 634 645 8 0.4322 550 560 626 635 13 0.3324 1629 1747 1787 1883 10 0.3211 1681 1717 1806 1880 11 0.2460 720 183 883 242 9 0.2450 797 811 1164 1850 10 0.2239 1707 1816 1795 1953 3 0.2092 708 1278 1610 1826 2 0.1604 1653 1765 1765 1868 8 0.0827 1624 1757 1765 1867 11 0.0751 1707 1758 1808 1914
Y1FLohbIzjOslMQsEHT1Q6lp7jTXHFvs,11 0.8968 483 112 907 313 6 0.8674 298 228 891 940 0 0.8464 1053 537 1307 849 10 0.8252 31 1723 100 1844 7 0.7481 1271 198 1358 291 4 0.7152 611 243 858 530 13 0.5063 305 199 898 936 6 0.4095 336 395 733 871 7 0.2711 320 267 813 876 11 0.2709 1226 171 1518 298 8 0.2675 1278 204 1353 277 6 0.2257 1232 200 1738 661 7 0.1837 449 112 897 313 11 0.1630 343 130 913 454 1 0.1334 317 138 903 728 13 0.1200 1369 377 1672 675 6 0.1036 1259 200 1384 339 13 0.0971 1258 241 1676 651 11 0.0827 1207 146 1533 253 13 0.0825 592 212 841 566 8 0.0687 324 168 881 851 5 0.0521 305 229 845 971
9TWWDfm1t7u79NASaCq3q8Tf27185IhQ,0 0.9950 1412 752 1728 1078 0 0.9009 1132 732 1731 1262 3 0.6424 1035 1461 1993 1894 7 0.0849 1114 852 1343 1212 11 0.0763 1492 395 1762 475
UFpsf8pLbxyt4vz6FX8c10VKfGEB5vyT,9 0.1436 1462 0 2307 489
PPOuPu156hXqjl3mJB1hZ4BHbffa2Q8U,14 1.0 0 0 1 1
x4aOxUqFlyqjPyXuR9rx9LryP1xp0bc6,9 0.1647 16 110 717 595
5ZysPptDWl7rkz8MX1ew8eYCFBnJ1mm8,3 0.1001 737 1044 1885 1823
W4Lpp057Qrz3TDgOyH6JAi2jeBUmSTAs,14 1.0 0 0 1 1
UHvKYaGGMw2RLHnyT3ut88Hlicy6VXva,14 1.0 0 0 1 1
wV8wW3LNxWtEiZk92Xlh3V3gs6AANGC1,11 0.2400 864 375 1015 428
bYUfFRkbf1UtHS2r4AmPkWOwUpqRNFKd,14 1.0 0 0 1 1
6Lkn07oDMWxQCjS8DeQrvaUSAOlif2sg,14 1.0 0 0 1 1
m7D0sz19vDqfjzAnDuFu019bhncZNQKk,3 0.9984 724 1058 1749 1488 0 0.8944 1029 616 1277 896 7 0.8125 788 328 975 622 9 0.2162 784 308 953 648 11 0.1883 1258 307 1494 390 2 0.1754 396 727 451 778 13 0.1470 389 729 453 774 8 0.1381 400 728 449 776 10 0.1364 1165 1013 1870 1867 7 0.1148 758 254 1025 783 7 0.1002 1161 1012 1848 1661 2 0.0806 384 707 450 791 9 0.0699 1017 1126 1852 1703 3 0.0699 720 1156 1304 1462 11 0.0683 1105 267 1348 494 7 0.0678 1348 991 1824 1431 7 0.0641 144 1248 789 1917 4 0.0641 1104 959 1781 1607 4 0.0608 68 1263 909 1909 11 0.0591 539 266 876 400 9 0.0584 787 296 1042 767 13 0.0554 377 731 453 833
YDqYHnKh7fMY4AOcTMnu5GSwhHmnHgRY,3 0.5932 1413 1719 2539 2207
NsGGNujVO6Q6hutJOx2X4BytMuOycLyP,14 1.0 0 0 1 1
vj7fKAqubCiFYsHPQmH4YPwkhWMZTJU5,0 0.3642 932 0 1358 295 9 0.2608 876 828 930 924 11 0.2193 419 1745 539 1803 9 0.0749 1146 1796 1819 2159
qNjP5YVrVATZo923AYJeNCVxlCImehhX,11 0.0560 351 421 709 642
BZctEBZQEgJ9kX0svPmblzwdrBHoBKrE,5 0.2165 89 335 865 1875 5 0.1644 247 831 685 1369
w0Ekh18ooitG4S0E7XyFk6E2EUjydbSN,0 0.9950 1649 482 2007 849 3 0.9935 1321 1209 2457 1607 0 0.6388 1321 462 2018 1139 11 0.2185 1225 225 1435 282 11 0.0925 1272 211 1479 255
4W22OnXNIi77fERJ0cwRMyfLsySpmBiX,3 0.9991 778 1397 2223 2094 0 0.9951 1266 679 1584 1033 13 0.8278 1949 1357 2206 1476 1 0.3837 1922 1346 2219 1485 5 0.3644 1444 530 2214 1598 7 0.2312 207 1002 919 2084 10 0.1857 1995 1278 2229 1501 5 0.1608 1619 899 2248 1977 5 0.1594 225 587 926 1991 7 0.1079 1976 1344 2195 1473 13 0.0629 1639 1295 2241 1622
o3CItMR3rUtT4D7InbiR8jvpgSZsKutR,10 0.1186 245 2470 327 2601 5 0.1098 315 878 1121 2425 5 0.0706 1809 901 2385 1876
NqN4D3q3RKC9EXZRh0hV0ZHOvFxbsT2y,0 0.9828 1184 770 1471 1058 3 0.5377 799 1441 1868 1862 8 0.1717 357 1522 385 1549 2 0.1572 1306 895 1389 989 8 0.1252 464 1546 544 1629
vHWmvYE0zyp2xPk35xFG1veH4xbYJYRL,14 1.0 0 0 1 1
spYwNr808Qw6HUeNK0fYqZ77IMX7RMDt,14 1.0 0 0 1 1
MG3uD9KbMkLG1AdZIg6jKbOtexxJ3BE6,14 1.0 0 0 1 1
6sOnjXIWTBbF9iJvpXFpFHsuCIL3zVbN,14 1.0 0 0 1 1
bT1ZnYAjnxIVdPqeiCNbStGlp1PsAyOB,0 0.9991 930 894 1199 1207 3 0.9739 688 1493 1606 1865 11 0.7124 333 601 609 823 13 0.4304 246 1078 385 1147 13 0.2563 361 739 557 915 7 0.1990 362 674 571 924 13 0.1860 237 1066 413 1185 6 0.0579 338 685 556 919 11 0.0551 384 585 798 752
mO1dHKuuImJo02i1EULappmPCwWEanZb,0 0.9927 1388 672 1745 1068 11 0.9585 819 268 1226 419 3 0.9282 1050 1667 2253 2171 11 0.8738 1572 321 1898 448 11 0.7397 1581 302 1967 519 13 0.4564 886 328 1129 473 2 0.3626 1539 707 1728 968 11 0.2614 656 356 915 496 11 0.1954 825 285 1089 400 2 0.0852 1501 703 1707 853 13 0.0671 1595 368 1775 498 13 0.0659 1579 375 1728 610 11 0.0651 691 286 1101 498
EXG1ZcPRcju7o9pDuuMFDxZtRJlbbeKl,0 0.0833 815 682 1149 999
jX2oIcVFudd0j9ehlRVit1SZ8jd55PPz,14 1.0 0 0 1 1
x2Bvq9VfWUf8LtcE4Nh3MXxy4nfGJWhF,5 0.9315 325 467 1038 1251 8 0.8831 943 694 1094 865 6 0.6144 486 434 1062 1194 5 0.5608 324 820 722 1351 13 0.3718 323 487 968 1114 9 0.2986 235 1204 1067 1760 11 0.1268 716 312 991 393 9 0.1201 0 518 297 2623 9 0.0897 354 519 929 1039 7 0.0867 940 699 1088 864 8 0.0741 1236 461 1585 899 0 0.0678 1148 502 1537 873 10 0.0651 193 1171 406 1646 6 0.0607 538 530 971 964 7 0.0502 497 447 1089 1245
toDWLSTb3T8WRW5tDGXhHC7OpvewwnaL,8 0.7500 1319 1976 1509 2171
4ps2lvLPKfMhEQ9f7oNPffoU6tYEP91T,14 1.0 0 0 1 1
OXOn0M3QvNFEELlb6qNVn2j8LF2m7Sje,3 0.9992 802 1422 1945 1845 0 0.9948 1172 815 1508 1180 7 0.1610 864 636 1112 1223 11 0.0532 692 619 934 676
gLlrdAs9R6Oiom0yOAcQJJqhRFkwQSw8,0 0.0789 976 545 1245 912 9 0.0736 1671 779 1733 862 9 0.0634 105 1364 871 2077
CMq0OiqgTY7w4cz4Cf5NwD53UVWieZTW,14 1.0 0 0 1 1
mJw3YdEZ8qW05feg7TcBUfU7ygVkkeg9,10 0.8979 167 737 1293 2589 6 0.8760 1755 557 2616 1993 5 0.8708 1782 623 2607 2002 7 0.7799 1777 579 2563 1823 7 0.5937 484 554 1196 1487 6 0.5815 441 693 1187 1541 3 0.4499 1081 1487 2475 2272 13 0.4474 476 595 1182 1578 9 0.4409 507 581 1146 1412 9 0.2925 1827 617 2532 1514 5 0.2635 442 548 1182 1608 9 0.2443 82 1179 1338 2766 0 0.2301 1382 634 1912 1232 6 0.2044 1975 1155 2655 2053 6 0.1628 1884 679 2424 1434 4 0.1594 1757 433 2675 1914 13 0.1516 1670 550 2614 2054 8 0.1472 2214 1383 2327 1495 1 0.1074 71 1205 1378 2799 9 0.0891 1612 457 2586 2069 12 0.0811 240 204 1344 1466 8 0.0772 627 947 686 1014 5 0.0730 604 708 1145 1430 10 0.0715 1549 877 2664 2530 5 0.0587 2063 1135 2668 2017
6J0WJeJlbc6mqozCSgTPC6sqx1DSXvC6,0 0.2673 1407 729 1709 1121 3 0.0555 1024 1363 2177 1888
PjZyRxUmBQGBntGw8n6UGsbPPslHXQRI,0 0.5180 1167 530 1517 895 9 0.4909 295 1488 830 1675 5 0.1536 210 720 942 1742 9 0.0652 26 1538 782 2025
JMUTcg6CsbzTRPWxwgc6DhEHi1maJLEi,6 0.9748 1782 811 2189 1237 7 0.3081 1758 819 2132 1200 11 0.0788 1790 457 2020 499 4 0.0667 1738 858 2120 1214
pBB0azOsVZM7MunrrVSeOS4tiOSisWag,14 1.0 0 0 1 1
WxlLDbV2nKY1K45lvCYgGTWJ05svi721,3 0.9993 1017 1531 2218 2071 0 0.9954 1339 876 1643 1199 8 0.5528 815 1302 1099 1620 13 0.2941 698 919 1000 1253 8 0.1227 803 1336 855 1388 9 0.0637 817 1321 1074 1606 7 0.0629 801 1290 1117 1732
HxJypKxhSe59cIGA5Sgj0dGUQ2CUWFTz,0 0.9954 1575 712 1896 1092 3 0.7718 1197 1555 2167 1866 11 0.4933 936 504 1141 679 8 0.2374 1892 1644 1927 1677 11 0.2117 1947 487 2129 592 11 0.0984 1039 493 1360 571 9 0.0813 1288 346 1748 1453
plAVQ2tYfFXIsIo479tBAOqA2bPqYSie,14 1.0 0 0 1 1
HfBJd2GA7tc47TCidEgtgtwCdQC1d009,14 1.0 0 0 1 1
I2FxrUIhYzrIbuzwq1pNx1RhyM5Oli54,14 1.0 0 0 1 1
cGcDcDLTFPhwKuILWVk52KN8ZaNvMLQK,3 0.2060 878 1465 2131 1937 0 0.0775 1350 691 1700 1038
aOqsLhmKNXuJsGQrJrTwpeAs00SGiBWm,5 0.1714 1732 727 2427 1920
a22EA2nZqahDfMNRHfcsfxoZH2MayD02,11 0.4602 720 278 1011 444 11 0.2702 814 290 1077 371 11 0.1909 746 291 962 396
eE4vEl4DL09RM1HrESDJuJYGxaTUoVzx,8 0.0811 1497 1107 1575 1192
ESD19pihSnnVqc8DkD5JwDD4hC8kkeot,0 0.8013 1430 774 1815 1189 0 0.2389 1175 750 1803 1344 5 0.0503 304 888 965 2229
FNc07kVelH2ViJIVFMOXrS7R8MX13yru,0 0.9416 1129 772 1432 1116 3 0.1220 832 1534 1856 1991 13 0.0949 1688 1785 1805 1864
TAo7g6G6eE3Xb8MDe9WLzKHWiSCF2LZp,11 0.3184 1490 358 1741 436 11 0.1610 816 346 952 468
7fvoh1O71G45ldLC63JfARCidv6Om1Ya,14 1.0 0 0 1 1
I0P7x92N8a3OqXQELMuAwzpVUkN68ik2,9 0.7838 240 1137 312 1425 9 0.6229 256 1057 339 1336 9 0.1674 267 1196 326 1371 9 0.1189 235 962 352 1403 9 0.0931 251 1189 337 1452
hjp0cDKxw5zcmhxr6x4HIqkjrIAT2kfo,11 0.1729 550 266 855 413 8 0.0859 1413 858 1654 1146
QXm1DLvCENdbJi8Nkrp9HV8aGkglniSE,8 0.2874 1851 1405 1930 1480
UUQYdaOvJxSF4VxmPtNMu1zFQMDcLUFG,10 0.7256 587 2203 728 2416 10 0.3959 593 2237 783 2462
vvQxQTNtOXUJIrjPLGrkwhbzstd0txGa,14 1.0 0 0 1 1
7Ph0a7lGvYP1zeKVUFp1NiNENo9tGnIZ,14 1.0 0 0 1 1
8J6hdI6xDqn2kKxbpJXkTK5roNuoI1ou,8 0.4766 1351 446 1397 495
JXQOfzJMbHcvZBPAMUTQQD3zenB5qlwr,14 1.0 0 0 1 1
H5idc6tdSsVEG8fDoQAH5us3Vood0ph2,3 0.9942 936 1417 1856 1799 0 0.7268 1149 768 1409 1051 8 0.3266 1911 1212 1942 1246 0 0.2897 943 783 1390 1252 10 0.1605 2061 1761 2129 1913
HlS7rJg8663nbMaUSvCxupUZ3R3eAa7Y,11 0.1802 1302 205 1510 257
hHRaGg3EP0rPNu5yfrxfmcJVJ8rpKxLH,0 0.9920 1200 671 1467 925 3 0.2553 817 1439 1868 1849 13 0.1268 2002 1713 2113 1780 5 0.1201 1548 630 2184 1896
RugL44ZGx8iQrh6rTcrr3kBIcuXuMCoK,3 0.9899 920 1433 2144 1812 0 0.8301 1331 676 1618 966 8 0.0750 1664 1181 1708 1218
VtDHzcRyv1OYcp67z6kXqB2hNCs0N7Iz,14 1.0 0 0 1 1
OUs2kKRvR9krrx1OYZ0UJwOA1ORf6Uch,14 1.0 0 0 1 1
vG8LuAJsCMgRIJdBlSLGcGVKXNNsQGdy,14 1.0 0 0 1 1
5CLDL55AQlUzgodmrwtq4LQVnz5930xw,3 0.3864 752 1111 1602 1497 3 0.0603 82 1547 1860 2381
NWZ5TFLuWye2ovc3dXfUZg0GUkSYPgLt,14 1.0 0 0 1 1
FNXfoUMoRfA2nZEcD1L9o5Z5NM4N16yt,3 0.9904 763 1519 1738 1836 0 0.9839 1143 863 1388 1162 7 0.6613 454 1321 897 1690 13 0.3631 1670 1397 1842 1478 5 0.2463 1440 1113 1866 1839 7 0.1813 332 1420 818 1762 13 0.1655 1610 1374 1839 1506 5 0.1321 341 909 766 1742 7 0.0856 1556 1266 1916 1817 8 0.0730 1521 1168 1573 1223 6 0.0695 461 1314 1014 1765 7 0.0649 818 564 1013 936
burVYyA5Zmln0QWSsRQ7GusqtUcasK1s,5 0.4023 1358 451 2056 1843 11 0.1140 1668 1514 2120 1866 5 0.0961 131 432 1014 1732 5 0.0800 1533 964 2016 1742
gY6YP0NgN2JbSkfIvHQWk0XSPwleILrE,10 0.9838 541 795 1661 2432 11 0.9184 797 544 1482 1059 0 0.8807 1687 979 2036 1295 3 0.8798 1180 1671 2572 2258 11 0.8287 678 583 1555 1339 11 0.6204 1967 581 2191 654 11 0.6070 1944 570 2260 682 7 0.2801 866 557 1566 1113 4 0.2796 824 1291 1470 1855 7 0.2513 535 820 1661 2548 11 0.1627 1974 551 2337 725 7 0.1549 727 1116 1521 2003 1 0.1382 558 1036 1510 2481 7 0.1357 766 679 1567 1805 10 0.1080 590 1060 1503 1992 8 0.0994 707 1209 1507 1948 8 0.0876 2158 1240 2677 1839 13 0.0807 2411 1533 2655 1684 7 0.0675 915 1150 1462 1537
isPPS1RJfDvT07QHIOiQI3KnvyivSwyU,0 0.9968 1209 797 1518 1129 5 0.5963 347 969 815 1883 9 0.4208 217 1678 893 2159 11 0.2522 1390 484 1561 554 9 0.1047 867 777 1390 2420 5 0.0887 305 712 977 2135 7 0.0751 1698 1450 1957 1858 11 0.0732 251 1236 424 1992 9 0.0646 285 975 741 2105 9 0.0517 259 1230 433 1954
j8JonSLm15zQ57u1bFNPbjBrXM1gUt0W,0 0.7136 1216 696 1469 931 10 0.1207 2065 1858 2096 1932 10 0.0641 2045 1817 2102 1948 10 0.0566 297 1835 371 1990
NZv5ZytoK6M7ivDXoT9H12CgKbXDUukA,0 0.4046 1246 809 1508 1077 3 0.0712 965 1521 1982 1938
WuuLtYJJ9KHLZJdoUz68652bMNjERGjn,0 0.9839 1055 754 1315 1049 3 0.9716 737 1460 1674 1887 9 0.2946 272 1663 790 2043 9 0.1940 337 1703 700 1924 0 0.1292 784 774 1323 1344
YDQ87gP2JbJxP48xyVXD80qrZ9YWEN0p,3 0.7889 641 1199 1485 1691 7 0.5456 1386 1169 1660 1622 5 0.4934 1200 940 1538 1420 8 0.3511 1431 1252 1618 1532 2 0.3497 198 1395 341 1545 7 0.2920 136 493 839 1723 9 0.2686 665 194 1137 1580 7 0.2183 1256 1039 1602 1374 9 0.1870 0 130 1013 2168 13 0.1810 197 1417 381 1557 9 0.1807 203 609 779 1544 7 0.1736 1262 1026 1693 1670 8 0.1703 1449 1167 1550 1286 7 0.1682 205 617 653 1582 9 0.1166 32 312 597 1671 9 0.0589 1345 647 1601 1005
Ta3cZrxknP5us2NRF33PEfHDfElhYp6J,0 0.7837 951 624 1205 938 9 0.5195 1568 1916 1836 2265 9 0.3158 924 76 1003 176 7 0.1704 1432 1921 1840 2306 3 0.1385 682 1482 1519 1992 9 0.0861 157 1754 956 2537 9 0.0779 170 1820 608 2486 8 0.0725 1641 1968 1713 2060 3 0.0686 723 1880 1705 2484 9 0.0555 1303 1887 1814 2352
DpYurSqolPDoVmZpg3kTrgpZ6jPjK00Z,0 0.0623 1223 996 1456 1207
N28giXrmV1E1g78IRTGyOkhexYHXFGyT,3 0.9929 1166 1487 2339 2034 10 0.0691 2437 1984 2585 2274
GDL7jtpfIvbUCiU7fcvc29XyX2wxYWCU,14 1.0 0 0 1 1
MB4AChwa9X58PoBtwSiQUyuGYNRQ6YTZ,11 0.1340 687 427 984 506 11 0.0926 868 431 1087 487 11 0.0586 728 420 964 478
CZA1SpcM6rQmEtua1X2vRwNrNkMkQqFy,9 0.1190 0 1229 171 1800 9 0.1003 1172 0 1970 131
z5Llq1mrjwDOdzkTUiKLSz5C4R8smHhb,14 1.0 0 0 1 1
UsU1GTDY50RuBZLo0Fgoulhne9c0Oe0m,9 0.1675 154 1684 725 2000 10 0.1165 91 1865 222 2036 9 0.0922 148 1875 264 1968
V4bXz6SpBsS1t5GN2sMFMBNt8hurfpIV,14 1.0 0 0 1 1
5OiNNdTXCudAzk0q2TGcLaDKBFva48q8,13 0.9872 692 268 1100 623 13 0.7621 691 291 888 567 13 0.3715 688 321 857 458 10 0.3635 281 1656 390 1854 11 0.2795 280 1682 412 1865 8 0.1655 540 724 581 775 11 0.1458 658 196 1057 309 2 0.0990 716 335 813 433 6 0.0763 655 237 1170 725 13 0.0537 763 311 1012 580 13 0.0515 697 277 907 425
C1AVBEdYtwWrWNO6MYqc7C5J2thH1DvI,3 0.9958 548 1200 1560 1563 0 0.9597 903 537 1161 806 2 0.8481 1084 601 1136 678 7 0.2978 1395 989 1809 1643 11 0.0644 349 179 645 359 11 0.0608 1047 155 1295 218
6rqj7ni33KBDGGo8cC7qRIoEkZOudB3Z,14 1.0 0 0 1 1
HB4EjCtd888HtRFsdVbvgj4qh90AFmI3,14 1.0 0 0 1 1
k38etvGCMhd8K7pWeBnYHBpm0aJ2fQ8C,0 0.9529 1361 759 1757 1215 11 0.3468 883 394 1166 455 11 0.2484 1645 390 2025 508 11 0.2023 760 372 1200 477 11 0.0766 1778 383 2057 536 11 0.0683 1625 394 1893 474
xHXsTbArBUJi5cDd4SiB402D0jFeGA23,3 0.1496 1098 1671 2232 2145
5NKEfyHgQGQsnbU1uwVyO5JZFdCwBrYe,3 0.9956 797 1479 1808 1868 0 0.9344 917 687 1530 1212 5 0.8040 1452 1199 1905 1873 0 0.7205 1135 720 1503 1151 5 0.5676 1299 912 1959 1950 0 0.2239 784 672 1507 1542 3 0.1817 703 1204 1842 1995 2 0.1064 1288 743 1488 1023 2 0.1061 1019 693 1464 1149 9 0.0973 926 534 1288 1221
zO79Ke7tjH5AUMBg9oHU8Zhpa9mOi2Xy,3 0.9972 957 1310 2116 1802 0 0.9943 1310 504 1676 963 7 0.7324 922 233 1152 597 5 0.3752 325 822 925 1641 11 0.1110 753 241 1086 352 9 0.0555 371 2379 796 2874
UM2PrYkjA8PL6hqELOU1bTKkfOxic0P2,3 0.9596 573 1793 1746 2538 10 0.9252 9 2010 138 2255 0 0.8664 986 1188 1274 1490 10 0.7799 0 1896 677 2393 7 0.6418 74 1763 621 2113 7 0.5253 52 1899 619 2208 4 0.4133 49 1830 718 2243 10 0.3973 0 1903 184 2238 10 0.3855 3 2044 95 2304 10 0.3599 6 2029 244 2335 10 0.2568 1869 2712 1977 2877 10 0.2188 0 1977 450 2326 13 0.1641 73 1899 572 2094 10 0.1593 8 1885 119 2352 8 0.1020 1281 1225 1356 1312 6 0.0720 27 1860 650 2199 10 0.0668 0 2103 61 2309 13 0.0561 233 1870 632 2066 7 0.0548 141 1628 658 2034 7 0.0527 44 1866 727 2381 13 0.0512 186 1686 608 1989
ymkZX4lRu5M1SsucijzDXSJ3u5bGInDv,14 1.0 0 0 1 1
F8sbURKrRyOTpGmGK0cXtyFMmBvXoK6c,14 1.0 0 0 1 1
9XBtcZ8qg6R8RgKyjpJQWgi2t3RZkmve,0 0.9995 1724 560 2096 1012 3 0.9934 1295 1420 2478 1904 10 0.7075 715 1911 865 2128 13 0.3415 2234 1599 2393 1756 9 0.0557 1066 1175 1201 1324
fqJtsUxL7qGpu1fcLqtyRJ3EukHpQelM,9 0.1992 391 595 500 897
Mw43wwkKOoifYPrvpZpl9sQJ5JIUoNav,11 0.1313 1398 332 1663 438
c3nhJD3QgtVG8qv5lQ6EapVRsh9oN4My,8 0.1292 1666 1532 1777 1647 3 0.0523 734 1245 1657 1784
00wsXaGGLhOo977BBHmhbKVNu02fWdPl,11 0.4329 827 431 1066 504 0 0.1275 1160 700 1389 955
B86WydslyYYENLB9kkRkYVbQcBZqgx7K,14 1.0 0 0 1 1
scPAu3geZcz2B8oIe9veXpNdGJq8FPxY,14 1.0 0 0 1 1
p7J3n43TcHWy5sStSSstWNw9VViypRUj,3 0.9978 1098 1430 2150 1818 0 0.9978 1505 639 1828 985 10 0.4970 2280 1722 2416 1958 10 0.3433 2272 1659 2481 1973 0 0.2685 1203 599 1838 1270 11 0.1514 1032 280 1271 348 13 0.0635 1938 1374 2154 1681
TBGU7Mxp9lCu2RZZtjpI5XwXHE6wq3MX,5 0.9778 203 577 1125 1906 3 0.9203 906 1444 2028 1907 0 0.8507 1318 779 1634 1101 13 0.6009 2120 1490 2208 1552 8 0.2980 691 1574 941 1736 3 0.1342 279 1772 2273 3039 6 0.0923 220 465 1194 1932 11 0.0782 880 394 1030 452 11 0.0675 894 405 1068 470 5 0.0500 185 1131 1090 2232
7Ioj6eDS0V5doUByPGmK1zYDzio8NK67,0 0.7669 1340 879 1696 1285 11 0.0564 636 605 814 693
SopKmxGcWohdtKdfD3RPG5yGYTlSOtq0,13 0.1154 2546 2345 2609 2397
qEkZ8IGjWmPcCAP1tkGfYUAyiW9JnWi6,0 0.6661 724 941 1261 1501 0 0.2128 1013 939 1256 1231 8 0.1248 1156 1164 1282 1353
2iWYV4pNGqo4VQndYICBOcIUkvMlp19S,3 0.9963 1021 1717 2195 2381 0 0.8927 1354 851 1659 1194 11 0.8389 271 2219 397 2407 10 0.7740 258 2203 374 2368
LD0qWV2xDj1P6B1o0dQaDBFqTUh9qXm9,0 0.9957 1349 642 1646 983 13 0.9633 2021 1781 2121 1841 3 0.8390 862 1557 1939 2103 13 0.6935 1987 1754 2127 1845 9 0.2044 303 1799 628 2058 11 0.1845 319 1784 587 2004 13 0.1483 284 1607 560 2011 13 0.1283 542 669 661 770 9 0.0847 199 1759 819 2216
EZ9OOkQiVjtcKSbDkZX0UaiGUH9zwEtA,10 0.4621 338 2008 385 2120 5 0.3311 1612 754 2094 1438
8qNulQTXWppHcXK5zzPjLpHkAEqXvpYj,11 0.7150 1748 244 1987 403 9 0.1674 18 1747 1030 2360 3 0.1213 859 1482 2012 2036
cfVIcteoev2GTeswLwmHSXB11EIfgPYL,0 0.9953 1745 817 2081 1165 11 0.9332 1128 376 1464 499 5 0.9058 743 1309 1428 2312 7 0.2876 757 1499 1413 2228 11 0.2639 1873 350 2279 550 3 0.1883 1417 1895 2403 2398 9 0.0976 1462 784 1989 2003 13 0.0974 1174 400 1417 496
qGhtgXVWkBzaGZLIGm8uS5QX5nQTKdq3,14 1.0 0 0 1 1
ZBv4Ancbg7vbkCYfyljHVrBk32hVkOqA,0 0.1683 1260 682 1545 991
LLfK0vKmur2td67jkxI77QUyLNoaILMv,3 0.9962 744 1616 1845 2043 0 0.9827 1113 946 1427 1265 11 0.2715 536 652 919 781 7 0.0881 623 1283 900 1721
Hp8dqnpxJtsQ61xpvc9Cbx2vKb5xFU0w,14 1.0 0 0 1 1
b0OimeuiSXdDGQDP0BJztLN6kWR67ROF,14 1.0 0 0 1 1
POagHJjOuqx2XGakrahIteceTodeRCxq,14 1.0 0 0 1 1
dw8fsgBRGocG77edJyc1URYzH9FJDYKA,11 0.0972 737 355 899 403 11 0.0682 697 317 915 389
rxHcRjhNMdvSXXAWZuXpIlpFZ1a0dvRT,0 0.9917 1464 755 1735 1041 3 0.9857 1189 1315 2298 1852 10 0.2041 2207 1430 2402 1813 9 0.0651 0 1232 85 1440 13 0.0646 813 1324 1103 1506
TJq86UTVUm8htR9G8qUK2CVxo2BCcBWK,0 0.7690 1261 829 1573 1187 8 0.6329 765 1012 848 1094 12 0.6289 1301 172 2291 2703 9 0.2749 1137 88 2376 2627 10 0.1893 188 2604 311 2818 3 0.1771 919 1924 1851 2447 12 0.1225 42 61 1185 2848 12 0.0973 1317 211 2313 1218 9 0.0842 55 0 1177 2799 11 0.0834 615 299 1034 442 11 0.0827 753 287 979 347
ZIJtrZqJSimTZmainhGGAfEa066gbFcq,0 0.3702 1796 705 1992 1006
BpzW9rzGjrG5HtdONDcrjekXtKfpAQPf,3 0.0963 955 1468 2158 1904
sn0CO5DA7r2AiOIpsjLH12d6doijNFot,0 0.5931 834 627 1537 1111 5 0.4917 1233 505 2029 1344 2 0.4090 1269 636 1487 937 11 0.0880 1569 368 1763 504
cScybbLx1Ar6tniCTCExkONvC8LqNADs,13 0.3330 1981 2007 2160 2288 8 0.1606 2544 1383 2594 1430 11 0.0875 1167 395 1442 455
K54C6pjZbmtNqEnlr1tF4yNA39EQURl5,14 1.0 0 0 1 1
Ruhdfhyqq1scIpNkQEYXfAZ4jtA6tS2l,0 0.9985 1433 703 1811 1171 3 0.9577 892 1385 2130 1907 0 0.6342 1216 687 1809 1286 7 0.2303 1788 892 2469 1950 11 0.1929 1574 417 1885 563
NuamyEqEj9A9fnkBNiOQAE3bAOH1qbpN,3 0.3185 1037 1556 2021 1919 11 0.1820 873 414 1064 471 11 0.1269 952 413 1086 480
DbRZ6x2T4Fc7xbUTsAtqCfJZK1sD16Rz,14 1.0 0 0 1 1
pXFCgLgcPPIwU5xVtmAIIFveJdROr1XK,3 0.0511 1000 1843 2106 2269
bBeYz6Uv44879gzoEsR2eY1dmSFwVqTP,14 1.0 0 0 1 1
HryCfwB49Ztp1KlWLnrcnuQr6sicHiCn,14 1.0 0 0 1 1
u15Y18nrpfeRTedUBSke9OlB6xHWw786,8 0.4116 524 1586 677 1704 8 0.1479 549 1571 729 1746 7 0.0644 494 1585 721 1732
ooJlk6u5yeFxh2Gss0ajVucVWEBpp2ik,4 0.9390 1102 546 1496 933 0 0.9169 1014 562 1254 907 3 0.9015 685 1209 1597 1628 6 0.8650 1150 629 1477 947 7 0.8412 1093 571 1419 979 10 0.8162 1218 1076 1727 1534 10 0.7241 1541 1066 1699 1351 10 0.6934 1449 1058 1694 1475 10 0.5851 1150 1088 1718 1951 7 0.5554 1206 1032 1657 1340 7 0.3917 1177 1038 1744 1735 8 0.3804 1024 578 1281 937 8 0.3604 1124 634 1266 892 4 0.3279 1075 616 1301 942 7 0.2546 1075 574 1289 927 10 0.2017 1501 1147 1713 1418 11 0.1587 1403 1119 1703 1564 6 0.1395 1200 683 1442 895 9 0.1380 831 387 1040 1294 10 0.1333 1599 1113 1702 1338 7 0.0946 1097 581 1694 1394 13 0.0927 1161 581 1507 1006 10 0.0880 1410 1056 1779 1646 10 0.0858 1372 1182 1721 1507 11 0.0793 1271 1063 1756 1684 3 0.0746 721 1331 1688 1867 9 0.0743 298 1566 360 1656 7 0.0614 1372 1034 1727 1570 11 0.0595 1526 1095 1726 1460 8 0.0566 1098 610 1357 956 4 0.0524 1084 1208 1703 1855
jIDaU5rwDyQ1xDPyu9UU8JqndcLnYSm8,0 0.9886 1084 793 1341 1094 0 0.8306 843 792 1336 1372 8 0.6279 1632 1347 1740 1449 6 0.4926 1562 1112 1833 1493 7 0.4136 1576 1175 1839 1469 9 0.1767 1612 1193 1832 1440 7 0.1310 1593 1324 1755 1462 8 0.1147 1581 1181 1817 1449 13 0.0847 1612 1316 1756 1457 13 0.0697 1562 1204 1822 1428 8 0.0673 1759 1031 1805 1098
nkq9Pe9IJqJO2LdomytOJuWYjkZKKBx9,0 0.2560 1387 728 1700 1057 9 0.2118 0 3013 150 3367 11 0.1011 1655 250 1897 349 8 0.0599 658 2845 769 2953 11 0.0568 776 314 957 450 11 0.0526 845 290 1175 382
yEwc33umxS1SzL2SerxDYqxEoNXp49vw,0 0.9993 1349 724 1733 1109 3 0.9983 943 1477 2317 1996 9 0.9781 610 347 676 414 11 0.0965 935 456 1085 522 8 0.0781 604 342 685 416
3Rx3Ymox8xNjbukrqErpXPoyaA5Gqvhq,8 0.4498 640 1044 686 1102 13 0.3267 272 1062 533 1165
JChggvgxw2VMEjzPwNVOMSpitd2cs1lW,3 0.1862 851 1334 2100 1866
0yz824AsCdu1Sthe9vZlp9XJBmpiBzUN,14 1.0 0 0 1 1
puWaAL0nbjPzPSOKPMwT6Toj2dK9aqIe,6 0.5225 1903 1623 2159 1968 7 0.0759 1911 1647 2170 1979
2IVU7ARAHxDnRAkiwt2dloDppQBmvtU9,0 0.9983 1282 723 1601 1060 3 0.9714 923 1406 2070 1943 7 0.0694 1681 1439 2068 1771
vUSYBgNKgfprUvJaDxEjB22NjdTxy8WO,13 0.9425 471 604 658 753 3 0.8822 962 1585 2044 2041 11 0.8517 682 129 1123 335 8 0.6897 453 1237 533 1313 0 0.6490 1321 587 1658 910 8 0.2817 527 657 586 710 8 0.2817 354 586 670 1088 9 0.2381 412 590 594 792 11 0.1868 1551 101 1895 224 11 0.1065 1819 111 2065 288 9 0.0960 974 909 1376 2249 2 0.0900 436 638 700 1013 13 0.0872 441 590 736 823 11 0.0845 1627 103 1875 179 8 0.0730 529 642 626 736 8 0.0716 400 709 515 863 11 0.0663 1612 93 2008 256 13 0.0648 429 640 702 1051 7 0.0617 464 611 658 737
MUNIExa3xsUh3F9xuAHOPA8JrSOBB1k0,5 0.7816 60 479 939 1885 5 0.6947 1114 214 2115 1841 5 0.5665 1419 742 2106 1899 10 0.2158 61 1816 254 2112 9 0.1010 75 1554 680 2053 9 0.0605 10 1000 860 2026 10 0.0535 62 1690 287 1996
qTXjzPUzbEkG8TYgYCRyuv8whL6dvDKF,3 0.9877 921 1482 1877 1999 0 0.0569 1181 752 1436 1041
ygHtxIOMKJfc3wmWPoyPcNfRvdbSI58x,12 0.0529 86 1442 791 2143
ILMQvuZa487DjItpYBNyXaDHjAyOwcCg,11 0.5492 1586 172 1824 287 2 0.1326 1638 200 1791 297 11 0.0698 1634 205 1797 295 13 0.0670 550 1084 868 1241
NX8Nm2uBbkUBGDrHmnfbf1e7g6mx07IJ,10 0.5246 597 2339 691 2526
ub3Cl97oif12VOdyAinRTfZ9vFYiFm1k,0 0.9976 994 725 1251 990 11 0.9606 0 2096 81 2232 3 0.9286 649 1619 1588 2086 2 0.7768 1162 781 1245 971 10 0.6402 0 2078 90 2221 11 0.0650 354 409 517 545
YpChctPSibVErjPPn8xmBocFjGwN2HJI,14 1.0 0 0 1 1
Gjq1Vwz4MPtkZQJg8YQaZqJT9WyqHhK3,11 0.0943 892 381 1239 479
pz5G20kpxO8dQIdG0x32qi5LmVQ5bZmM,9 0.1577 2288 1737 2306 2062 9 0.1248 2262 1744 2305 1979 3 0.0565 865 1305 1918 1840
yFX9DjLWiruAd109CgcxxhJ31jKs4Zpn,14 1.0 0 0 1 1
P0Yj3BsGmysd5oFWqiSWbA1wA3AaGNvB,9 0.0552 833 1841 917 1931
P8oeC4wPR8O1SV3aNEtJqcowJCF2nMbH,14 1.0 0 0 1 1
WJR2hzdoTHKNJ8GPNQZM18YEboCpDRgd,10 0.6065 213 2210 319 2362 10 0.4361 2040 2229 2131 2405 5 0.2952 1697 1349 2146 2221 0 0.1928 1302 815 1578 1165 10 0.1510 1979 2192 2145 2411 8 0.0696 1775 1888 1911 2075 6 0.0628 1870 1751 2066 1979 11 0.0512 220 2224 328 2380
gqF9BhtQATKrj2yhOc4yMBbGsVhcTdpA,3 0.9953 689 1182 1537 1493 0 0.9902 915 495 1182 789 11 0.3335 1011 181 1243 255 11 0.1023 1188 184 1394 308 8 0.0785 1351 522 1597 711
9uCXtUJCaWwbGlnkf9Va9vSERLNFbHMy,5 0.0548 131 528 1017 2051
bKfWvMMjSlX20hpXmJTFPEef2GjDaXbW,10 0.7145 235 2135 353 2268 0 0.6203 1081 810 1369 1154 11 0.5822 1226 424 1477 524 11 0.5666 1231 432 1404 488 2 0.2318 1203 830 1322 938 11 0.2059 572 456 916 556 0 0.1117 926 801 1401 1242 9 0.1008 489 1772 832 2016 11 0.0793 1261 439 1454 501
B2tmoyOPzrEQy7UkymC8WKIt42dJ27vS,14 1.0 0 0 1 1
Wvyg1s2USYqA0bhyDtBETxFYcPn9OWGA,14 1.0 0 0 1 1
hsWGTdpRRwnsDPbOvwILuKCw3ijdRYSe,14 1.0 0 0 1 1
6VCvbWMaPZKPqAaOXCbueRkm64aguUji,0 0.1500 954 763 1183 994 9 0.0620 730 1512 1330 2442
BRgKctvt22nwDo1P3VncDNpJpuFLFWKo,5 0.9958 1367 365 2128 2065 0 0.9690 1139 722 1464 1085 3 0.8971 766 1388 1925 2148 11 0.7560 1375 253 1619 354 5 0.3443 1654 868 2076 1691 11 0.2903 1582 302 1802 478 10 0.2125 2065 2096 2144 2226 5 0.2073 115 408 999 2284 13 0.1980 1495 824 2133 1838 5 0.1302 646 598 909 1018 11 0.1280 1369 236 1751 406 5 0.0828 213 730 698 2233 9 0.0640 1555 1039 2139 1674 6 0.0569 666 618 921 1007
eXEMZyMMX4x6Ct8IaarSN5ixtWn3CSsr,0 0.9731 981 665 1292 1039 3 0.8262 644 1237 1493 1725 2 0.6591 428 455 734 979 13 0.6148 491 459 722 843 13 0.3479 418 404 747 942 9 0.2863 267 1554 569 1788 8 0.2534 429 441 754 964 9 0.0779 437 449 787 960 8 0.0711 662 965 721 1018
Kcb476h1j3abNNvbOkGDa6bBWWo1I1iR,14 1.0 0 0 1 1
Eon4eFBdy5VES3NCQByEfKkYxL3BGkOc,9 0.1379 4 1724 141 2260 3 0.0630 697 1315 1438 1596
1MABhxkUGVQk2CS4pMY8ltTwzfbV7jXr,11 0.0980 1288 437 1336 473
mY06BVm9yHmArMdy3OeprhBaOAI3MACb,11 0.2202 793 154 1107 323 11 0.0708 906 172 1160 259
MqmKiS4BP8pmU85ByAPde9O8bSV0Fl7t,3 0.1893 834 1316 1680 1595
PAXSi7rcT1gZLalmT8lS0SbzSiDiMdFK,0 0.9595 1313 616 1625 923 3 0.9019 934 1402 2079 1864 11 0.1660 658 183 999 341
XfH41gnOVBHepn5ay4pNp45ZvVQfSJOO,11 0.0679 2122 303 2307 438 11 0.0526 918 363 1270 555
ebeDREGhvdcaDf8ChjjnfW2eXcS9bOE7,0 0.2683 1230 651 1462 964 11 0.2263 829 371 1077 437
ZEwI5mDyEswSCOjz6mhuKBJ3mWHMYz1y,0 0.7906 1310 707 1563 990 3 0.6059 945 1343 2041 1756 8 0.1992 1732 1583 1781 1653
7Vi5Fx88ztzxAyTURG9b3Y9U2xyOlfE2,14 1.0 0 0 1 1
Hwm2zXyPdkuG2Vco2MHp4fgvAGBcGOSQ,14 1.0 0 0 1 1
cU98vqDVGXLzqA3pIKT1KsyP3fNjGb2H,3 0.9936 724 1437 1691 1852 0 0.9898 1120 806 1398 1103 9 0.5761 170 1648 780 2008 9 0.2554 257 1660 538 1859 0 0.2460 836 775 1386 1338 7 0.2345 235 1669 693 1913 7 0.1699 268 1674 529 1860 13 0.0958 489 1330 656 1394 11 0.0667 768 496 931 538
c3kR3fujXUxZLPfASUI1hVz5DLllWlQu,14 1.0 0 0 1 1
dujgRHy12zBcTt0v7WRHau19tHYhsokH,0 0.9505 1061 751 1334 1015 10 0.9321 158 1929 266 2079 9 0.5256 225 1670 862 2049 10 0.1995 1907 1979 2004 2108 11 0.1805 213 2476 414 2498 11 0.1133 1270 385 1444 475 11 0.0946 235 2446 413 2498 10 0.0724 203 2446 404 2499 10 0.0661 221 2476 414 2500 10 0.0514 185 2304 378 2486
zB5PJvT7yXtyGXKkmhgWRvIWMuEZmFyo,14 1.0 0 0 1 1
LMokOjyOMOQkmVHJFn3NG3qbr2iuunki,14 1.0 0 0 1 1
JeEMy4ABSTCX844dvE7J3Eegjdqdz46i,0 0.9989 1520 954 1887 1391 3 0.9873 1145 1891 2310 2334 11 0.0976 929 521 1217 579 8 0.0785 542 1072 631 1151 0 0.0525 1282 956 1894 1627
4ULBIds4Tq7aJViEW9J1oMkVhrTqGkcs,14 1.0 0 0 1 1
3PJO88mf7FcyhD9iwQO7bP1BW29eG2ie,3 0.9677 715 1216 1921 1576
A1iGOunDPZftCo4FqOdXcVn6siekKlpE,13 0.0664 1002 1281 1284 1459
X6Orib7sM87odlWDY1BYeKz5Xm2Gj3Yi,14 1.0 0 0 1 1
z8EWYhIkBSBJVQVKfHIVFtfFo4DheNdA,11 0.9884 1701 271 1970 382 0 0.9878 1394 652 1739 1046 9 0.8709 477 1507 1150 1943 11 0.8695 619 350 1283 907 0 0.8512 985 678 1730 1376 7 0.7900 632 289 1352 1174 7 0.7767 668 372 1253 826 7 0.6544 952 814 1305 1450 1 0.5820 682 497 1168 1470 13 0.5818 579 490 1233 1104 13 0.5206 611 659 1122 1499 13 0.5033 627 1059 988 1570 11 0.4682 1672 282 1994 452 7 0.4423 826 596 1346 1546 13 0.3912 568 1458 820 1654 9 0.3736 584 1500 941 1695 6 0.3097 642 361 1309 1089 11 0.2970 724 325 1296 664 13 0.2501 673 732 1091 1070 1 0.2440 621 340 1217 872 11 0.2325 612 490 948 866 11 0.1989 1612 322 2040 534 13 0.1872 1673 341 1885 499 9 0.1609 918 807 1323 1525 11 0.1548 1706 292 1871 329 13 0.1497 619 1469 801 1601 11 0.1459 615 1247 835 1613 13 0.1455 745 841 1117 1002 11 0.1297 651 1456 821 1621 8 0.1247 904 829 1395 1438 4 0.0915 792 766 1281 1540 13 0.0893 647 1353 811 1585 13 0.0871 604 1259 780 1491 11 0.0860 568 1460 830 1667 11 0.0826 1701 280 1879 351 9 0.0705 533 1490 993 1795 13 0.0690 698 587 1157 1012 13 0.0594 642 1217 859 1584
qohVFl9Npi8KjKXxcBjtntnnswcNa1Yb,14 1.0 0 0 1 1
Vf2KXlAyyeRaWu7TO8kTYTlclomEXgAC,3 0.6442 1183 1628 2236 2022 11 0.0624 954 381 1333 556
KTQNsEs8htn2b7BKY2iDk6TdiCMQrW1T,6 0.9044 1736 418 2369 1063 13 0.3566 1770 393 2390 1052 5 0.2390 1795 386 2374 1105 7 0.1553 1784 436 2393 1089 9 0.1022 1803 443 2372 984
qrNkTKItqjyBhZ97cATe6WhodvcP19Zs,10 0.2053 219 1978 292 2094 11 0.0572 595 336 891 474
Fff3wn1PkStkXoehmJ9uNpPjLKtwTuPb,9 0.4521 664 1251 774 1723
gLFgfv8HyKwYzjOg8xJ2J5PVJqXiPoTq,0 0.9310 1025 871 1302 1175 3 0.8999 649 1494 1591 1909 11 0.2967 611 472 893 564 5 0.0556 1429 1170 1838 1807
boMc8kU6TVpAD2XKmzAutyKmf91wzFhZ,0 0.9984 1229 960 1516 1285 5 0.1810 198 1053 907 2300 11 0.1528 625 517 1003 605 11 0.1357 594 496 835 629 11 0.1001 785 528 1016 583 3 0.0753 828 1875 1854 2317 9 0.0720 2041 1715 2145 1881
RWTxcsYKxN2Fc0lN42JuCAhqGACsOXrn,14 1.0 0 0 1 1
rS9Kegrm5GGg8UEIoFc8DJkPHG8hsDUr,0 0.6978 1094 744 1386 1058
IQGeBlS6HV6b5rh0i3nrARIzLEDBNL11,0 0.9795 766 859 1371 1397 0 0.9356 1088 859 1389 1166 3 0.2411 683 1552 1658 1959 9 0.2355 1306 1691 2035 2037 7 0.0620 764 844 1031 1539
JSfPOFqL5FYVEebpBtFpedhWEqx4WqN8,14 1.0 0 0 1 1
jzxQ5qWu1NzYk9lUkhevIKnh6PPODDjv,13 0.2137 1852 1673 2116 1818 13 0.0871 1899 1683 2095 1773 11 0.0850 553 368 880 499 13 0.0837 1809 1682 2137 1914 11 0.0579 1331 371 1668 468
qvr1sLdLyLH4CwchmC7amDIeBP5oyigc,3 0.6949 905 1456 1907 1977 7 0.1976 793 599 1039 831 4 0.0714 774 556 1048 859 8 0.0708 812 603 1028 820
wQ2s7HLzddP64yUIRvX2tiPBxRudTBSP,3 0.5717 609 1271 1521 1684 7 0.0586 104 1327 779 2430 9 0.0517 0 526 813 1990
iT1lK2RnZ4bn1tdlVWahBB5yMDGa8cL0,3 0.0510 606 1312 1432 1865
LV1uSbErPlWtE2IpTFADUthQ5fOL6j6U,14 1.0 0 0 1 1
uu1vy81OnW18zcmG4R2cxSefw8lw0HVs,6 0.9158 498 1375 897 1822 5 0.8217 384 1147 935 1947 6 0.6073 367 1209 980 1905 11 0.5599 1725 383 1851 464 13 0.4917 1918 1425 2160 1537 6 0.3723 530 1453 810 1762 7 0.1886 525 1471 799 1767 11 0.1724 754 339 999 397 5 0.1281 454 1326 920 1798 7 0.0625 479 1327 917 1791 9 0.0581 500 1349 921 1742 11 0.0564 827 323 1040 388
gapzt2We3EUPqd0XHu5a5qHZ6MxYgmNr,3 0.1436 650 1142 1479 1667 3 0.0793 666 1335 1460 1566 11 0.0668 502 323 810 453 11 0.0503 1108 354 1285 409
NxCE9NDECdejlacL2JO3gTOvytay7jNa,3 0.6664 823 1201 2004 1636 0 0.2948 1019 497 1658 1002
xHvS13HGoRVjTtN0kHpE30D2Rrw4Ocy2,14 1.0 0 0 1 1
44cqCOReWaxZRDM6WtBFCy7CxvuF50A5,8 0.1739 1682 658 1995 1321 0 0.0914 1177 599 1466 897
Zkz2LpbEavPDoTnCkwDF07oyuEpqUGUo,8 0.0925 348 2190 451 2266 11 0.0528 876 466 1085 535
FNyGet6AbKPkhesFf5z2t2QcUSbvJES7,0 0.9817 1412 903 1778 1338 11 0.9750 1602 382 2212 652 5 0.9644 469 660 1205 1919 10 0.9469 196 2669 352 2875 1 0.9402 531 482 1215 1033 10 0.8891 2432 2533 2513 2761 11 0.8853 477 465 1229 1052 13 0.8145 488 719 1176 1682 13 0.8078 1674 520 2377 1332 6 0.7666 385 688 1172 1974 6 0.7575 1621 507 2419 1455 11 0.6488 193 2711 345 2883 5 0.5155 1642 498 2373 1398 4 0.4510 573 588 1077 1050 6 0.4235 475 528 1290 1418 7 0.3690 600 556 1194 1037 8 0.3335 715 503 1221 1008 11 0.2662 1746 414 2336 763 10 0.2506 164 2584 403 2922 10 0.2055 184 2716 308 2865 11 0.1958 1693 400 2132 566 6 0.1709 639 609 1205 1009 7 0.1274 437 811 1156 2069 11 0.1216 507 674 816 1010 11 0.1039 705 505 1147 740 13 0.1000 504 563 1223 1310 13 0.0871 589 770 1121 1269 9 0.0846 1092 388 1690 1895 11 0.0805 397 467 1252 1602 1 0.0771 539 767 1142 1476 1 0.0762 432 647 1215 2170 7 0.0748 491 379 1358 1216 1 0.0614 1670 365 2272 699 1 0.0501 573 688 1194 1179
rq0yO6ym4Dpog7iUsWXLaepktBSFDjIV,0 0.4779 1420 736 1708 1044
E8qnYW8sOcrNPgXdCvzE3GLSHfxkqlbn,7 0.0609 1029 355 1245 805
6TfaWT5tg5MC30wIT5qRI90J5Y4Pagxf,3 0.9982 642 1157 1547 1543 0 0.9916 943 667 1215 963 7 0.3173 1395 1134 1683 1502 10 0.2907 71 1337 193 1639 3 0.1407 611 1251 1635 1456 8 0.0830 1229 999 1279 1049
UOUSErvabfPv1SnyGph0ZzcrF0O82aR0,14 1.0 0 0 1 1
bPiVTWVYAc1Xbt0zLihGQJjVyMvPERGl,14 1.0 0 0 1 1
6eB5IbSPexvyCTBXjstPikhKE52pSWXO,0 0.9979 1087 675 1386 994 11 0.9913 356 372 760 666 13 0.9609 300 468 890 1028 13 0.8708 1285 458 1865 1166 6 0.8707 1282 424 1842 1114 4 0.7675 1395 449 1773 775 13 0.6943 254 1705 420 1846 6 0.6942 287 402 909 1018 3 0.5539 696 1716 1643 2029 11 0.5090 1318 363 1701 565 7 0.4283 1374 458 1782 776 11 0.4199 477 394 770 573 6 0.3442 402 457 875 852 6 0.3261 1382 456 1823 869 11 0.3179 1305 364 1564 477 5 0.2013 269 408 877 1014 7 0.1730 398 373 731 698 11 0.1646 320 456 625 731 4 0.1566 1320 438 1845 1015 7 0.1348 331 393 824 912 13 0.1277 1378 424 1757 811 5 0.0839 1278 426 1851 1250 1 0.0787 1224 426 1833 1199 11 0.0744 1322 368 1814 727 11 0.0709 582 368 893 482 10 0.0671 2069 2162 2142 2278 11 0.0647 1372 388 1509 460 1 0.0623 371 371 883 738 11 0.0619 276 339 781 817 13 0.0515 457 497 809 928
SiBCD156fIXEBFXyLzR8xujNHs7jOrTB,14 1.0 0 0 1 1
05TXJWymzjsXy7wGLKE1UJNOKjtLRmy0,13 0.9838 1707 522 1977 787 11 0.1080 910 426 1144 475 13 0.1056 1622 480 1975 982 2 0.0680 1674 466 1926 738
ULVUMRQFKcCK21mJ2cbWy2MMvy0Ox6eL,3 0.4697 688 1034 1438 1500 8 0.3108 1201 1176 1421 1453 8 0.2817 516 575 611 682 7 0.1757 1043 168 1238 654 13 0.1122 1146 593 1407 867
o4Gt1E3hRTjlxgsUDznMwbNLtDEeHlrt,10 0.3635 400 1903 470 2041
sKkhSn6h82ZLQ3tIU7GLqmvUlFejgoZv,3 0.9254 838 1231 2089 1619
3xxodggIC8Vd8xXNlR8na4Kwu8b2wBOx,0 0.8168 1274 766 1945 1287 0 0.6059 1520 781 1897 1210 0 0.1376 1473 703 2043 1993 3 0.0551 1254 1515 2264 2014
qkl8kp2AE98xsIiN8sf93QQznqafPWee,9 0.3823 1718 853 1785 936
LVdvkL8Ac7AujdXiS8YWyvfsdvnRiXUM,14 1.0 0 0 1 1
Izc08jZRqhFbbFni2jg3587kIXQTRvKZ,14 1.0 0 0 1 1
AHewRk6j8bYKzvjWU3EoOJTVXnDbIjTh,14 1.0 0 0 1 1
WgG44yaJ9oyr2QvLZrR1lO9OpPWRVT8L,14 1.0 0 0 1 1
UXBSbU68SYbVCaTu8zz7WgwyQMZKvILf,11 0.0794 481 355 655 488 3 0.0533 828 1352 1718 1924
YjyMwR70P9V6ZTuLS1bSJbbyBP2vtUyS,0 0.0694 1088 771 1354 1069
uWNwRFbHOgYDYE9kXagOrKMCTFLDFWh8,14 1.0 0 0 1 1
dfcnrZVINI26h473TltDVntF1gukKsyX,5 0.1952 1243 177 2411 2221
9bnMLAnGM8aSTjtzZiDwfNJ2tlxYoV8b,14 1.0 0 0 1 1
2yn32Ja43PnTXqbqeaJrv1mv10TueETE,3 0.5935 732 1052 1619 1418 9 0.2248 12 606 517 2332 9 0.1072 93 1138 1953 2329
2ZKNNXpydhVQWSg9WwkhTcR25fA0iEV0,14 1.0 0 0 1 1
HQ2HOh0rSq2bCDdu2KN9QiuAKANQfzxo,3 0.4676 1215 1557 2176 1962 10 0.0973 2337 2008 2444 2185
jG7Mk2JxxCKnFFfYxAp3GXrFB8urHys0,14 1.0 0 0 1 1
MZIFgF6adrf5T67nGJAyGUvJLhzSuCpO,14 1.0 0 0 1 1
Ik1tDAFVfTPCR2T0YPEhFwuwMwGCuMtW,0 0.9946 1396 933 1785 1402 3 0.9893 1041 1691 2159 2294
6XOB2gMpgekUE0i9nTlTOhZpC7DC1swB,3 0.3935 826 1222 1626 1558
p5ia1bZTYVdINQtduWL64QZxUbZlgfmR,5 0.4026 103 455 1065 1953 11 0.0531 490 246 848 429
pJPQdPwguGpYGmEkWy8npMuqAlOfumzo,3 0.5742 900 1575 2130 2029 11 0.0529 1556 342 1834 466
GpUvCBc0tD6pNbvxz4VGM8pewvMmoCjn,3 0.8582 1055 1463 2202 2067 8 0.1557 1874 1794 2072 1971
54PFCMOYfnPi2LDK6ACak4yH7eUSH2Zg,8 0.0529 2006 837 2165 1023
izaa2HExUQEvwSCI057VDhc1lEXQzPT7,13 0.1365 407 654 590 791
2vpRtHaUQsky0G3ZVw7LhCK612KxHLVq,0 0.3279 1510 721 1823 1050
qyrF4tnT4zGn7Erq7h0Fdp7rAGxx5xHk,11 0.1330 524 273 704 408
QEXAE4pUCgfS5uDPDQ0ZbqfOuzsMeEF4,14 1.0 0 0 1 1
2Y8aaXJAbUL4IYblL4QBL25ayzWlxMED,14 1.0 0 0 1 1
eR9Qv8ung4krL7mlQ6dz7VJDEouV4m4U,14 1.0 0 0 1 1
xUnYa3baRSNPpuJMTgyNtIjcDum0iNry,0 0.9996 1420 731 1849 1131 3 0.9989 872 1252 2224 1804 7 0.9439 677 1133 1199 1698 13 0.8799 546 1411 856 1561 4 0.8667 760 1134 1194 1678 8 0.8596 2059 1157 2152 1228 13 0.3717 580 1428 793 1535 7 0.3036 470 1563 626 1680 8 0.2308 569 1573 616 1611 13 0.2204 484 1390 922 1642 8 0.1975 1931 974 2009 1042 10 0.1701 2156 1509 2473 2056 13 0.1420 451 1562 628 1686 8 0.1271 762 1187 1222 1699 7 0.1083 511 834 1222 1765 7 0.1052 1816 780 2370 1429 9 0.0978 762 1127 1200 1691 9 0.0861 1550 738 1849 1127 5 0.0602 1747 583 2296 1476 7 0.0599 1751 597 2286 1218 6 0.0528 1833 815 2260 1266
fOQ2OkWS0HjPVxygQQNl9snCpdLYG3ZL,0 0.6150 1303 671 1628 1053 0 0.3211 941 640 1687 1127 8 0.1151 848 800 950 907
1FJGH9LNqtf12cxF2sjYxBmm4LCt8sC0,3 0.9900 784 1473 1671 1989 0 0.9624 1048 795 1295 1031 11 0.7097 658 450 898 524 9 0.2716 793 906 1106 2047 11 0.0641 739 458 858 517
2wASTpGq90fvLIQcUsugo4bxPWVBjqlG,3 0.4409 1021 1338 1939 1768 10 0.4238 367 1774 434 1889 3 0.0685 156 2203 2245 2858
s2IwFhgZd6p2vqoYQLCcobLTAn1nHW8w,3 0.8542 590 1357 1481 1680 9 0.4938 750 389 982 1134 0 0.4561 907 787 1176 1094 9 0.0653 81 1468 741 2395 9 0.0546 77 579 532 1408
WZXA9KBwGM25X53dpyWbYsteCXHzerBn,3 0.9985 1090 1713 2338 2149 0 0.9916 1550 834 1876 1142 10 0.5788 325 2189 432 2346 8 0.4170 2398 1698 2452 1749 9 0.1332 2393 1699 2452 1747 11 0.0834 332 2191 445 2338
MkKTdxKqKguMe64oZyJJJfiq7CN2PoyE,3 0.9575 728 1151 1646 1679 10 0.8308 1489 1223 1733 1539 7 0.6999 330 1141 732 1389 7 0.5994 373 1174 586 1333 7 0.4238 216 1174 845 1894 4 0.3917 233 1193 862 1867 7 0.3342 255 1103 845 1551 3 0.3313 772 1252 1547 1525 7 0.3241 1316 1245 1661 1727 10 0.2267 204 1093 846 1885 6 0.2239 330 1138 853 1439 7 0.1497 23 454 421 929 10 0.1229 1279 1207 1724 1702 7 0.0748 59 487 700 1464 7 0.0741 922 1221 1770 1852 9 0.0688 982 1290 1747 1841 9 0.0634 25 259 504 1378 10 0.0593 1425 1146 1754 1616 4 0.0589 1005 1237 1734 1844 9 0.0568 281 1220 846 1713 10 0.0563 1072 1233 1754 1828 9 0.0553 849 130 1245 1639 11 0.0546 1342 289 1575 395 8 0.0517 239 1179 872 1921
jECOQQPS8uyiltUifU73hH9ByrxVlvMO,14 1.0 0 0 1 1
HVnSp18vzVo4Rcy4yQ2hBcyCavEu4dKx,3 0.8707 740 1288 1658 1767 11 0.0961 529 363 711 520
aobcVTJMdLHPDtYQYb6lQ7eCzyneG9XR,11 0.0822 1321 403 1463 506
GeLMoyQgqhTugNZ7O82NU2SIDg7m9xoV,8 0.1683 2216 816 2261 878 3 0.1325 1319 1550 2209 1950
V8Z7mMl5HodCjgdPFYnCnvMNYPdysDrz,7 0.3821 128 969 896 2086 3 0.0913 766 1556 1744 1997 8 0.0594 139 927 925 2021 9 0.0508 88 869 937 2058
au7HcgCZsoChKZ34aSivsHbmRZojIt2c,0 0.9768 874 996 1173 1339 11 0.5893 359 721 745 875 3 0.5037 641 1538 1466 1785 11 0.3530 85 693 640 1671 9 0.3248 111 743 775 1793 11 0.1755 423 745 719 833 11 0.1190 333 690 789 994 7 0.1098 54 783 631 1751 9 0.1010 649 580 1042 1964 7 0.0801 498 797 712 1089 6 0.0614 531 882 703 1083 9 0.0565 0 947 644 2234 11 0.0501 958 767 1159 885
6iN9lwNja6KIf0cb0SBYPzueoaAhnlNP,14 1.0 0 0 1 1
eAVuuUJcYSdSLRzHBVsY2XaO6EHM4Rjw,0 0.8354 1376 764 1698 1071 11 0.3345 880 294 1163 356 11 0.1260 1716 348 1913 417 3 0.0599 983 1692 2142 2074
EzqEQApbvXABCBlYFn5SudqnadAi9YGf,11 0.0913 639 352 854 447 9 0.0596 146 1491 801 2402
SlCNDOp6x6snZWKuVMTAZTnaBKgtU0st,14 1.0 0 0 1 1
K3Z8tFlCdOmxjtvMU2lvew7qHhnI6Osz,10 0.7159 136 2092 230 2227 10 0.0520 1844 2095 1955 2237
SElFWeHmoKbE4XqtznHWGfMrFq707Hnb,2 0.9534 1581 1014 1681 1167 0 0.6904 1397 924 1701 1258
wfUxaU8ciMV3PwfHY0crvntxkIeUKgBE,11 0.6859 999 414 1146 617 3 0.1431 641 1352 1319 1689 2 0.0896 139 1672 190 1720 0 0.0639 766 11 1265 276
ABEogmY7nncB4tYxGQNOVIbr8wcyi0tX,7 0.0751 1049 412 1218 778 7 0.0634 117 1181 505 1620
zXy9Cm9tDZlp5SCm4enOwvMTABE7Dz7c,5 0.3817 324 578 1007 1421 10 0.2906 2224 2048 2351 2288
wmgxrMmg5ad44tPpaQzGNBD1cI1Wl3cz,8 0.1003 2136 895 2234 977
Zyjw2sxtOqi4S0i5SORl6QNMRRHtF49c,0 0.7360 1296 816 1567 1108 3 0.5555 1036 1497 2111 2019 11 0.2064 601 379 950 653 8 0.1043 1507 650 1662 818
JuHjAtdrjXY10TuA7DjuHyBaTO2pIp2P,0 0.9632 1266 666 1640 1082 8 0.9572 494 2009 536 2051 8 0.8598 718 1584 1221 2292 11 0.7007 1380 236 1740 409 7 0.5868 1400 238 1701 465 10 0.5595 245 2740 391 2977 4 0.4756 706 1534 1198 2288 11 0.4576 560 313 918 488 11 0.3113 247 2747 402 2992 7 0.2800 738 1550 1190 2322 11 0.2499 1394 226 1958 475 11 0.1838 1440 271 1883 428 2 0.1604 699 1843 789 1923 9 0.1305 708 1589 1176 2306 3 0.1286 1038 1916 2080 2620 8 0.0725 402 1952 517 2057 11 0.0512 508 361 885 537
SRlVvSKgXthQ2Qbhoyy1FsbDCZFqCWoL,14 1.0 0 0 1 1
zX7NaHAutJTCuQFNognFmyiJIH8ZsjCi,14 1.0 0 0 1 1
5zT5waeAEXM39Z4ZiEFfhIOnRkKydHt2,14 1.0 0 0 1 1
XgdzMctWrrfmSozPY0KWpEDABPA96hAV,0 0.9375 1024 707 1272 935 3 0.9117 818 1079 1709 1474 8 0.0946 1084 3 1260 79
fl5vz72jYRZsoZfrpoMb1XxJXP5dKldS,8 0.1458 2009 1968 2153 2095 8 0.1288 522 1946 670 2106 9 0.0803 520 1960 661 2120 7 0.0519 526 1954 671 2134
KeZ7WW7wSYM2Xz5bmSReJDS5tv2EBB66,14 1.0 0 0 1 1
coymKFCu5NEGBwr7RDpsjIBPzKe1PbuU,0 0.9776 1365 775 1630 1042 3 0.2885 1052 1382 2010 1822
zRvBlh67f2KJJ3VXDiksPAKuIVRuqNFP,14 1.0 0 0 1 1
INaeG3HpGfQyFRSTPus6GF2LJstuO8ap,14 1.0 0 0 1 1
l7EcZaTI0p7nvIJlRlzy6WamatABKL1u,5 0.8177 704 847 1305 1712 6 0.0547 696 804 1308 1721
pg0uMs4QQW5Bw5GmKVufvA6DQ6IudRlP,3 0.5889 1174 1556 2205 1990
CWYgpGgORrwOHH8Oo7XXkIaCNs6iKKYl,11 0.4450 1229 392 1606 613 10 0.2068 161 2143 229 2257
PPXKwF6Pf9p5PyGNHZnEU37pXLx9VYZy,0 0.9905 1253 718 1566 1113 3 0.9809 938 1603 1999 2015 9 0.3986 61 1249 129 1315
nwoMOqJe70gGg5QxpZe0ShtCpL1Ok4kX,14 1.0 0 0 1 1
qtRNzewCC7Ljx3g6tpzbuKtuXzTu4xwu,13 0.9416 585 466 1125 986 10 0.9264 1393 361 2525 2587 6 0.6192 512 444 1191 1033 7 0.5358 572 481 1142 970 1 0.4675 1318 397 2564 2517 4 0.3410 754 509 1149 904 13 0.3259 781 502 1080 896 9 0.3105 1022 513 1825 2605 7 0.2613 1384 354 2490 2383 13 0.2470 443 415 1203 1177 7 0.2203 820 522 1135 917 6 0.1552 792 516 1137 961 5 0.0839 144 896 1022 2583 4 0.0805 547 400 1179 998 8 0.0758 819 536 1113 903 9 0.0679 1446 407 2466 2354 1 0.0678 1474 473 2375 1938 9 0.0576 850 614 963 732
KdRubeUBLfKFK7czpZLpj2UKkUd7Qoa7,3 0.9913 1280 1093 2330 1515 0 0.9852 1625 435 1916 753 13 0.7351 2350 1128 2436 1177 13 0.4608 2312 1115 2443 1183 11 0.1360 1866 177 1930 213 11 0.1193 1793 167 2007 213 13 0.1044 1776 1057 2087 1477
zLDC4x1YKSlPiMJzyL5guzlibalgg4X2,3 0.4456 975 1618 2193 2141 0 0.3067 1412 667 1750 1116
Dp6hlABw0F8eDrsYE7AHppIQLUyzex3a,10 0.9818 85 1682 231 1922 10 0.9761 76 1622 579 2090 9 0.9683 233 1559 858 2057 0 0.8247 1083 850 1334 1141 10 0.7674 85 1617 274 2001 9 0.7292 0 893 118 1402 13 0.5737 334 1486 774 1759 13 0.5027 247 1523 689 1848 7 0.4798 205 1659 722 1951 9 0.3857 0 562 836 1819 3 0.3574 643 1634 1530 2011 4 0.3520 209 1631 732 2046 9 0.3492 4 842 121 2011 11 0.2951 60 1625 231 1916 7 0.2684 96 562 731 1893 10 0.2208 105 1732 205 1876 10 0.2040 73 1679 401 1981 11 0.1757 101 443 757 1672 10 0.1530 52 1472 228 2037 13 0.1366 342 1374 857 1696 9 0.0970 0 790 203 1477 12 0.0909 65 416 901 1959 7 0.0887 86 1632 818 2072 10 0.0744 58 1588 804 2270 10 0.0726 136 1724 226 1847 9 0.0724 2 635 202 2034 13 0.0698 392 1176 814 1757 1 0.0643 144 1680 681 2068
kznrfwamDdsanBSL9lk4K2Gq4nrvXY6m,14 1.0 0 0 1 1
nF1hEfmxVCZ58MTLERnpZ6O76PbuvGLz,14 1.0 0 0 1 1
BUZnvli0wVBV1fWSDNOEECNBomXBIHDK,14 1.0 0 0 1 1
uwwovgnBT0zfyfHpexfSc7hq1iVUocde,0 0.9957 985 722 1285 1143 13 0.9489 504 476 794 885 6 0.7887 523 480 839 918 3 0.7853 606 1401 1458 1781 10 0.6107 199 1588 312 1814 0 0.5813 801 719 1292 1246 11 0.5000 1114 413 1359 493 11 0.3153 191 1568 315 1799 7 0.1670 584 438 862 916 10 0.1049 203 1535 360 1846 11 0.1024 216 1445 345 1654 10 0.0850 1824 2436 2282 2880 7 0.0834 219 1437 359 1718 9 0.0767 1475 2490 2304 2880 10 0.0587 209 1651 285 1769
fjTJ2hny7k4761RRqw8ltuH9weOSHB5e,10 0.9982 84 682 873 1870 4 0.9090 299 681 772 1345 4 0.8681 295 806 708 1147 7 0.6452 238 515 857 1286 11 0.4479 429 349 884 502 6 0.4175 270 419 895 1291 11 0.4054 136 324 851 1126 4 0.3281 305 960 796 1460 0 0.3090 1018 750 1345 1082 12 0.2783 292 390 877 907 7 0.1674 1634 1060 1935 1550 10 0.1316 111 982 400 1520 10 0.1258 208 353 874 884 13 0.1218 608 676 829 884 8 0.1152 309 704 779 1146 13 0.1150 250 465 812 1248 4 0.1010 275 478 945 1457 7 0.0819 264 357 872 983 7 0.0697 223 719 600 1283 13 0.0588 516 520 795 847 7 0.0552 197 834 465 1320 5 0.0506 1330 471 1961 1669
H0TN2EwApFTpuUukimDBMEoDtd9t2Qwg,0 0.6337 995 3 1302 178 3 0.1155 718 1476 1572 1721 10 0.0758 1614 1791 1713 1953
tqUxjbIp8HO90prVHvAZbWxjd5FyXY0i,14 1.0 0 0 1 1
CM5kIAKicpIBdUiBJuEGuMA0fpdxzz1Y,0 0.9949 1524 774 1896 1169 11 0.9705 890 287 1291 447 13 0.9704 811 331 1337 886 2 0.8522 1657 877 1846 1073 5 0.7668 2022 1168 2552 2249 5 0.6319 617 1396 1075 2021 5 0.4641 419 408 1410 2269 0 0.3640 1261 748 1894 1288 11 0.2981 1857 324 2230 529 6 0.2809 821 323 1388 863 2 0.2185 1681 926 1816 1050 5 0.2176 544 911 1202 2124 5 0.1644 794 318 1362 855 8 0.1457 949 666 1080 769 11 0.1254 1804 328 2126 455 11 0.0653 1843 360 2075 441 11 0.0640 1964 356 2188 523
vi2XEoORf8etogiynwxJjX4L2mY3LlnP,14 1.0 0 0 1 1
cuIkEMWdZHka2JNdPyRg0XeWfs1QpPKa,10 0.0723 2562 2458 2732 2783
z8LW0t7OxL5zo0WWuaBOIXfeJeoIfOFT,0 0.9992 1138 873 1481 1292 3 0.9982 855 1520 1900 2039 7 0.1854 1745 1548 2144 2163 7 0.1169 866 602 1077 1044 10 0.0902 252 2086 349 2265
ute9DdkfYZLp68SUtMUVoeLxmPhWa7pD,8 0.5752 991 1577 1031 1628 3 0.2091 760 1218 1490 1552 7 0.1951 286 511 880 1419 9 0.1310 382 688 595 1279 9 0.1209 1784 940 1832 1064 9 0.1071 298 445 941 1457 6 0.1014 400 699 610 1267 6 0.0980 218 634 673 1475 11 0.0824 351 711 562 1312 7 0.0697 198 603 635 1506 13 0.0661 225 674 646 1417 11 0.0649 215 536 647 1322
Wtm1mvp3b02nw9ByPgPY2eNCtr14ao2q,3 0.0868 1034 1708 2098 2220
FAExgtr6RxLsMNNFPwgePyh4BHcI0PtL,14 1.0 0 0 1 1
Eoefo3WWJaCbaFx3L0ue3y0moR2x2t8q,3 0.9981 920 1649 1938 2004 0 0.9896 1317 1064 1605 1400 11 0.2361 877 717 1067 777 0 0.0944 1124 1063 1597 1504
DtAF5X5JAobDevbYpMI3KyUR8vHDJQht,14 1.0 0 0 1 1
UjgBu355g2yNtbEDNh8obv5CtO9o6Rao,0 0.9972 1068 784 1351 1102 3 0.9953 770 1364 1690 1751 8 0.9534 428 949 462 982 13 0.4846 403 836 496 999 10 0.0807 1737 1662 1874 1939
6PgnePfwn4Cn1myReLSIX3Q2LF83ALLF,6 0.6705 871 302 1341 736 7 0.6646 846 287 1403 766 13 0.6485 887 276 1397 749 4 0.2930 932 277 1382 612 4 0.2761 969 337 1324 529 4 0.1653 856 230 1403 814 1 0.1427 872 254 1342 678 6 0.0819 934 305 1269 605 5 0.0541 628 1047 1126 1884 11 0.0530 1068 246 1329 305 6 0.0522 768 239 1424 973
lqqXMGkoQZHSuwYF8jUlLnM6DRdEe4XW,7 0.4981 66 393 661 1702 3 0.2433 729 1252 1629 1679 8 0.1343 362 1251 487 1368
c2Rn8inSRckUJgdSM3v9b1EiVlzUSTIn,8 0.8873 675 523 752 593 7 0.7425 60 418 719 1742 7 0.2505 179 577 881 1528 9 0.1644 136 378 963 1580 9 0.1355 671 520 753 591 9 0.1196 47 412 553 1675 1 0.0915 33 315 523 1663 7 0.0676 674 526 749 589 9 0.0676 3 353 443 983 9 0.0609 269 566 844 1414 9 0.0579 93 1450 1389 2333 13 0.0508 29 430 585 1930
BTs6FlwtHXgaHXkGGl2M1qYUXnYVuCaz,3 0.2082 1004 1532 2084 1885
cwJrHRnpJKttlNBf8v17T5QdxwFVNatx,14 1.0 0 0 1 1
aOecL9KNLOhNw1Ino4ci5ICevZQMGYtz,0 0.9978 1283 861 1650 1271 3 0.9907 933 1852 2105 2224 8 0.9685 296 1314 368 1395 13 0.5161 459 835 768 944 0 0.4114 966 831 1659 1646 11 0.1220 574 556 1024 745 9 0.1197 470 836 762 939
TSLoaMbPRwYZZwDHjpiHHqgjwhtKhmsZ,14 1.0 0 0 1 1
ocqJdKchnrJGtngqkELYsASqF8uYtn1m,14 1.0 0 0 1 1
0chYIUmm5dSNZff4JuWIhE0rTsjieML3,3 0.0897 953 1674 2265 2220
ltlI6JnmjB13qeBMsQssNkmrdtdg3r1Y,14 1.0 0 0 1 1
cCiLIZ3KMFnWbOI7d5B4AgGfYADxZ0y5,14 1.0 0 0 1 1
X4PiJrPOum3mg4cVBf7UwZSkl4np4W0g,14 1.0 0 0 1 1
j4mxjBsUMd2T5coxmBMzfiHpwUgZEr4n,14 1.0 0 0 1 1
KnKNTtfOepTsM1fdE4inWAbQcAXqGxA4,11 0.8628 1160 210 1423 303 11 0.4412 608 242 805 336 11 0.3146 1204 224 1400 284 11 0.2544 579 220 901 336 11 0.1290 650 259 834 316 13 0.0752 292 1151 420 1214 10 0.0623 1735 1891 1815 2022
iy1erBHPLXgqzQu7jk9ThOkBkztI0Lcq,3 0.9959 659 1326 1584 1774 0 0.8834 942 665 1191 944 11 0.3669 1131 314 1338 389 9 0.0935 1162 1736 1771 2061
jgnjIo0Xs8NbDMJwCeffJnyWqelN8Zqb,14 1.0 0 0 1 1
ULtSsulxfI5QmRpFh5o9mJ5u0pK4lYCf,14 1.0 0 0 1 1
aE3n0YuOkLY3kBsIgwWToag0J5k9qTWg,14 1.0 0 0 1 1
GDpfoGHrULevtIymdwj7aTpxVRKvlpa2,9 0.1051 1572 633 1625 680
L2Y8mMzwiLFKVHD39XPfdsG4xl9FAcu5,0 0.9817 1162 766 1445 1083 3 0.7204 888 1322 1767 1762
wR8f0lXLfaqpgmL7PiDKcxtLwpXNvOCk,3 0.9941 747 1486 1656 1872 11 0.6776 826 446 1035 537 0 0.5987 1154 784 1392 1038 13 0.1346 1264 1057 1467 1246 7 0.1054 604 1328 852 1646 9 0.0636 8 923 311 2720 9 0.0512 66 1420 274 2675
rIEs01Hr9MqefFr471auO1OD1UXIKAZJ,9 0.1330 233 1363 289 1558
YUcYM8dZASyNK9RbHDM1IosWtJK4rUtw,14 1.0 0 0 1 1
FDFHnli6DHMxYn8WAitaF39jIQFH8RSm,14 1.0 0 0 1 1
fAC3CT2FkL1i4qW8Yguo4j0CRM2hVJc8,11 0.9926 1526 430 1672 559 0 0.9152 1116 695 1331 934 11 0.6222 1565 475 1675 563 11 0.1802 710 383 910 455 11 0.0949 611 397 911 468 9 0.0886 1576 492 1677 574 11 0.0669 544 418 767 557
QxE5mFfbVxzcQ3OTKAHhelk2M7tovwKs,14 1.0 0 0 1 1
SfoPyysSRqxhmzHMcNPRaFrMx96wj8x1,3 0.9467 898 1512 2079 2063
0QXm1GgUFMz56gYyHuddtKJTiPcZCK6Y,9 0.0548 1208 1317 1614 2313
WAVobVUp3i0ePbmxEfY8PP2geIvqZQqZ,0 0.9985 967 540 1209 796 3 0.9884 728 886 1629 1226 9 0.4632 435 1936 777 2448 7 0.2362 422 1920 747 2363 4 0.1652 390 1847 838 2456 8 0.0744 436 1942 778 2382 9 0.0554 333 1424 1119 2467
e87CsgYVFG0EISYYFDXnz5ju8LnFB5wO,11 0.1693 1839 597 2213 831 0 0.1161 1412 915 1760 1255
tWpJJHSJXjx3GLOfJIvkC4ZpwMYqF1zV,14 1.0 0 0 1 1
y6RaMvzmceUOeToRH4IxJim2s7RziilG,14 1.0 0 0 1 1
TBwujpIKMZsQz6Fe4hOMHgfkiWb5PuSt,13 0.4068 1766 1690 1915 1772 3 0.1968 825 1474 1718 1790 13 0.0645 1836 1701 1931 1754 8 0.0507 218 1650 268 1723
nXJUlc9Hd4zR7mRU6dswj5LXvkHMLqIT,0 0.9883 1051 673 1345 1044 6 0.2618 307 791 463 956 7 0.0896 306 815 463 954 11 0.0634 1086 325 1339 529 3 0.0599 662 1345 1684 1871
jXnrqXHibxSolpVN4BkkpPGMvCsTZ7Kj,0 0.4826 1144 621 1423 891 11 0.2422 1444 262 1725 434 11 0.1515 1363 282 1549 349 11 0.0663 1291 263 1578 367 9 0.0647 1448 1156 1723 1540
EesrvK9Ki8mmAAwOozngeLOwnqEoit4n,0 0.9882 1325 807 1636 1194 11 0.9674 663 436 999 565 5 0.7194 1693 947 2301 2142 8 0.5541 1978 1693 2105 1789 2 0.4399 1490 845 1585 946 3 0.3022 1031 1583 2033 2150 6 0.1895 1736 1082 2328 2089 7 0.1457 1973 1700 2118 1789 8 0.1123 1784 1803 2003 2046 11 0.0964 747 442 1019 510 8 0.0590 1760 1766 1950 1994 5 0.0546 390 841 1046 2010
cKn9SXZzr237YMKTlQVgMXMbPObkbSuL,13 0.0903 1704 664 1995 915
X7FmZ7jYsVRue4NXgeVwF2A9caL965KD,10 0.9525 144 2422 273 2597 0 0.8431 1114 847 1394 1158 11 0.4016 159 2462 262 2618 8 0.1070 1737 1655 1806 1725 10 0.0692 1986 2377 2096 2561
XQIgKuOQlN5LeOt9zQcwdw3jcT9Aui1C,11 0.1253 1854 389 2081 519
VNe5UALLHPDKAZvrgprOeW07nQBi5qk5,14 1.0 0 0 1 1
5XK5Ik0Idb1QGad9jWEANbjDOJQuF8nI,3 0.3379 14 1614 1994 2422 7 0.2650 1672 199 1977 900 9 0.2502 1669 178 1972 886 13 0.0995 395 1214 723 1459 11 0.0896 570 243 865 332 8 0.0725 1695 136 1987 808 1 0.0517 1713 195 1992 798
qVBG2hKPNybct4WMKXbuJWJRzjtNp8So,0 0.9770 1226 604 1505 929 10 0.9275 346 1564 507 1806 10 0.1835 370 1522 1032 1862 10 0.1641 299 1453 519 1848 3 0.0820 914 1348 1773 1742 11 0.0724 350 1580 487 1782 10 0.0665 345 1552 622 1850 11 0.0662 303 1493 512 1838 0 0.0615 998 596 1515 1102
SK85MRwsmoJ0iZ0thIji0pDPEbsO5ntL,14 1.0 0 0 1 1
U2xE1ZVvCfv6hHVw6QP0YbdMdsFRBMPi,0 0.9942 1343 758 1683 1164 9 0.7075 317 1934 706 2209 11 0.5089 246 1866 517 2300 13 0.4563 499 1637 713 1797 11 0.2447 1650 490 1997 594 7 0.2250 510 1605 695 1801 6 0.1854 516 1634 706 1800 11 0.1682 306 1950 571 2247 9 0.1594 306 1828 1083 2256 3 0.1241 975 1676 2043 2177 7 0.0750 284 1974 567 2250 9 0.0726 373 1868 850 2151 10 0.0708 269 1876 498 2305 13 0.0641 524 1686 658 1745
Bs1yh0krZEAcE7L9GNZivBSY3hzKIHHA,14 1.0 0 0 1 1
0MAmALUkF8D3tldTfVaIqQTucxOCum7G,14 1.0 0 0 1 1
fhrmBzlvGHF8Wn7WwCojZrzzr8CXfO03,0 0.9889 1252 1014 1582 1458 4 0.9045 1417 858 2162 1714 7 0.7957 1486 899 2185 1751 8 0.3861 1586 1018 2131 1628 7 0.0907 1577 1023 2089 1542 3 0.0642 995 1971 1938 2393 13 0.0552 1442 807 2086 1493 11 0.0551 740 703 979 781 6 0.0520 1488 949 2183 1903
sGykCrp4Zi82HEaXD95xxQeCOX5qGyUj,3 0.2256 945 1764 2154 2207 5 0.1782 1562 553 2451 2160 0 0.1724 1396 717 1730 1064
X0wYKDgNSxD5eZIWSDHNZHFkknGxeu4f,3 0.9982 875 1663 2194 2195 0 0.9934 1287 921 1676 1359 10 0.3800 243 1964 379 2242 10 0.2492 2193 1738 2402 2242 4 0.1667 1418 1504 2163 2109 11 0.0689 2168 1710 2458 2335
j0wd33curPZg7N910HiYKAsjVBe9Jiwq,0 0.7291 1001 541 1192 737 2 0.0633 1090 660 1180 753
cHQlb8rC86ypEx3zADnw6CFHVprBjDvl,14 1.0 0 0 1 1
4Q2bnULPIYAL66CwCAMluSFeMkTID1I7,3 0.9420 719 1445 1635 1807 0 0.3953 1056 779 1276 1029
CV35MpKvzhjS64rLC9d0iDoVj1SbBmpI,0 0.9548 1355 801 1654 1119 11 0.1039 878 349 1158 409
hhX9Rj3noFParZYrAW79sQqUoutado1C,3 0.4022 655 1234 1443 1472 3 0.1211 13 1510 1954 2416
dj0ilVrEi9WlV8IYkSG4IBHbhymeuz9I,13 0.9767 436 465 975 1045 11 0.8330 561 397 868 591 7 0.7193 685 445 1934 2082 7 0.6467 1104 453 1709 1088 6 0.6390 437 534 1037 1371 1 0.5792 1039 422 1976 1987 7 0.5554 1201 665 1817 1069 13 0.5161 379 459 1030 1443 10 0.4677 1135 607 1825 1398 1 0.4029 440 410 1012 1047 9 0.3961 949 364 1749 2171 9 0.3525 1019 435 1251 1044 3 0.3297 1037 1178 1897 2006 13 0.2991 389 885 666 1330 7 0.2935 1167 559 1862 1592 9 0.2812 930 400 1497 1333 13 0.2802 462 900 576 1146 7 0.2422 442 395 1074 1409 6 0.2422 413 419 1587 2117 10 0.2202 1139 497 1986 2104 1 0.2007 414 444 1073 1502 10 0.1939 1722 1810 1941 2080 4 0.1677 1140 533 2011 2029 11 0.1641 600 370 1045 592 7 0.1580 1253 712 2006 2051 1 0.1500 1160 678 1912 1598 5 0.1467 259 510 1439 2306 8 0.1401 707 1109 915 1367 13 0.1317 387 372 1969 2305 10 0.1315 1298 1347 1997 2144 1 0.1239 435 469 1746 1838 6 0.1162 536 551 971 988 11 0.1140 1196 495 1837 1225 6 0.1132 799 522 1941 2098 7 0.1083 1147 370 1510 798 11 0.1064 1175 451 1665 751 11 0.1007 1260 550 1949 1629 8 0.0983 500 1073 530 1116 8 0.0980 1275 659 1797 1188 10 0.0970 1671 1749 1961 2228 11 0.0958 414 397 898 829 1 0.0951 1239 583 1855 1278 10 0.0942 1669 1325 1961 1750 9 0.0909 829 345 1946 1309 2 0.0889 490 519 931 1018 11 0.0872 663 394 950 511 6 0.0826 304 570 1080 1874 9 0.0803 1029 319 1548 1003 5 0.0799 337 779 1073 2008 7 0.0741 853 412 1839 1301 12 0.0735 1152 472 1458 998 13 0.0733 442 843 628 1234 11 0.0649 1183 509 1781 871 9 0.0636 1070 526 1335 1075 7 0.0634 1171 546 1619 877 11 0.0616 1229 638 1816 995 11 0.0540 771 385 990 519 3 0.0525 805 882 1972 2203
5qYYvNQoQutEvxVtaU3Y3xFjWa9Fz7MB,3 0.9676 772 1236 1585 1703 7 0.8126 370 1114 881 1663 6 0.4560 367 1109 933 1819 7 0.3894 1341 1125 1772 1782 7 0.3871 323 1158 862 2043 6 0.3530 425 1181 872 1608 7 0.2740 1199 1201 1592 1650 8 0.2497 493 869 590 986 7 0.2097 318 876 967 1793 4 0.1240 1073 1224 1679 1853 10 0.1073 269 1169 1024 2309 8 0.1029 1124 1234 1544 1608 7 0.0964 291 1053 1004 2394 1 0.0880 366 1172 660 1621 4 0.0834 283 1141 975 2317 3 0.0700 765 1286 1502 1508 0 0.0665 1002 821 1224 1059 10 0.0663 1101 1203 1749 1937 4 0.0611 373 1149 1152 1905 9 0.0602 393 1231 823 1598 4 0.0594 1127 1214 1562 1635 7 0.0588 1058 480 1240 917 13 0.0585 377 1232 802 1632 7 0.0567 325 1135 1476 1977
IAVwVrssitzkZ26GKDe9oT0VyMAjm4zX,0 0.9993 1063 839 1372 1223 3 0.9944 608 1582 1660 2020 11 0.2280 557 532 857 656
dGZM9myiChbX3OKVUX7o2EisLZZS7pwW,10 0.9977 246 661 1050 1857 0 0.9862 1203 911 1506 1239 3 0.9284 842 1497 1894 2136 12 0.8214 432 552 1028 1111 7 0.8003 454 750 924 1221 8 0.4875 498 1776 569 1841 9 0.2661 499 1784 568 1840 4 0.1609 255 845 972 1805 6 0.1399 506 770 846 1118 11 0.1109 492 568 814 793 3 0.0861 1013 913 1495 1249 7 0.0701 238 673 1015 1924 13 0.0690 551 773 850 1059 7 0.0516 384 825 956 1499
My6PQEBNVbP73vevRIThz1rBWXS56xPe,9 0.1029 85 1531 793 2430 3 0.0871 701 1474 1566 1728
SJi7vzBwUBAisv9LSJhI2UWMMS99O4a7,0 0.9794 1515 879 1942 1312 8 0.4453 2275 1118 2366 1226 13 0.2336 854 1070 984 1200 0 0.0813 1348 887 1967 1620 3 0.0604 1166 1562 2289 1939
RYg1wxRDUPZg2bPm1lNGzHbN633qWGCf,14 1.0 0 0 1 1
Nnl2rvMSyeSihPaCdh1cr26qliUJ59DV,3 0.9953 727 1378 1828 1813 0 0.9827 1106 486 1409 806 11 0.9045 527 238 736 388 13 0.2736 559 1264 832 1551 4 0.1578 274 1302 910 1919 11 0.1413 535 218 880 399 9 0.1341 474 1282 1028 1932 8 0.0515 641 793 678 835
NlqXaTL77Hqj9m6LBFHAuDR0tKAkZhdZ,0 0.0536 1172 856 1483 1173
ZDzR6VtZqxtsY9eLo7tWb4uKYf3VXn6F,0 0.9991 1370 872 1735 1305 3 0.9978 989 1811 2209 2255 10 0.7226 139 2188 293 2382 11 0.7003 1650 393 1840 481 8 0.6599 2085 1347 2162 1416 6 0.6448 326 1411 1026 2118 6 0.5534 491 1674 982 2091 8 0.5034 429 1524 484 1569 8 0.3699 563 1114 620 1167 8 0.3004 663 1583 745 1676 5 0.2226 226 1103 1099 2170 7 0.1840 469 1598 1038 2104 11 0.1244 95 1833 329 2391 7 0.1222 172 2091 381 2350 7 0.1203 907 229 1306 1146 7 0.1159 575 1953 707 2077 8 0.1010 747 1850 973 2036 11 0.0972 119 2145 300 2431 4 0.0896 519 1730 981 2090 10 0.0873 89 2075 315 2450 8 0.0836 568 1600 676 1705 8 0.0814 628 1815 892 2014 7 0.0723 560 1755 978 2069 9 0.0579 576 1587 670 1677
t8xzIFf9YBhTWSCJiXzkPj38cpgu3Ilj,0 0.8759 1319 658 1630 994 9 0.7010 1029 695 1547 2260 10 0.6467 376 2198 511 2362 3 0.3690 976 1558 2066 2036 11 0.2627 384 2211 520 2383 2 0.0811 2470 2972 2544 3000 9 0.0505 393 1816 1114 2281
eVfblxZZ2j3ktOK4GegbPkLjUlJGG6j7,11 0.9349 1674 233 2125 501 11 0.8394 1658 265 2062 397 9 0.7313 2078 777 2177 894 13 0.6446 1697 309 1981 697 8 0.4689 2081 772 2178 891 11 0.1174 826 228 1221 377 13 0.0845 1712 335 1931 535 13 0.0787 1696 284 1838 536 3 0.0739 975 1641 2040 2180 7 0.0724 1676 276 2013 604 7 0.0505 2054 764 2185 903
QsEMfGaaJqAiikyTsIjYDb4uQv3Iw0au,14 1.0 0 0 1 1
TPOtlnwUizcRChmSBhqAiRifzgj6Qxjt,14 1.0 0 0 1 1
jq0agjyP3e9OB50QIUkKHt3n7cueNofE,0 0.9357 1382 873 1683 1251 3 0.8981 954 1766 2032 2258 6 0.5405 1847 1067 2061 1263 13 0.4096 1837 1059 2068 1269 8 0.0597 1897 1091 1952 1140
pTJBgqyZOL9EX9RLAfncxlyhzjmyFgWE,0 0.0714 1299 663 1637 1046 8 0.0649 1403 1610 1492 1699
op4qFQS2O7Pe3YXTqj2kWxnsNZi0MakR,0 0.5413 882 634 1132 930 3 0.2813 608 1306 1386 1564 11 0.2319 1178 366 1336 468 0 0.2281 652 624 1130 1137 11 0.1037 1055 350 1280 418 11 0.0697 1125 359 1305 441
U0M9pRTdAlx4QQKzHI3qFkRDtYDGHmwp,11 0.0743 1305 262 1603 386
hZINohIkWccLrBh856dVCoZgyFPwuA3Z,0 0.9837 1365 866 1699 1259 3 0.9535 948 1808 2188 2277 11 0.1703 723 554 1196 755 11 0.1480 1634 586 1941 677 11 0.0756 555 568 972 850 8 0.0740 2401 1964 2569 2271 11 0.0607 1666 581 1894 643
PDLoILtXIdztErgrbzXgogShmv92sKeo,14 1.0 0 0 1 1
4LJLyjdfTLKyXAj5Q9bkgsXhWdfKgyhq,14 1.0 0 0 1 1
ZqmxYrM3JGa44znNpvyeFVQloqx6RvWq,14 1.0 0 0 1 1
KzJU8UPqNawP7IsYQiyneaA7ftLiRjG0,11 0.7463 1553 291 1798 371 11 0.5041 763 344 1112 451 0 0.0897 1392 765 1679 1035 11 0.0666 910 352 1135 420 11 0.0663 1507 297 1793 419
f3EsHT6Gzoduj3TcMf7AHwWO4DBEFh9G,0 0.5825 1076 0 1602 345
vQ51GXh87D2vRe0D394qpAbdXSTiqK92,0 0.9990 1221 898 1515 1269 3 0.9984 836 1455 2042 2068 4 0.4102 347 1248 934 1872 7 0.3302 324 1286 905 1851 6 0.2406 378 1227 947 1909 9 0.1231 1548 433 2159 1186 9 0.0689 0 240 151 492 11 0.0596 1461 447 1854 548
Z3Jodijx1CHBY0FuQoMzV9hZmPSMtsIP,0 0.3225 1349 567 1643 897
93mYFdPv9v5dgUQG1TFcNowRiovS07lW,5 0.1941 288 962 967 2101 8 0.1843 462 1717 584 1822
smEAGJEkCIHbixyONCW1IRGSKKyfLJ5G,11 0.8654 423 369 757 678
vH0u4Tsao1wQ6oWTjlZgjISWy19WONH3,10 0.9404 438 2135 586 2356 11 0.1977 442 2158 595 2402 3 0.1565 1106 1714 2144 2111 8 0.1264 1980 1826 2076 1941 11 0.1035 783 383 1038 539 10 0.1003 468 2181 576 2327 10 0.0794 2238 2160 2347 2349
wuWSzfif6H4gQ97r8THPiLJEszXXalH1,14 1.0 0 0 1 1
I7OdDGsmECO1CPVkmnjZ2P9DfuptoRdm,14 1.0 0 0 1 1
PvA8yGI0sxn3gzkfBJBNCMUas0tIU388,11 0.6585 1444 469 1748 599 11 0.0897 545 473 1101 673
ujAP5wviwq1K4pLsgHo9WDRqtS8DBhr1,14 1.0 0 0 1 1
PSMcanbzytgyQnZOIpq0XTdqwnWQtbp1,14 1.0 0 0 1 1
1M54OVjHQTVR6M3NN7xdIIpJ0B9Canwn,14 1.0 0 0 1 1
1FFlD6P0ctpXRDjLHWGhcO7OJuCmyXvX,8 0.8119 761 1004 804 1046 13 0.3810 752 977 869 1074 13 0.3032 697 954 878 1129 13 0.2744 606 942 906 1192 8 0.2335 761 992 826 1051 2 0.0781 740 972 866 1082
JbkpIMasKi1cMR4vs6TxTGRt3F2J7kso,13 0.9787 450 569 851 1089 11 0.6264 764 388 953 455 10 0.5474 256 2268 376 2447 10 0.4979 1903 2253 1994 2425 11 0.3291 1388 381 1670 487 13 0.2904 477 687 708 974 11 0.1851 1913 2254 2002 2429 11 0.0819 1333 354 1699 548 11 0.0725 259 2328 357 2453 6 0.0537 456 464 870 1035
1brponNPOSiCgtmA17mP2fkMJk1RkkDb,9 0.1014 0 7 150 166 3 0.0774 853 1287 2002 1805 0 0.0585 1191 653 1481 909
3bo4aYNDyLoCE2uZonsapNdtOeOP0caH,3 0.9844 755 1217 1797 1775 0 0.9821 1111 612 1376 892 9 0.8164 185 1369 751 1843 9 0.6425 317 1342 701 1637 13 0.2987 1739 1090 1851 1141 13 0.1516 388 1239 793 1567 9 0.1169 77 1230 836 1999
XQ9XKQQYUqt82YaDg3SuFbJ4gwT9b2PV,3 0.9865 1186 1243 2196 1598
1KE74WPMd0g2iphQXBTVJ0PhV7QCAa43,0 0.9927 1220 798 1478 1092 10 0.9411 151 2167 241 2298 3 0.7032 898 1660 1926 2106 11 0.4588 627 379 1040 558 11 0.1876 1350 487 1528 593 11 0.0528 147 2169 250 2309
THk1w79q3h11gKZ0UZaPBP5eQyoPVRZq,5 0.1215 424 1207 874 2191
V3vUblvcoKc9mnOHb82pNJ4MTr9ZtNJt,0 0.9935 1594 821 1931 1209 2 0.9791 1725 849 1882 1002 13 0.9746 777 870 1087 1116 6 0.8184 792 1672 1132 1938 3 0.8154 1211 1728 2295 2160 7 0.7979 863 957 1104 1170 8 0.6712 885 963 1099 1139 9 0.6672 877 978 1074 1105 5 0.6292 649 1068 1257 2012 2 0.2990 1675 830 1899 1068 13 0.2303 864 951 1110 1148 7 0.1768 801 1687 1136 1931 7 0.1511 765 882 1102 1147 8 0.1156 611 1056 1297 2069 9 0.0920 846 936 1112 1144 13 0.0661 872 1241 1150 1445
ez7OSLyBptPJD3lN5wiBFfHhA3YLKZOR,14 1.0 0 0 1 1
9mriVjko8K6wBded3jxyGa8RFQNwXHkX,14 1.0 0 0 1 1
iOfu1paCj6xmAnR8uCqS4alLltdvMlNT,5 0.2047 131 502 1009 1483 3 0.1577 840 1138 1922 1569
rhcQaNUkjRuqs8KzVExaQ0JGlS65Pnro,14 1.0 0 0 1 1
E1WlQdHggW9hc4PUgcpDmsZ2bCt96nty,8 0.0652 696 1534 753 1599
KNBMn3YytLU7D95QCirHw7lUAjasIXHs,0 0.9505 1262 705 1592 1072 3 0.5747 932 1466 1915 2004 0 0.0660 1077 688 1586 1157 7 0.0580 211 1259 938 1879
DdNSNEKarL8GwMbzfaXn6hTxzStkiMc7,7 0.1503 81 839 689 1582 9 0.0835 200 836 406 1018 7 0.0558 170 798 405 1038
7J9Cj1ZskcEig2Je3gjVBy5MihxmEz0K,10 0.3304 1874 2001 1961 2143 0 0.0971 1095 737 1318 969 9 0.0814 1902 2033 1956 2138
UslJEP0KXkXF74T6J7ev7nVdAQ3cN5cO,0 0.1968 1159 652 1388 961 9 0.0598 53 1688 661 2224
40GeGGzO9E0TERfnwwAoclgHY05EC8dD,0 0.8773 772 629 1365 1147 0 0.8723 1089 627 1347 955 3 0.6934 755 1230 1610 1565
YRbxtCD6mjbiTkip0i5sU2Uf5KpxPOaJ,3 0.9967 632 1195 1606 1656 0 0.9877 918 659 1177 926 7 0.1703 1967 2394 2304 2809 7 0.1595 1317 1373 1760 1816 8 0.0731 1958 2382 2304 2867 3 0.0679 0 1752 2072 2747 10 0.0656 0 1400 957 2278 10 0.0604 1926 2371 2290 2877
6m5dZDMjAlVndl5uC2iv9PG5AwDf64Iz,14 1.0 0 0 1 1
qcATLpSRNsyAp8vXS0t56IQONchDBEKx,3 0.9987 675 1509 1678 1917 0 0.9899 1069 786 1331 1085 11 0.8293 571 504 823 592 11 0.4268 483 497 752 651 11 0.2036 1217 552 1460 615 8 0.1840 532 1727 584 1761 7 0.0966 453 1447 764 1777
mdC6TcvwMO8hhmEhlUtqo8LTuvOIlXdv,10 0.0500 2312 2179 2414 2321
10GXThJYf4LeC3PiNNraUpquWYQlvNG6,3 0.0880 812 1106 1509 1419 9 0.0823 551 1267 1841 2292 1 0.0811 1596 1323 1810 1457 9 0.0650 1231 1184 1806 1571 3 0.0522 88 1428 1994 2348
JTZ3vx6jxBlIPWEIj9x1INKaeI4YbyAX,0 0.9911 1315 758 1608 1077 3 0.9794 881 1473 2088 1955 10 0.7495 109 1805 213 2044 5 0.3087 183 1212 831 1779 10 0.1244 2142 1741 2304 2002 10 0.1039 2159 1695 2287 1917 13 0.1022 467 763 615 870 10 0.0684 2066 1778 2286 2060 5 0.0623 290 1329 822 1663
NxqZEolK18X6QSbQwfOYkCiObpW1CyI8,3 0.1955 823 1266 1546 1612 3 0.0636 146 1623 1903 2418
3NPs7no6Sxfd3N3tygHlBV6vwFFQ4Elw,3 0.7973 831 1438 1662 1783 9 0.1197 839 902 1186 1901 11 0.0742 419 616 589 792 11 0.0650 664 433 901 521
lCiBqkfWRRvHdYUjQxLy4pE0X2sswRM9,11 0.3122 691 153 921 256 11 0.2038 1233 167 1405 241 11 0.1500 799 174 921 253 11 0.1272 265 1016 358 1446
GQPQ5C4SGnxLH7FZuBO9TqNIkjyLY7j5,14 1.0 0 0 1 1
KnGWTZj0SBmEvdbJuu3ouEgyXC3crS5c,11 0.9949 506 326 718 495 0 0.9755 1043 687 1288 987 13 0.9022 563 434 790 725 11 0.5324 575 343 704 443 11 0.5035 563 328 827 482 11 0.4739 1215 339 1479 417 3 0.3713 754 1427 1702 1841 11 0.1401 594 334 850 417 7 0.0751 559 327 825 504 11 0.0740 1158 325 1470 477 9 0.0622 154 774 224 978 11 0.0514 1739 1760 1984 2035
eaIAuuiwfIg4vyMd8ibJWAdv33HPDVsv,11 0.3590 710 334 870 387 11 0.1252 645 326 890 394 6 0.1147 675 360 955 789 11 0.0545 551 319 763 410
fmkkcKO02vOF5IzVIzo4aDmiMnKvBywt,7 0.0909 575 1334 765 1520
m9jyXgfC5S0XtpSOXYovY8soUz7KjxJY,8 0.8941 704 1585 804 1679
psvdthsmD1XhTD9fTghSIvWk242AYy4M,14 1.0 0 0 1 1
N8woC2l2Dvx2iqn6e836EK22tEsD2LBI,14 1.0 0 0 1 1
uOgRVktPp6rHWKSQtrjOWoYJekFuHBYM,0 0.7752 1006 702 1268 1012 3 0.4830 689 1356 1541 1842 3 0.1232 715 1449 1503 1710 11 0.0614 1693 719 1957 1200 9 0.0570 1695 724 1957 1191
b8HdZu3jGoqvImPR7vaks8FK944Ge13b,14 1.0 0 0 1 1
C9jBsvWQgXcOfmBBsMVSzTpYiHmOPEey,11 0.8329 662 667 897 773 3 0.5161 776 1830 1599 2257 7 0.4563 1520 1466 1808 1854 9 0.4200 830 621 1261 1351 3 0.1056 664 1666 1626 2161 11 0.1036 641 668 843 738 7 0.0672 1546 1504 1779 1724 9 0.0645 1000 677 1173 1178 0 0.0629 1063 1008 1308 1287 9 0.0618 769 606 1304 2010 8 0.0565 1550 1500 1757 1724 11 0.0500 739 674 939 825
PD756nq96XadrARw0foY4b5ZQ54YJ1iI,14 1.0 0 0 1 1
moDiQXIz4P0SNHeeQFgKb5GIrjIqXCmv,11 0.0953 2007 1601 2254 1951
oduIg4tCyHhH2TLrU5lZyLymPczHHT0S,3 0.8909 503 880 1799 1745 8 0.7751 511 540 1166 1529 9 0.6917 517 647 1125 1548 13 0.5891 676 584 855 795 9 0.4851 525 898 941 1428 7 0.4222 573 547 1112 1482 1 0.3271 464 488 1113 1552 7 0.2829 762 494 1144 1113 3 0.2766 514 880 1301 1547 5 0.2043 1317 448 2078 1977 0 0.1765 548 405 1406 1323 8 0.1216 510 983 986 1468 9 0.0920 764 490 1133 1110 7 0.0860 516 877 991 1484 4 0.0782 466 673 1062 1546
IISPfMKJThvkWrQLhYZ8xG1hHwQFfTXJ,9 0.0871 4 1372 271 2419 9 0.0815 2 2394 160 2837
MOhmwGUVfabUFRInT8gddmbV8yz36ofn,8 0.2596 707 767 775 890 13 0.1382 724 759 780 845 13 0.0816 709 742 797 891
Wyo6mKTpDrkJEXf6KY9W9PwViTrgdPgo,14 1.0 0 0 1 1
GNJlImmAXCmdHPwEcOjXJSOMjQDeYlbe,14 1.0 0 0 1 1
URMUaZBBinJZgUBNts83DoRTIjghr6vE,3 0.9342 814 1226 1535 1509 9 0.0753 1715 655 1978 1100
AJk2NoXvOykkQ03NPeAzfOcp7sgxnG3y,9 0.2577 0 33 343 222 9 0.1015 0 78 128 206
P1Xierv7NvYLaEZ3RzmoBvwUokk1ctT0,11 0.1380 691 636 798 724
6DdnBMIEeHA0QeCybcbcgOCenOCiRHFs,0 0.9133 1230 810 1616 1234 3 0.8481 830 1556 2014 2025 9 0.7462 218 1765 592 2009 7 0.2385 233 1778 567 1977 5 0.1704 242 1142 741 1677 9 0.1615 170 1743 761 2094 5 0.1534 169 889 822 1932 9 0.1418 2322 1963 2423 2303 11 0.0636 307 1786 402 1872
igzwfHehQtkQlhwPSAgZDE4oBmAcJ1bx,0 0.9782 877 652 1168 953 3 0.8957 670 1096 1500 1445 11 0.2405 960 406 1225 527 10 0.2221 165 1370 229 1488 9 0.0655 63 1098 862 2364
USE6SR4XkOVoQW1EsoFdAn60WD30VVEs,14 1.0 0 0 1 1
zq93uWCscS8GnxRBM4XhIXlBE1PVTXe1,14 1.0 0 0 1 1
P6EZapYpf3nlZFmrfl46UI8OaEpx0kNP,14 1.0 0 0 1 1
oHzvIq0mp76RlK8k6gnBQN0MS29DaJmf,0 0.9865 1053 849 1345 1177 11 0.4346 1151 507 1352 553 3 0.1368 801 1557 1621 1966 11 0.0884 650 543 817 588
akwrRCWxnB1PpgdBRVhzYAePyrysGpN8,11 0.1900 598 262 961 510
E6x172gM2eGxDd66Ls00gXv21I4uxqzr,11 0.6368 1343 476 1568 523
X68BQpRqmcEGAzeCM3271sHI11JIRLy4,10 0.6028 248 1575 354 1727 11 0.0680 1407 201 1593 257
WfGkItagb1esZSwEEXUszol1t0lwAUQ3,14 1.0 0 0 1 1
LCjM7XLPDLBH6hskMGWgOfYj0sXDydpX,10 0.9996 313 211 1311 1933 10 0.9736 2370 2206 2475 2373 0 0.9641 1481 710 1812 1023 3 0.9566 1009 1344 2337 2184 11 0.9081 557 173 1115 511 12 0.8186 594 248 1188 762 11 0.5607 644 173 1132 367 7 0.4629 536 285 1139 865 7 0.3245 493 155 1131 573 7 0.2221 564 686 1133 1020 10 0.1601 447 163 1188 833 11 0.1275 403 223 988 766 10 0.0866 2347 2146 2493 2403 11 0.0796 2380 2217 2473 2368 9 0.0716 1810 1102 2152 1584 7 0.0504 1706 1077 2237 1869
yd8vZSHYnBdSe7HSdo9szywuvVWUR99L,0 0.7737 1119 570 1363 816 11 0.3655 1305 334 1455 377 3 0.3415 834 1354 1724 1744 9 0.2175 209 1174 287 1524
1vW3SLNSMrqp4IUggVIPcweqSfQlRqX4,0 0.1710 1088 615 1267 809 11 0.1541 731 318 898 373
frSE8l6kD3MneOxlzZ1vpRjTo90C7BuB,0 0.9975 1311 482 1584 741 3 0.9962 894 1051 1901 1390 10 0.8771 1928 1308 2043 1561 9 0.8035 948 368 1300 1334 7 0.3167 1733 924 2014 1320 5 0.2116 353 761 841 1339 9 0.1175 939 532 1210 1158 7 0.1132 421 1093 906 1379 10 0.0963 1930 1320 2014 1484 9 0.0900 1352 480 1586 704 8 0.0641 1367 487 1580 696
q8Apn20Jxv8MzL12awPIsJGi1LMmOEeV,0 0.1361 1025 877 1288 1179 8 0.1022 361 1702 480 1827
vYragbgkTSCxmUJzd5Kup9ft7d0gGCP5,10 0.0598 226 2383 369 2627
jS95p46Yc4FihJMilP9vUYHbo8xnEh49,14 1.0 0 0 1 1
7yRuwvL996uVz1uVs1pPClA0eRzb0OaO,3 0.5017 1265 1392 2302 1804 9 0.4587 2099 2262 2492 2813 9 0.3236 2192 2267 2434 2564 13 0.1878 764 745 858 793 9 0.1089 2275 2339 2433 2730 11 0.0932 2029 334 2254 482 13 0.0802 1824 1630 2037 1772 8 0.0761 2138 2235 2341 2415 9 0.0609 2119 2238 2343 2436
mJrWxVuchiUgLjUrGYSv2zCcH64HjVVO,6 0.8715 453 752 844 1157 7 0.6975 415 724 875 1184 0 0.6869 1039 943 1327 1251 11 0.3750 564 575 881 668 13 0.3747 397 680 861 1208 6 0.1274 405 565 917 1201 6 0.0546 465 797 748 1055
2PCEyGh5byKjZZpznDsXBxp1yFVm9v6l,14 1.0 0 0 1 1
HHL94yX6Jm8cWr4fB1qKndD9lWkqkaGK,0 0.1314 949 0 1480 339 13 0.0680 362 1747 432 1791
SKyW3Ku6Yc3viPt6VkNWtSic8b7UldEu,0 0.9001 1171 745 1490 1145
rFTqvU2NZwrnsfNduIfVgLHg51Kd8qhE,8 0.1172 822 751 945 904
ImCNRGGohpB9QeKlytsCDesa1Hdc2kWv,14 1.0 0 0 1 1
NR2yRh6kmp9utP6RDf83SDJ20ZEIP4Dr,8 0.4209 1725 966 1764 1010
XBjqXtwibDDSooSql7BHUeJMm6bLhWFx,3 0.9970 915 1230 2175 1671 0 0.9890 1344 542 1814 973 0 0.9885 935 521 1881 1266 8 0.9256 1579 801 1929 1193 0 0.8166 1173 431 1943 1648 2 0.7238 1489 684 1676 830 7 0.6824 939 846 1299 1357 5 0.6085 1579 407 2395 1627 9 0.4988 933 889 1282 1335 3 0.4476 801 952 2250 1815 8 0.4400 840 777 1372 1379 7 0.2514 879 831 1387 1646 0 0.1253 1100 813 1921 1171 8 0.0987 928 907 1282 1296 2 0.0961 1420 597 1973 1209 9 0.0940 1143 246 1476 687 2 0.0826 1464 585 1681 846
8siY5cBug2mv89IxC4A1FC2BkHGLcHzC,14 1.0 0 0 1 1
y7uE2be19QhHd0HAnxxCgyYasgrAEvy5,14 1.0 0 0 1 1
b2UnHa45WxAM9MRw2BYBraRMuM9PbMM9,8 0.5064 870 1987 951 2074
bZ39wEGUHusSHFRLNpHndUX3mkqSrDTe,3 0.3421 1293 1528 2271 1885
rbqRr1WTuLRc5JkyYh6g0Yx58bPQFtpy,14 1.0 0 0 1 1
4rS5EJhz5rAetP9l4V8zJRvZeKOcuJyg,0 0.3834 953 892 1187 1102 7 0.0654 11 729 598 1923 11 0.0591 1062 587 1282 707
f7wZNdEkuoLtaMSun1R3JtYuHCVEzbyO,0 0.9981 1123 829 1458 1172 3 0.9980 669 1667 1914 2148 8 0.7412 817 484 859 542 2 0.6183 813 483 860 541 0 0.2980 808 836 1470 1486 4 0.1436 232 1671 903 2255 9 0.0505 290 1686 914 2280
qpfjfxJZaGrZf728wchGh2mWAQ4TtN5d,14 1.0 0 0 1 1
tCMW91DDLelvp1vwHQPXINKZyXVj6Unr,0 0.7195 1621 731 1906 1043 11 0.6896 1829 359 2135 419 11 0.1486 1004 388 1240 504 11 0.0642 1857 365 2046 409
Mtbte1tN0SvoV07eidUvGVdpV1Hdekpb,14 1.0 0 0 1 1
STxKimCbDTERnaPkOyY0GlIrRVY71raD,14 1.0 0 0 1 1
5O4lU633xp1RQs4OAksf0cbcKuv1nXOx,3 0.6282 939 1388 2025 1940 8 0.1701 370 1338 460 1484 9 0.1506 370 1347 454 1481 2 0.1129 377 1370 458 1485 0 0.0865 1313 773 1563 1025
kZJ3qcdlSXU6EFVMuVWqloILVc9LcsDU,14 1.0 0 0 1 1
GHy4oLhHT7EdgdTQX8qs9YdgdoCbKHK3,5 0.0892 1542 502 2171 2057 5 0.0732 152 432 1098 2062 11 0.0623 1732 361 1822 434
28WbutBGFrCozjRWzhCs4HgwpAp9c4jC,3 0.1395 830 1310 1534 1649
r787hjPCJ0B8IlQXUgQQQfbe1m6dTOm1,14 1.0 0 0 1 1
MAO6cST8KemLxBLQas38TzsQefcONye3,0 0.9863 1136 478 1447 800 2 0.9461 1246 720 1360 821 5 0.3913 566 1220 992 1663 13 0.3130 620 370 734 506 3 0.2676 948 1326 1750 1672 11 0.2537 796 244 948 304 9 0.0789 631 370 728 489 5 0.0713 434 1136 935 1752 11 0.0634 1234 174 1521 247 8 0.0552 1252 725 1360 825 6 0.0535 585 1242 1018 1664
mJQGcv0v8JYMz1gW65eFmj6WM6j8GNXt,14 1.0 0 0 1 1
qTpy4IAnaAONYYJS5h58F8J0i3NMpold,7 0.5730 686 648 926 1213 0 0.3201 1015 759 1359 1185 9 0.2105 10 607 754 1471 8 0.1738 1060 755 1413 1195 9 0.1066 0 1349 749 2407 9 0.0726 643 1720 1400 2477 9 0.0715 2 1551 71 2460 12 0.0643 85 576 868 1734 9 0.0597 951 644 1356 1723 4 0.0588 1132 1478 1943 2452 1 0.0579 102 1611 887 2351 7 0.0569 1077 731 1414 1198 9 0.0503 0 1667 58 1857 11 0.0501 0 1954 37 2427
rrAf4cYiKtrKq4IgmQr4NXSCebjFo8bk,11 0.3654 574 415 790 538 0 0.0994 1045 790 1301 1070
khMfCBOdEZfNgj45ilN68ZuwVns7KEvf,14 1.0 0 0 1 1
Cevko701yXlvb1eWUiHkx925pYriTcGY,10 0.3259 755 2121 837 2236 11 0.2713 1319 332 1575 421
2LMzHNku8edcJqiyvt23SjmkIfUXq93X,14 1.0 0 0 1 1
KvSWfazJqxoEYEpGNlDHHfnz6kuYZwCq,0 0.1226 1331 2135 1819 2725 8 0.1223 1708 2514 1833 2649
v80LAvT3B6scNmpzYFJXiruyFOrJlNWy,0 0.2027 988 949 1247 1231 11 0.1435 1091 654 1363 779 3 0.0736 704 1602 1466 1874
aTUErWD5cQ2DHLtiCNbAC3WehAziM3zF,3 0.7748 1294 1519 2292 1872 10 0.2871 653 1913 748 2089
s0trb8sEaPI8TfLXc4YiUo5yJKTVEwQu,3 0.7955 703 1165 1721 1576 9 0.1710 1404 1386 1981 1568 7 0.0781 1583 1110 2008 1506
Y6YYo3WAjkiBIuCNIYr6GFkbIhnvfj8e,0 0.6881 1143 571 1497 935 3 0.1752 716 1139 1830 1733 5 0.0910 1241 411 2085 1733 6 0.0862 1459 683 2123 1732 9 0.0771 739 264 996 799 11 0.0559 732 262 930 347
Kfs7NMgY49RJvKOr91pGBGFtgQOLepZJ,0 0.9981 1303 602 1584 906 3 0.9868 1035 1423 1945 1829 11 0.5174 834 304 1105 390 10 0.2930 398 1859 464 2004 8 0.1425 1745 1073 1813 1136 5 0.0580 405 530 1174 1880
8jtMuqQehXogjNwIPGiSZUpBCiMRtroh,8 0.0547 1047 2053 1126 2140
4LaZvYv99Z8ClfB1dPTfegBjvjO2v6ZY,11 0.0660 1694 461 1955 521
gDcRDYgs3PQD9xjw0SruaZhp8F5Sic77,3 0.9230 800 1265 1602 1607 0 0.9096 1022 761 1187 934 11 0.0669 1571 652 1637 770 11 0.0602 588 461 863 524
L0iD5dZyEcauy1UlWDt81FRYeHSstwJv,3 0.5973 1002 1687 2088 2112 11 0.5688 754 572 1132 681 0 0.3228 1342 999 1624 1314 11 0.1366 821 580 1100 649
NIbZaYatxbHSvqV5VnkM0QFi2jhUjLOp,0 0.8253 796 501 1427 1131 0 0.1358 1115 520 1407 890 9 0.0965 3 773 222 2623
h9f4mKEO9bRpcuwqqE7q14xuYnusAtLI,11 0.3569 600 233 897 331 3 0.1732 667 1386 1662 1921 11 0.1175 550 229 860 397 3 0.0530 633 1339 1734 2320
fRLcXoRQjL0ZU9WdRJUdxbajJ84LiAuX,0 0.9902 1370 635 1706 997 5 0.9409 1623 569 2185 1761 8 0.8185 1502 382 1770 643 9 0.2821 1005 167 1333 1028 9 0.2232 975 146 1762 1714 9 0.1969 1101 217 1573 1222 7 0.1508 1498 353 1803 655 2 0.1285 1444 658 1630 921 9 0.1220 931 88 1499 1086 7 0.1145 1033 173 1330 922 9 0.1132 1329 239 2223 2222 0 0.1130 1274 597 1765 1125 3 0.1069 1138 1385 2041 1866 9 0.0878 1165 62 1567 876 9 0.0824 309 19 661 147 7 0.0603 1042 292 1224 578 7 0.0550 1005 74 1514 874
xJwd6PsiJzPdhIowW4ufSmO3MwCFDrDg,8 0.1199 1840 1809 1886 1867
X4jCJjB4n2Pja8zz1JIl3yjxIEJqgyCR,3 0.9710 744 1436 1799 1939 0 0.3356 980 853 1240 1136 11 0.3292 514 539 775 605
HA1rK28KYJeL6VmUEZJkgbkCe3Ivs5hH,14 1.0 0 0 1 1
7tXk4Dt5JQq5O3z5LG3iuONbnnGEMeg6,14 1.0 0 0 1 1
gZlIp8TgNrSHkzdcWRwLieVw4UjzG8m9,14 1.0 0 0 1 1
7rzD8UvwvvyRKQt5U3JDougwkLEhtV1B,5 0.3076 1948 859 2455 2065 3 0.0671 1117 1560 2222 2003
ED88j1aCIUqrEjy7IbgcLGIbeOC8DWXI,0 0.7863 1822 695 2163 1089 10 0.2341 2792 2053 2906 2204
j8ucb4pF6s210AWzYbWtWDjkHDfEIvqh,8 0.9476 2075 1867 2177 1968 8 0.6079 2062 1404 2228 1540 6 0.4381 2055 1403 2252 1547 13 0.1910 674 1553 966 1687 7 0.0904 2053 1405 2233 1542 13 0.0861 2045 1404 2253 1538
WM6cTKdjdEorVZkkmKdxVY3GNfyxU44a,3 0.6347 1121 1619 2147 2121 5 0.4610 618 928 1232 2002 0 0.0613 1496 943 1745 1174
UMVjzHzwyV9wV0WQPzF96MW9qYKFAmwm,14 1.0 0 0 1 1
sn78fsdxedQ8ki951SWXLwzJhJdVN4z2,11 0.1033 866 424 1077 472 3 0.0855 955 1428 1980 1936
YmU3JJAEIxFa6krzF7mvUfTLbGuZgUHR,14 1.0 0 0 1 1
Pejj33k9MabDnN9pBG4mO4ImROTuKu3x,0 0.8768 952 707 1192 971 3 0.7447 664 1412 1575 1730
59J5oIM0etHAxUWjDlOCRMC9rtEqgope,11 0.6942 660 213 864 377 13 0.3121 442 697 623 900 0 0.2388 1220 556 1464 832 3 0.1515 911 1411 1836 1749
Jx9fw4nRk6TZll0W7aONMKZPDP6St3OX,14 1.0 0 0 1 1
SqdMBuxDnpt1gjPqOxchegzufx3XpAHe,4 0.9459 1558 429 2276 1375 8 0.8455 485 1123 549 1197 0 0.7855 1412 753 1715 1109 11 0.7062 1615 375 1961 529 5 0.6754 1471 588 2419 2294 6 0.5322 1465 390 2387 2287 13 0.5012 1548 552 2371 2101 4 0.4775 1681 471 2199 1063 5 0.4262 359 1178 935 2070 7 0.3027 1526 548 2331 1805 4 0.2685 1483 403 2376 1935 8 0.2676 1421 770 1765 1307 4 0.2046 1504 798 2001 1362 9 0.1815 1973 2173 2238 2428 8 0.1559 1633 496 2209 1255 5 0.0872 287 891 1085 2189 9 0.0714 1041 728 1512 2296 13 0.0705 382 855 1042 1359 11 0.0691 1522 387 2239 887 10 0.0536 109 2407 229 2620 6 0.0530 349 914 788 1399
gU7NR5YOu5MABpKlSOHDmH2nhrtnjO5T,14 1.0 0 0 1 1
w0rLLG2lH8HC4WMZu4sjNRht1ncRDuK2,14 1.0 0 0 1 1
ewaKD0blpX9tFWALUhD2UeC9wSW62mhP,10 0.8080 229 1933 338 2071 11 0.6933 480 329 821 448 10 0.4824 1829 1803 1916 1956 11 0.4105 1219 292 1405 340 11 0.3725 1826 1792 1916 1973 11 0.0866 554 342 838 416 13 0.0864 1257 349 1425 693
P1Anf2hCYoJW2qPL7glN30021vB6MGis,3 0.9971 858 1608 2048 1987 0 0.9969 1224 762 1527 1105 11 0.2622 1623 341 1956 537
WcnwXn5D1MHZUjXu2Pm0ss29qjswArGt,3 0.9979 569 1209 1529 1607 0 0.9928 932 632 1185 923 10 0.2027 106 1575 189 1730 10 0.0749 118 1609 178 1704
YHv1nqLAZnZnazLKXRLJfNHCWQxtCxJ1,3 0.0505 772 1410 1563 1758
fcrbZdTihVcyHuBBVIrUaayoIYYt4eIk,10 0.3052 209 1744 279 1839
tC6rrpUyjP6mlq5yU3OPFkY89UQJ37GL,0 0.9506 1264 835 1553 1116 11 0.7976 763 448 985 501
etHObftP3XOqy8vyLcQnRdzGJKq6gen3,10 0.0856 2296 2408 2348 2476
RKbeXhDl88aTtpnyp04TYXCQXaI1cdWQ,14 1.0 0 0 1 1
iurySkx53UmZTGCpTX7g82Rk05ZY6Bhy,14 1.0 0 0 1 1
3XnVKLBvwx3cxcgfpgrh9tR4ZLfQqARe,3 0.0991 1374 1032 2101 1318
pIdyAbOcj5iNWfHFlSZQsJ3HZeWjQ4Qp,0 0.9837 1098 548 1502 1005 0 0.9419 806 518 1520 1138 2 0.8436 1240 569 1425 706 2 0.6487 1222 549 1457 857 0 0.1859 1137 863 1550 1237 12 0.0811 429 347 891 459 2 0.0739 1073 488 1518 1029 0 0.0716 880 512 1576 1641 9 0.0659 1300 947 1516 1136
PRSscuKyGQpgLlyKCzo6KSBc2R8iO2qf,3 0.2997 795 1232 1500 1545
X6wtUaRH2HaEbHgnx71FkUo72zazBaFu,14 1.0 0 0 1 1
tRz5QJH5xmBhHMMsJzsMgbRaAGR8bpzk,11 0.8749 1276 312 1537 367 10 0.1523 106 2015 201 2132 9 0.0719 1110 1710 1544 1833 11 0.0670 558 321 748 381
VsdwHXTkQlmRNoHqJaCbENZgn3K0Itcu,3 0.0701 657 1172 1529 1611
THqvpPuelqdcToUCcLHu71baB6ldNpkr,3 0.9928 586 1195 1453 1607 0 0.9559 845 567 1093 899 8 0.5657 500 1201 535 1236 11 0.4437 981 265 1218 373 3 0.2176 488 1237 1678 2244 3 0.1993 548 1326 1554 1864 11 0.1692 1118 281 1352 502 10 0.1686 1372 1193 1568 1558 4 0.1216 6 1245 776 2096 7 0.0818 47 1304 807 2133 5 0.0739 63 1187 650 2288 7 0.0704 1336 1239 1581 1583 10 0.0669 828 1219 1594 2003 10 0.0654 1100 1175 1639 1880 7 0.0640 1033 1121 1673 1959 8 0.0555 176 1354 244 1446
LtgduVbDVhYLNSsWGYWc6qzciUj1aWI7,14 1.0 0 0 1 1
gDYyTq0APhN5aPim5M7H7ZlC9NqGKqOP,14 1.0 0 0 1 1
QYnOHkwkgoow64V50NPr6VmqxpkgRSu7,0 0.9812 1279 755 1651 1166 3 0.1134 909 1618 1991 2040
0H1EJdwQFcZhoa5YzBtdnCuI7gzxi65R,9 0.3482 804 220 1106 893 3 0.2863 704 1170 1626 1432 0 0.1536 1028 542 1333 840 9 0.1029 768 112 1226 1150 0 0.0984 753 523 1317 1064
LPts0eByreqJp7bGQlZ9FqZ6NfrJ8cir,10 0.0752 183 2402 286 2490 11 0.0640 1282 548 1482 599
HoCW9x3wLrAsqYv2TnSp2GdBgsCevpNS,11 0.6965 662 262 972 355 11 0.3488 1383 257 1730 351 11 0.1427 619 233 1018 396 11 0.1302 1334 246 1784 391
kLzKJyov0MxlckfhdBUVC9zf8bmBLTHp,0 0.0836 1478 646 1768 973
e8PTpfveBOWEj9cwGaIBWfxoK3v79PgC,14 1.0 0 0 1 1
XSaFuqhdkSVYjLBzOzX77r7pGq77p294,0 0.9705 1020 805 1274 1101 11 0.1492 1097 450 1359 514 13 0.0850 1516 916 1673 994
KfD4G98koMZFX5XpnGJP0w4jOuYdZRIq,0 0.9954 1262 645 1528 937 3 0.7896 867 1328 1842 1707 10 0.0728 1879 1652 2009 1937
n69VkN4Yhfnd9zKSVSVooNQXq8o0Gyqa,0 0.2102 1499 957 1825 1288 9 0.1382 1690 1732 2536 2059
FFC8Y73zk2msILVlPmcoYMdZPkoqhhe4,10 0.6904 2323 2741 2449 2917 11 0.6198 1726 507 1976 595 9 0.4551 1020 2566 1151 2695 11 0.4065 2351 2778 2443 2885 0 0.3131 1421 998 1673 1267 11 0.0641 2364 2806 2428 2880
J5zwecNm6ZT18Pe4FIQywm3awcnSCn0P,0 0.9772 1334 974 1787 1480 7 0.9731 1864 2096 2447 2593 8 0.9661 633 1399 769 1517 3 0.7774 902 2136 2375 2595 7 0.2976 1768 2076 2317 2465 9 0.2203 1899 2125 2463 2606 9 0.2066 1187 1180 1335 1366 4 0.1922 1671 1947 2387 2533 10 0.1805 2351 2388 2479 2631 11 0.1358 1571 586 1869 724 7 0.0673 635 1400 769 1525
VhhDwbv2yZKW0iO1cMgMH0WUfveHrWtt,14 1.0 0 0 1 1
KqiWOphtEEt7vfR88pf2F3SOOzjdr6Z6,3 0.1254 706 1249 1495 1706 8 0.1042 252 1555 333 1623 11 0.0604 1460 345 1601 486
9FloPaAiqV75bG6MDybARRwnwZknQt8V,14 1.0 0 0 1 1
2KXSoNrZBgFN0BWzNem9Tmnpq2jLAJY7,0 0.5090 1179 824 1417 1073 8 0.3447 112 399 138 419 8 0.2469 537 1793 592 1858
wda41qHHwqB0MBDrbdqu6N81u09KVHdI,11 0.9992 539 301 818 456 0 0.9986 1011 574 1272 855 3 0.9729 747 1189 1562 1553 2 0.8270 452 1340 635 1452 8 0.4278 531 1336 635 1426 9 0.2578 801 545 1107 1560 2 0.2187 1092 639 1211 785 1 0.1520 310 1321 807 1543 2 0.1001 452 1380 543 1453 9 0.0910 307 1333 742 1572 2 0.0771 527 1337 634 1425 2 0.0747 362 1341 699 1542 13 0.0660 596 347 764 484 9 0.0592 2 1179 241 1932 8 0.0560 527 907 573 952
VXlGsUnzHnzsrsqeo772bIVqFHzjaYpa,9 0.7874 407 457 1817 1864 10 0.7618 1415 390 2661 1763 5 0.3749 308 408 1210 1704 7 0.3270 1486 320 2697 1832 3 0.3175 779 867 2679 1758 1 0.2291 1361 427 2764 1946 9 0.2060 205 648 1242 1800 9 0.1918 1141 345 2602 1849 6 0.1705 333 580 1238 1755 8 0.1692 674 1162 872 1297 9 0.1239 337 57 2677 2225 9 0.0710 712 583 1619 1640 7 0.0672 982 353 1365 740 8 0.0634 1483 533 2633 1760 7 0.0502 353 580 1239 1696
DAi9hnvXxtF7enWM5eXI1tCPemGNggu4,7 0.4603 477 1184 705 1391 11 0.1422 191 1606 290 1767 10 0.1094 205 1630 274 1738 10 0.0913 1791 1650 1839 1736 0 0.0867 1101 593 1320 831 10 0.0524 193 1601 282 1775
z6RQcKZ4ClepqsorZ0WpgTBdKdCcTeHo,3 0.4934 627 1341 1452 1776 0 0.4148 956 706 1141 907 11 0.3228 511 513 769 600 7 0.2176 45 751 637 1965 0 0.0513 843 9 1157 190
1K8hYAEbfkBiCC9gtXG5NNbimAvetFBB,0 0.7931 1059 792 1259 998 11 0.0720 675 372 864 432 10 0.0660 1678 2116 1801 2340 10 0.0607 224 2106 341 2295
Crt6JizCQIH2Nddk2t1CE6V6217EaXYr,0 0.9800 1107 458 1309 689 10 0.2337 269 1652 345 1744 11 0.1280 681 150 945 216 3 0.0949 849 1263 1580 1563
tBS5KRF9ZA8HpOYesxLcCDbAd4BvHjsJ,0 0.2211 1209 899 1457 1188
niOPoF1B1aom8YbjjtaLyPjpzqJnkywE,3 0.8341 771 1337 1550 1624 0 0.5791 1026 668 1271 975 11 0.2627 1192 353 1353 401 0 0.0940 863 669 1276 1132
kt6b8ls6caX8PtWyItBPOiHQEIYrd7JA,14 1.0 0 0 1 1
fk46yX4t8DY4dPnkU2zLbNBEe556D5NM,11 0.9837 1908 377 2070 577 11 0.7358 863 236 1131 304 11 0.2202 1854 343 2001 466 5 0.1242 1706 733 2163 1701
55zh1mq3AzwNaIysrbgZ1HKvYKKV14aR,0 0.9030 915 523 1541 1071 3 0.4155 766 1188 1894 1825 5 0.1356 108 541 970 1810 11 0.1125 1274 194 1664 379 0 0.1005 817 452 1576 1446 3 0.0637 653 896 1992 1970
Z4PW5xJf59XHZOlLbNaD4DGgxt7JOWlD,13 0.1202 680 1551 918 1645 13 0.0648 597 1516 936 1677
3C6zJFRN5kZX4IOY97ElNTMOGjeEdNsg,8 0.5090 1996 1700 2062 1761 3 0.0852 961 1509 2053 2036
6vNxGvdWNgHhxOrNQXYWpO2ESTNulleO,3 0.2631 691 1526 1593 1929
yfPKCdcGwdDB0IZMlq8HX69KWxVeriN3,0 0.2286 1075 545 1264 762
GBOSav5DG8zWGu8XFoMvLfbDxAse94GB,0 0.9881 1561 609 1880 1008 3 0.1174 1247 1493 2225 1817
bLxz3yxd0Eet4laGXc7FzhuJJ8Z0M3kO,14 1.0 0 0 1 1
iQgCHCz5VzMgPg3IufGRUP8mgpnrbbyU,10 0.0655 240 2746 424 2932
73cJfrC34gyBDdzwrDxzJnK4YLiOB3am,3 0.0569 982 1286 1899 1609
F78B8vuYdIFbTBgTGs0jadTY5YscoJGh,0 0.4391 1587 915 1883 1227
URqMbGEvFkUabTn3fWS84sUJw7OPbeFF,14 1.0 0 0 1 1
YKPIWLzYrzDTsyPC34wYGZkQsZVD3iPD,3 0.3634 730 1268 1598 1530
J1qw4LOubmTNGTt3c3wget2DQ8uslkfw,0 0.7027 726 680 1384 1267
5oGIvCf0wiyyA0LYzxAtW999XkOARov6,11 0.9325 1470 355 1788 443 11 0.3895 704 378 986 445 5 0.1951 390 1191 932 2238 11 0.1113 645 375 952 490 11 0.0719 1548 354 1838 484 10 0.0522 323 2427 452 2594
PJDqBEgrnTu9OJgwQJoMPUqP49h8p1qH,10 0.8852 122 1895 207 2004 11 0.7165 618 379 839 443 11 0.5009 523 382 768 514 11 0.3388 579 374 826 483 11 0.2679 1212 440 1395 485 3 0.1948 805 1206 1572 1764 11 0.1004 118 1892 203 2011 10 0.0943 98 1857 208 2033 9 0.0891 150 1572 725 1962 7 0.0777 194 1246 654 1749 11 0.0638 1234 446 1445 498
8DpOorn2K4EDV9oRBBMqPMEN6E4GpImj,9 0.0705 1141 939 1329 1241 11 0.0619 703 241 873 315
wgtGMWUoqvit1kKuCSDbrBUc08ma1PHP,0 0.9886 1163 897 1463 1252 0 0.1499 971 904 1462 1338 0 0.0584 1118 903 1515 1796 3 0.0548 901 1481 1786 1906
06KzBWUHrePE3ObGGu4FpLPTVwxUfR86,14 1.0 0 0 1 1
b6AlIfUzF3nLgjedVK4XWNGAc3U1Q6XF,11 0.2602 1832 524 2033 582 13 0.0551 2481 2087 2594 2156 5 0.0524 609 1304 1110 1968
aaWmdoKbCadYbb9qhsZtMh31g2SxMuJ9,0 0.4852 1440 789 1652 1021 10 0.0538 239 2727 571 3028
6yFo5HwsnA8q53XyPeAmCpM3JMoi8JxS,14 1.0 0 0 1 1
OkMEbzQFtr8cczZ0B2XMkyirhW8xMixS,14 1.0 0 0 1 1
QwZpQC10ifNv5z2IGummjhpQTp70GQux,0 0.2112 1405 837 1748 1157
fLMIvmggFwy6Fg09KcAk0hJX6Fze2PsY,9 0.1278 1697 0 2642 556
So2UODUNNKdHbu1aDVT4fBmRdh2AO4yg,0 0.9952 1139 767 1412 1070 3 0.9457 844 1356 1748 1722 7 0.9031 381 1145 873 1449 7 0.8854 317 1167 911 1652 9 0.7646 338 1077 891 1452 7 0.4010 341 1197 785 1373 12 0.2875 334 364 1011 1450 9 0.2630 401 458 1255 1609 9 0.2587 321 1139 739 1370 13 0.1181 355 1146 795 1394 12 0.0920 432 416 1062 1068 8 0.0867 786 1042 989 1256 10 0.0578 264 1088 837 1646 9 0.0518 274 354 1741 1873
mVLVo8nWRfpd5klQluEm2q4AU3au5FGS,11 0.1804 553 357 972 469
7EpddCRcvfbDeOUdG6Almpdg3IvQ5aF0,13 0.8439 2025 544 2266 742 11 0.1236 1600 118 2032 308 11 0.0839 662 162 1110 310
E924zja6udncpbz1UP99Gk7DQUK1Cex7,2 0.0634 0 245 66 343
bsoLisW17MW9cIsJO5cA1zmzDOFm2WYS,13 0.1978 2125 1198 2307 1365 0 0.0502 1454 787 1818 1250
61rZKdaQstXVWKQG9i1lkQXBVS2qiYgO,0 0.9965 1359 728 1703 1090 3 0.5439 929 1581 2122 2094
ezkqsljjLRBxiavF9FO2SHkaE14bsjsA,14 1.0 0 0 1 1
5h3Z9s6DKMKoBWeCd2Me6M3UZj5dYVrU,14 1.0 0 0 1 1
2oRvbe94imTP26QKWuLQ1HthFjVohYux,14 1.0 0 0 1 1
rugn1uGaxa0lUvHB6kZa4W4cIGf6FtZw,7 0.1930 1102 285 1324 723 7 0.0953 0 327 732 1618
M4g3tDSweIUqsIvCKfbJTUK0DuvHJbsM,0 0.9536 1801 892 2141 1229 10 0.1096 636 2016 742 2215
29TH19GrhsVRGX7Lur1aApM6qE4qhv2X,0 0.4986 1051 581 1308 871 11 0.4629 533 247 868 422 11 0.3380 663 263 857 354 3 0.0955 67 1688 1994 2381 3 0.0831 752 1240 1635 1532 0 0.0803 869 572 1305 1014 11 0.0741 678 227 897 334 11 0.0611 525 284 722 478
kkyRmCmxM1x9GWJeslAsh2TLA96ZI2R7,14 1.0 0 0 1 1
kWPdnbbs1tExomgQpiq2skXImG7hWPnP,10 0.9985 204 424 1231 2464 7 0.5275 586 1046 1123 1811 0 0.4799 1326 720 1646 1124 7 0.3371 477 957 1027 1433 12 0.1586 457 361 1141 880 11 0.1539 380 320 1152 865 7 0.1308 361 302 1137 909 10 0.1162 197 1160 1018 2247 3 0.0984 899 1450 2110 2219 13 0.0779 589 551 943 844 7 0.0653 422 936 1182 2056 10 0.0527 313 242 1145 1149
lbIef31PXK4tgS8NpiR2EFvOOq93n5ZH,14 1.0 0 0 1 1
Cnqikdnba4xmiEV4u7EoWiEyDKFPLnkP,14 1.0 0 0 1 1
RTYj9bARpfD1l9CxrSvU55vylPuc3pVt,3 0.2718 1060 1577 2189 2032 8 0.1950 1961 1811 2163 1984 8 0.0848 955 1932 1205 2191
4hDUc2RoDewwytNqMN2HDNJYma3KPkX7,3 0.3516 811 1337 1812 1843 11 0.1082 711 367 1015 446
QTnEzq8ekmI9IMa1p5ga0m6svp9vyFpN,11 0.5105 408 311 837 524 3 0.2210 813 1442 1882 1909 9 0.0559 107 1648 873 2428
UL1QrWThEGyQL26VSUCFwSaKQ46UL0gh,3 0.7739 893 2025 2134 2491 11 0.4986 666 729 1022 868 0 0.2105 1304 1040 1611 1392 11 0.0916 709 742 994 815
syyXq10KyJ4oMKJ7AL9xRXwVXaXhD9xZ,3 0.9961 781 1363 1785 1714 0 0.9942 1136 637 1456 1035 10 0.3216 184 1500 298 1784 8 0.1962 1488 560 1561 625 11 0.1052 770 315 1001 449 9 0.1011 1780 527 1836 579 10 0.0594 200 1536 369 1747 8 0.0571 483 440 518 484 13 0.0518 643 820 760 913
1GKzg3VZucKiafRlYoeHdZeH7UNTuFC5,14 1.0 0 0 1 1
3S4j7UamFTcXmKEyqnJ5pXB5MvusdzlE,0 0.9953 1140 773 1416 1107 13 0.9909 326 1270 769 1458 3 0.9842 751 1533 1741 2022 10 0.9808 163 1553 598 2142 10 0.9805 170 1466 949 2180 7 0.9268 311 1228 902 1828 6 0.9259 241 1181 929 1912 4 0.8826 545 1634 871 1826 4 0.8813 609 1270 866 1435 7 0.7115 352 1512 941 1876 13 0.6183 296 1216 833 1608 7 0.4800 289 1671 554 1849 10 0.4131 227 1547 520 1952 13 0.3826 322 1279 605 1411 7 0.3389 378 1259 817 1476 13 0.3273 336 1470 432 1677 13 0.3156 334 1346 715 1479 11 0.2995 318 1668 938 1917 7 0.2578 613 1244 872 1468 11 0.2132 181 1234 373 1888 10 0.1978 194 1620 387 1983 8 0.1766 607 1247 859 1457 10 0.1744 164 1102 730 2101 7 0.1302 539 1642 900 1857 7 0.1271 369 1649 910 1983 10 0.1265 415 1689 940 2194 10 0.1098 192 1641 982 2581 7 0.0981 322 1468 440 1663 4 0.0873 306 1516 924 1862 9 0.0842 0 932 302 2144 13 0.0836 320 1694 786 1878 4 0.0783 262 1165 887 1821
VXhMaFeEbLBVKz8kVk4jr84kdvG5D4OH,0 0.9971 1462 931 1885 1345 11 0.9866 1789 515 2146 637 11 0.6530 1858 506 2324 749 9 0.6480 1127 773 1646 2329 13 0.5591 2152 739 2343 933 11 0.5398 696 492 1214 651 13 0.5323 1905 565 2356 970 13 0.2109 511 919 819 1089 11 0.1618 1862 531 2461 935 8 0.1329 201 2381 302 2502 3 0.1289 1051 1901 2320 2430 9 0.1047 205 2403 291 2492 7 0.0822 1118 629 1319 1017 9 0.0572 2163 721 2357 958 13 0.0512 1927 605 2223 823
7xlBxKApcAXOHxXCYpxaVAnmiotASwZO,11 0.0539 1812 194 1946 334
ExB1qEX7uiKSoVSIUuf6Z49i6QPoaohI,10 0.6194 140 1673 259 1866 11 0.1073 129 1686 272 1904 3 0.0871 764 1386 2050 1801 5 0.0813 118 643 1007 1879 9 0.0635 145 1494 807 1826
2NYA1rX7EfVF6eIgrOqKQef6cRBxzg4g,0 0.0880 1029 660 1263 904
jjj8ywLU7iDc7qZKshWWspczZufMLu7e,11 0.3011 822 308 1161 448 8 0.1245 1043 1568 1164 1690 11 0.1007 851 292 1143 392 10 0.0956 2230 2205 2363 2471 3 0.0640 882 1624 1958 2187
zj5pPK0JFdY9WLTcbixtHJv8uZFw7k4Y,7 0.8505 1554 577 2036 975 10 0.8296 206 2570 326 2706 6 0.5798 1574 620 2053 1108 13 0.4034 1697 767 1925 1040 4 0.3996 1579 564 2005 1035 11 0.3348 1547 531 1900 672 11 0.2544 1562 517 2165 981 13 0.2324 1608 626 1957 1102 9 0.2085 1036 808 1512 2917 11 0.1139 209 2567 326 2725 8 0.0793 825 1308 903 1389 0 0.0690 1293 1071 1635 1529 7 0.0520 1591 660 1930 1108
8GNEhVAe3sEtbUdePTbT3bqETnprWf68,14 1.0 0 0 1 1
llInIQUMNtaqVmG2ZfrjmvFi7ilAZ7x8,14 1.0 0 0 1 1
lHFRnYw0YEpV0ETEoOidUNmAasbv4ksU,14 1.0 0 0 1 1
MQNWphBTbC3gwz5zJ5HgAu7m30VtX835,14 1.0 0 0 1 1
iqlyXCekoN77RteUq6kvsum2meRcWx19,14 1.0 0 0 1 1
B343jlAej5DUGKYahNzZSPc81WGOfWAk,0 0.9990 1368 671 1749 1057 3 0.9929 975 1417 2011 1868 7 0.8696 1041 460 1243 1013 6 0.3900 1756 606 1987 995 8 0.2584 1506 787 1761 1078 7 0.2268 1053 626 1234 932 9 0.2019 1451 671 1753 1050 8 0.1344 1050 644 1230 907 2 0.1132 1449 683 1690 970 0 0.0693 1164 656 1755 1252 9 0.0522 1023 367 1295 1407
ZInJSyrKI245L5FUatAYeKUv3sVhi0q6,11 0.2239 661 445 1148 599
ZpmFJ3I8pVXofUEyDeezAwwoWHgeZzWr,12 0.2117 541 88 1655 2074
A43j6Kf1JWDHjYiDf0WR4pNuzzx3j2Jm,8 0.9698 1709 1315 1913 1545 8 0.9582 1832 1618 1867 1648 8 0.9394 1746 1355 1779 1387 8 0.8418 1802 1478 1836 1518 13 0.3712 1711 1305 1930 1620 8 0.3137 1894 1670 1922 1705 8 0.2020 1689 1236 1943 1680 9 0.1892 1830 1614 1873 1654 2 0.1347 1726 1331 1905 1557 0 0.1111 1258 996 1517 1322 8 0.1060 1739 1350 1784 1395 9 0.0995 1723 1300 1911 1567 8 0.0987 602 1661 634 1698 2 0.0862 1689 1262 1931 1680 2 0.0813 1805 1602 1880 1667 2 0.0723 1728 1340 1799 1405 8 0.0647 1552 1380 2015 2160
2JwTL3gVKCbEsnOF7PR3e8YKbJp1b1eR,8 0.0867 1460 1381 1512 1442
hdFKOFJK2frKqssOE9aXwvwZc2t2tQZx,14 1.0 0 0 1 1
houAcXrRTAiIsWn4jyxmLsxhzkI5r2fU,9 0.3230 77 1469 806 2009 3 0.1163 668 1352 1491 1612 0 0.1110 845 4 1302 238 9 0.0589 82 1337 779 2398
un6TGBx8bYFC4KFL8G6PpjbbbXXZFBW5,0 0.9894 1247 683 1515 974 3 0.9364 805 1528 1909 1909 11 0.2613 185 1896 299 2094 10 0.2214 181 1912 288 2081 11 0.1580 1409 321 1631 393
6rdQPfV1eBcqGzPfH4xrd1HG3x2unSlE,11 0.1091 1273 503 1433 566 13 0.0979 1368 645 1453 758 13 0.0816 1374 671 1431 732 11 0.0602 1246 498 1412 544
Mqo450r9Qzid3ua3YXHNqrXZCUCPdocH,7 0.2172 66 479 790 1675 3 0.1230 590 1256 1415 1513 9 0.0941 686 289 1029 1366 11 0.0716 553 349 787 461 7 0.0668 54 829 634 1973 9 0.0598 34 402 869 1504
jhwh8XC7Rc64QsIjH0YrMPolcfhqEZP7,7 0.6373 353 833 836 1467 7 0.5398 1177 823 1639 1539 6 0.4576 363 847 850 1490 3 0.4112 662 1085 1474 1623 4 0.3151 400 854 878 1452 13 0.2462 329 929 764 1373 7 0.2412 1215 897 1550 1266 9 0.1380 409 879 819 1400 6 0.1371 1240 889 1594 1303 7 0.0820 526 907 847 1402 8 0.0695 1183 858 1658 1586 8 0.0686 1209 899 1554 1291 8 0.0680 408 845 866 1450 13 0.0615 495 1110 712 1378 9 0.0604 180 404 972 1352
FYoF5oupd0HA2u3UUwgDGAaYHylzfr1a,14 1.0 0 0 1 1
UN44hnX1CnBzg4vQv8PoedM1WZIJTGgo,14 1.0 0 0 1 1
yLMM9pmjVyTDXPpukn15otkHgk3L65eO,14 1.0 0 0 1 1
QEX7jBV8vaYQexjXifMUPKOoc1D0jG9j,0 0.1055 1229 745 1479 1030
v6GvQvRe48IL2uROeTeIhtdVtRzUXEth,8 0.9534 542 1005 602 1064 0 0.4122 1159 968 1348 1167 13 0.2757 543 999 602 1067 2 0.2573 542 1003 607 1069 9 0.1369 540 1008 606 1073
GzjkQitPwWBoyMw335ML5jeOv5UzpniX,0 0.5672 1115 944 1468 1313 0 0.0733 924 906 1464 1414 9 0.0587 1606 639 1927 1151
HfkosvPqljK0JvULCKjNjHSWwMHnzvz4,3 0.7161 935 1838 2127 2446
NrhSokrF88j4sJ6BbLv8qcW0XZQ65yD9,0 0.3228 937 6 1464 340 0 0.2760 1177 957 1440 1246 11 0.1634 1249 657 1373 764
d1iozSecpVxz0F9DEZPwm2McWBjJDy7v,12 0.8193 503 206 1522 2157 8 0.0548 1855 2964 2018 3044
zRM8ABCWWpig1FjekPmFXAgEvqNgBJNg,14 1.0 0 0 1 1
josKd7loexeHCWof6Y7D196fTT7ium4L,7 0.4977 376 1096 913 1951 6 0.1057 367 1070 923 1828
V2lHvfRmYjYx0wOb8xWDhNXc3VxH0b3b,9 0.9728 323 2004 407 2091 8 0.3206 332 2001 410 2085 7 0.1477 320 1989 420 2096
mO43rCCBfpBVvW11tPeYOH1xDZzOjT6N,3 0.1898 949 1488 2059 2038
dJkUZ7TkvmP8WrU8mkQeRPMESH82MqAM,9 0.0519 10 122 182 212
nJRnEalb45149pLRFyiSXG9DYJf9QGcS,0 0.9978 966 653 1245 990 3 0.4203 666 1454 1531 1848
JVzkXhR8TGIXjPHNjzgF8czfgqgQXn3G,0 0.9528 1186 608 1764 1028 3 0.4479 1106 1340 2121 1732 2 0.0750 1354 635 1717 962 0 0.0697 1373 613 1708 973
ufbYCaDxLRpI4D1Z7Q64bXQr2u5xPMUA,3 0.3997 829 1806 2165 2468 13 0.1544 2065 780 2205 903 10 0.0773 179 2498 303 2652
SeaGfkiDDrz1JihrpE40TCjjGaTMPf3f,0 0.9545 1366 802 1595 1043 8 0.3792 843 1547 1090 1755 3 0.3150 1055 1452 2077 1956 11 0.1740 923 411 1156 485 11 0.0686 819 397 1201 572
aQArCPjv3WcFoRMmuywgMYWtCX9I5mcq,0 0.2219 1282 706 1582 1065
rT6akqG2hzOg99I9FTUt9lbzYXCsRUp0,8 0.0951 532 1393 620 1483
b7YDp63NqLBEh0J43AwltKTDxdogbaOq,9 0.2297 721 1623 983 1870 9 0.0553 707 1528 1039 1942
GV726ONX0oeSbuydV1WPJhqRS7tEnIkc,14 1.0 0 0 1 1
3r99hlxc6jcjwxTTzERGKoxlSM9ZTICg,14 1.0 0 0 1 1
41RQQLLv0iwweIeVeTC5Pldy1XZBwPxk,3 0.9976 554 1467 1570 1941 0 0.9923 951 669 1245 1024 11 0.7892 1068 356 1353 445 11 0.6453 431 325 660 470 10 0.2479 52 1911 176 2103 11 0.1149 1068 362 1306 414 11 0.1129 546 331 790 413 8 0.0805 238 1036 336 1127 9 0.0680 61 1884 242 2105 11 0.0640 1088 348 1394 501
7cxDo4As3iwBxU9yrW6omMKfxcQd4ZFw,3 0.9992 820 1779 2385 2578 0 0.8891 1399 864 1777 1286 7 0.8360 757 1409 1060 1959 7 0.6560 1703 1057 2036 1544 7 0.6175 1850 1070 2482 1978 8 0.2935 1660 1030 2018 1528 6 0.2025 1845 1202 2472 2005 6 0.1780 346 704 1061 2006 4 0.1415 1750 1040 2465 1896 7 0.1285 761 1330 1236 2229 4 0.0908 1675 1011 2066 1540 9 0.0680 746 1481 1018 1952 7 0.0613 1746 1063 2179 1672 9 0.0523 753 1410 1181 2083
7grE1JHniFnrKtbxvt3Y3Zlq1FKhV4Lx,0 0.9921 1213 695 1478 1004 0 0.8491 928 676 1489 1235 3 0.0966 898 1395 1819 1733
3hAYv1hCEUnHqcgF98u55n7TIbYS4d9p,14 1.0 0 0 1 1
eRStXnqo6U4YRtclO6p60eF8KyM3hXqb,14 1.0 0 0 1 1
IQd3NSO3IJZaRuHmthwjVzFbIeGvfrFU,3 0.1536 748 1361 1915 1836
zDO5IheaFV96dAmvY7WOY7zkWIBQl740,14 1.0 0 0 1 1
JXCEwTnB4jkssxFi3eKGFWz6MV3Cw2zl,14 1.0 0 0 1 1
dh7eJQUU2sXS0zLwujExAjWgzfbtgOTh,3 0.9990 1039 1472 2254 1933 0 0.9868 1530 704 1809 992
SJ2OWUGEwU0jNHQyVpekMH5I7OUzWFh1,0 0.9981 1455 662 1867 1095 3 0.9977 1091 1327 2255 1825 9 0.5580 1109 520 1727 1962 11 0.0768 1656 370 1913 440
U0eg9OwtCST1XQqESirrLD4Za9KNneoH,3 0.2011 742 1262 1550 1813
9AuFyRpGmUAv897NjNsYRMIOnYirT3bw,14 1.0 0 0 1 1
wZFlIKRmnHMBEitcMyoTDaHLCIiMBB4E,13 0.9971 1633 1153 1769 1222 3 0.9692 813 1453 1625 1893 0 0.9430 1028 727 1275 1004 2 0.7995 331 1488 446 1657 11 0.7566 1187 346 1481 451 11 0.7489 461 365 710 547 7 0.7237 1433 1352 1840 1864 11 0.2927 540 379 695 484 5 0.2608 1418 1273 1775 1794 11 0.2412 519 374 819 491 11 0.2231 701 361 864 415 13 0.1912 1675 1164 1769 1209 11 0.1702 585 385 806 458 13 0.1360 1605 1640 1757 1809 8 0.1224 412 1147 457 1201 6 0.1045 1440 1300 1773 1707 8 0.1015 361 1569 441 1661 11 0.0888 642 384 819 434 1 0.0712 1547 1675 1832 1895 9 0.0697 801 738 1203 2037 7 0.0614 226 1424 677 1963 13 0.0563 296 1535 456 1695
dTldGvDTxhhRoZe4Xfn2fD0ZQVe8bbko,11 0.3241 1161 334 1537 508 9 0.2721 0 1169 841 2325 13 0.2553 492 1338 805 1700 7 0.2322 100 604 1009 2237 3 0.2137 552 0 1493 595 3 0.1906 671 1386 1542 1871 9 0.1375 295 634 1284 2253 6 0.1045 70 1090 976 2284 8 0.0954 0 972 1122 2387 9 0.0759 294 1158 810 1964 9 0.0631 0 78 1815 2430 9 0.0616 0 147 940 1811 7 0.0559 119 922 783 2003 3 0.0553 505 1944 1903 2400 13 0.0553 387 1226 864 1842 7 0.0526 112 46 1271 1128 0 0.0524 1001 670 1268 979
DOGbLjdJ2YVavuFElAHt5Dfc9PjSdmm6,14 1.0 0 0 1 1
frTkFbOoWRWwE1VGaG0li4LaaCk1qX5j,14 1.0 0 0 1 1
4Shj6I5pcwzmsj7uezydLJ0UN4wYkbja,14 1.0 0 0 1 1
ujqswPaN0xNWN0A4uJsSVmWvf5x685mu,13 0.0648 1828 723 2215 1016
oFxB8JpQ7auWH8GuejVgqj0XsRST2ZGJ,14 1.0 0 0 1 1
185k0mrYvaPGuCAWZqzOabkSNj8RDMAy,14 1.0 0 0 1 1
JwNAa6SRfSUl4uhywLPkmBwK4hmDMGQb,14 1.0 0 0 1 1
2ChzCiewt7Qv6V7PwpxHHNuEPzhV2zmt,14 1.0 0 0 1 1
TwXgYrelC9swNBiktVDY1rZtAbSRyKD3,14 1.0 0 0 1 1
3SJJcT1aZ6uecicrHZfqgQBIkLjCtmwG,14 1.0 0 0 1 1
gOdYHLQG3PcuLtpFFCBhJoOmGI23mTvG,3 0.9952 722 1461 1793 1860 0 0.9900 1043 826 1371 1194 0 0.2073 726 802 1394 1412
shhRxmSmLJB7jCWU3V6VDMypte4PrEhv,8 0.9966 2110 780 2190 856 3 0.9845 1045 1548 2185 2003 0 0.9831 1472 784 1777 1108 10 0.9508 2435 1870 2637 2090 10 0.8051 2325 1887 2598 2142 11 0.7109 1796 420 2074 568 11 0.5432 2424 1850 2641 2131 7 0.4299 2064 1618 2247 1792 11 0.3111 1583 456 1826 555 8 0.3067 2067 1627 2234 1783 11 0.2892 2342 1912 2624 2167 8 0.2388 807 1426 1008 1601 7 0.2261 2092 768 2197 866 8 0.2011 2113 919 2188 981 11 0.1598 1599 418 1839 482 10 0.1021 2193 1835 2619 2189 13 0.1016 2044 1605 2249 1783 11 0.0835 1697 426 2015 542 13 0.0670 2056 1539 2441 1914 10 0.0643 2472 1907 2604 2070 7 0.0580 2067 1514 2430 1867 11 0.0553 1561 437 1954 566 6 0.0530 2060 1558 2381 1838
T1tfN4FsyozvM6Av5QHtMVsC1zYihUbV,3 0.1324 976 1472 2021 1962 11 0.0614 1062 364 1190 427 11 0.0553 953 349 1153 407
4NyO8Ryl1W6SYH7ge6K7OIGlhLekAsYv,14 1.0 0 0 1 1
QzQ18kjGYDqiAHiZpG0b0hFmdC2hafo8,3 0.9324 742 716 1953 1286 5 0.8490 218 21 1080 1128 5 0.3117 1366 78 2133 1172 9 0.1281 487 21 1146 924 0 0.1026 821 117 1632 620 6 0.0690 208 8 1133 1080 9 0.0664 779 46 1447 1087 11 0.0647 1258 28 1808 269 13 0.0560 368 66 1088 779 6 0.0551 1032 1 2244 1246 7 0.0547 729 121 1145 790
0d7mhR3GX5YCytWNTiHJuDnfgwCXlVa7,13 0.3507 1309 1581 1553 1895 9 0.2480 1335 1703 1556 1880 10 0.1198 288 2063 367 2188
1RTfXmrsr7K9lECyhkIiJgncW2CrROVf,0 0.8058 968 858 1184 1110 3 0.6198 695 1435 1598 1829 5 0.2501 236 793 820 1730 8 0.2065 278 1288 322 1330 9 0.1022 292 841 787 1749
mId5P78YbhmE9gGKh2osXOoF8A2jnOuC,14 1.0 0 0 1 1
XoF2pkT5DXxVP06B9qyHQbS2qaMgxHdh,14 1.0 0 0 1 1
JROwnFqNGxklzWPTGqhtiFvwAIkeSuit,0 0.1470 1298 851 1637 1293
j7Xqn8WiVLu1FdpeeH8CGZi3p1sO6llX,0 0.9845 1075 771 1313 1066 9 0.8718 1540 1596 1593 1665 3 0.6137 855 1464 1562 1783
KulnTwyyUL33g5e0BjJjDjkdRunKXlf4,0 0.9414 1149 693 1418 1007 3 0.8847 866 1426 1887 1856 9 0.0950 932 821 1245 2010
aGr30nXvWCEyzFE8HaDRmH7Cck9Fb82t,0 0.3760 1020 840 1219 1047 3 0.3380 741 1502 1619 1856 7 0.1629 17 744 823 1828
6VsMx7NlrJxeDPWSuwwFsRhdDf63xADd,0 0.9938 1091 730 1341 1004 7 0.9055 226 1138 878 1846 4 0.8776 205 1139 907 1872 8 0.6696 194 1131 927 1862 3 0.5666 725 1549 1679 1966 9 0.2225 250 1195 914 1851 0 0.1274 758 729 1384 1197 8 0.1157 619 1258 775 1431 11 0.0511 1358 354 1524 402
uLJy3bmMs1YDnoQejvhpx0gJxvhwEkdD,14 1.0 0 0 1 1
f7J7ZU8Lo32lk8YWZ3UeKb2gjGS7eh5k,11 0.1190 1075 534 1217 582
bS1O7Db7c501Dns8waGKwplOQDUpPOcR,7 0.7868 1453 1469 1630 1695 6 0.6866 1360 1409 1645 1711 4 0.5598 1424 1411 1627 1663 13 0.4803 1435 1446 1630 1683 10 0.4040 1526 1598 1650 1790 13 0.3328 1542 1401 1617 1498 7 0.2785 1389 1365 1633 1696 7 0.1856 1202 1160 1628 1679 10 0.1146 1470 1492 1659 1775 13 0.1006 1343 1361 1621 1679 10 0.0910 1563 1645 1659 1797 6 0.0842 1449 1473 1647 1690 9 0.0587 1446 1433 1608 1651 5 0.0511 1085 1031 1628 1708
q8pm8RVfSKERHUgtmnrAZBHEAMlnoDUk,0 0.9772 1691 625 1979 895 3 0.0842 1263 1301 2401 1831
JBphVxt7HwrxXjFggjxm2XNIoYBsLiwl,3 0.9976 852 1453 2462 2286 0 0.9826 1672 679 2025 1052 1 0.9030 746 1170 1598 2178 8 0.6426 1348 404 1400 442 4 0.5477 746 1199 1600 2172 10 0.5314 614 2316 718 2447 7 0.4337 784 1211 1508 2083 13 0.3323 701 1280 1146 1624 10 0.1954 2485 2167 2624 2435 8 0.1888 2386 1903 2479 2001 10 0.1146 597 2260 734 2434 7 0.1112 833 1301 1462 1780 8 0.1090 770 1230 1686 2217 9 0.0890 645 1232 1533 2235 0 0.0782 1369 702 2041 1227 6 0.0722 756 1270 1162 1631
vcbp1z53tQRBT1sSMbcXcLX3JootR2vj,14 1.0 0 0 1 1
wDl6yIaCbbo9IV23vISyNrcT8YChW1hh,7 0.2024 1184 1530 1470 1854 9 0.0755 1060 301 1922 1092 6 0.0749 1190 1517 1490 1872
0SlIS8TpuaOyUMPzj5EHHmmHJ1t3oiuQ,3 0.1438 701 1573 1609 2079 3 0.1424 696 1697 1547 1948
mBAi0uOB1mqc0BNu4sOkdRTy5jFHSVPs,3 0.9204 1228 1458 2385 1852
bbrt6DpVaDi2sYpVo2tcMjXV8mQmaByL,14 1.0 0 0 1 1
AuCYT1Q5RZIrIvRpXhQpKs0LPOBidDuS,14 1.0 0 0 1 1
krESR775W0ro2YtzXGRd9nFhcQdC5R1V,0 0.9916 1160 869 1460 1221 3 0.9451 819 1638 1777 2026 0 0.4157 884 861 1477 1456
ItBCQVr8SldOkNcPPhVec08oFPowfEGQ,0 0.9853 1277 1011 1554 1302 11 0.0678 734 538 971 588 11 0.0626 671 539 1017 635
edvBZ8vSfP0sU2DAowPBcK7sXREhbWVH,5 0.9194 189 533 1133 2330 5 0.3326 228 1072 885 2245
pe1TzuENzksjJRGLvwlZkLh9NSQxWI0c,7 0.1618 269 1130 782 1858
kk5IgarHR2tbSkseAtRJ731yr0yd0loh,0 0.9759 1251 685 1518 1022 11 0.5655 1533 342 1749 462 10 0.2033 219 2188 315 2343 11 0.0807 1410 327 1758 484 11 0.0766 731 390 972 451 11 0.0522 696 377 1041 473
kAC9r69niKbLWURsftBt0th8w3h6OlIi,14 1.0 0 0 1 1
U01hWWRg1oJBkCNqAErfxkp30m4pDX4W,14 1.0 0 0 1 1
aJlthgBgpKf6pDfDbYh7X6iiw6N4OLbf,0 0.9596 1399 750 1716 1041 11 0.8334 912 405 1204 482 3 0.8311 1138 1646 2208 2111 9 0.4642 1179 778 1522 2052 10 0.3910 493 2253 603 2438 11 0.0977 1716 378 1958 449 11 0.0858 880 413 1094 507
ged2ilGIwmfFauSt36oSpbFVnllKgruc,14 1.0 0 0 1 1
egHkU5iMM1OWPk3mHIbD9mJGljnWSuPQ,3 0.7790 708 1322 1637 1708 3 0.0933 73 1667 1916 2423
Qsvcpd4s3GE9CgY3cPH8HTW0BqP53sgh,3 0.9737 733 1198 1544 1661 7 0.8615 336 1110 843 1648 7 0.6863 259 1187 902 1866 10 0.6189 205 1103 833 1906 4 0.4960 276 1209 891 1924 7 0.3382 1392 1180 1740 1711 8 0.2228 480 728 571 826 9 0.1617 1727 514 1967 1173 10 0.1184 177 987 682 1685 4 0.1026 339 1067 883 1608 9 0.0901 304 1217 797 1585 1 0.0867 217 1044 810 2173 3 0.0867 636 1239 1575 1935 9 0.0862 1184 1140 1496 1563 7 0.0844 201 985 985 2430 7 0.0654 92 442 677 1375 7 0.0640 211 898 721 1712
at2l1lbpyecc1k8zIbsarOmmNSkn6OOB,9 0.2633 0 1310 41 1655 0 0.2553 918 0 1293 173 0 0.2144 788 743 1323 1296 8 0.2044 279 1638 335 1696 11 0.1660 1219 470 1503 548 3 0.1395 764 1469 1652 1749
VsdYjq6pAADGPYfVvfOWgUrpdMhTqX8h,14 1.0 0 0 1 1
DEgpGNCk2DQiPSU3MVupVZGI5ts267Jg,10 0.8156 2023 2013 2126 2150 11 0.6512 2039 2035 2130 2157 11 0.2743 2051 2055 2119 2131 0 0.1018 1204 896 1443 1128
h4wqqDwjLuoRvV3yW8Kw55mXxaLZPI4s,14 1.0 0 0 1 1
94dVY5Brt1Jx1JP32awggtQx9zfFSuyE,0 0.9945 1264 688 1661 1161 11 0.9893 636 318 989 474 3 0.8486 899 1534 1957 2090 11 0.5540 609 333 832 493 0 0.3106 997 629 1662 1224 7 0.3039 678 330 981 571 13 0.1661 361 1241 655 1537 6 0.1363 678 347 1002 620 13 0.0898 669 363 956 542 7 0.0820 616 338 901 500 2 0.0740 1284 896 1352 988 9 0.0713 287 1814 1024 2399 5 0.0650 278 340 1119 2013 11 0.0611 585 258 1035 522 9 0.0551 1281 898 1351 995 7 0.0550 636 289 1020 484
soeHSUHzOPi9jruLHbkeGNJJJFhV6pG2,14 1.0 0 0 1 1
trrQacNlX7m1xPgo8eJGmMD8wimFVl11,3 0.0663 656 1148 1424 1487
8DRG6Ug0MrDHPkNCAlmBfNfdnWLBH3xO,14 1.0 0 0 1 1
2sDO3a96ie0zc1KHYtLafwoNfnoJZvNd,14 1.0 0 0 1 1
dnjLnbyyADdEL7y1nDfpHavTDelABXeW,11 0.0686 591 162 895 295
RFd57wuwtmg5Y7aYoo3fycmTVHfyNt0v,14 1.0 0 0 1 1
5eQfcd4KHnchngDIg3Njb16NU9iUfZf2,14 1.0 0 0 1 1
v3PlEjg0ZRUHi3wx4aKtoiz9EUlAz3yB,14 1.0 0 0 1 1
QFjiRJT0HZDnOdqEQGuXLFmCD1qtr6AB,14 1.0 0 0 1 1
JqZ8oPZFgAZWZ33B0dcHN0afaqI29XqQ,0 0.0605 1248 752 1496 1001
iauEO8jXPG4pq8HqYACWBv5WV3AlnJv7,0 0.6829 1156 661 1435 969 3 0.6742 830 1176 1703 1533 3 0.1315 213 1736 1994 2417 0 0.1095 979 642 1454 1101 3 0.0806 754 1290 1696 1472 9 0.0685 93 1226 960 2326
9h5jYldwWY1RnEEmRBXX4Zf792ysE4eN,3 0.9977 642 1412 1607 1820 0 0.9541 997 717 1243 1000 11 0.4106 652 401 866 452 0 0.3178 727 699 1252 1279 10 0.2926 1482 1425 1688 1722 11 0.0812 609 393 864 479
3RrkTbz4ZFJCiIiOdl32UL3Hzqf5csZo,11 0.1601 1037 343 1108 377 11 0.1096 1005 340 1181 404
Um9o8lG2sjXs1v8YMj7B9vrgMCN5mCjl,3 0.5445 727 1126 1845 1620 11 0.0885 812 152 1004 209
g6X9by58S9AMEZ9tDH9sL8vzdLE0N6eN,7 0.2026 58 422 668 1726 13 0.0917 613 1190 772 1450
epqLKn0I8f5fxXHdUFcpE1TyDjAJG2Jg,3 0.5013 782 1258 1539 1527
0y6JnaBUE5xxt6arYQ1zN2JnVZ9at34V,8 0.2559 2219 1255 2358 1377
w8w3Q7knMz9WiADkCONnQYeIADmX7ZBM,3 0.6276 705 1530 1741 2021 0 0.5586 1189 790 1458 1097
UeSkoYLmqSdzmZiVo1wr1rNDKHIxhFEX,14 1.0 0 0 1 1
U6tRHVzcBVDhVZ1LQnq2qjXpoH3Iki5T,0 0.9956 1112 822 1370 1106 3 0.9211 748 1551 1764 1933 11 0.4706 551 381 876 531 2 0.2316 1246 919 1344 1059 11 0.1343 1442 394 1654 619 11 0.0540 550 404 727 554
kUXszZmp1VJ52KdOwtcBNc0VdzAlMKqS,11 0.9629 970 393 1323 575 6 0.8387 1824 354 2412 986 13 0.8051 1867 369 2418 1003 11 0.7369 1057 400 1351 511 7 0.7128 1863 431 2420 1043 11 0.5182 1948 311 2299 440 10 0.2428 621 2209 749 2351 4 0.1562 1806 384 2437 1043
Auvyna4kKsfa2J9A6AuNwGNFmZzH8TG2,5 0.9417 1283 483 2062 1877 6 0.8901 238 448 992 1289 5 0.8738 1528 675 1943 1182 13 0.7510 223 402 995 1354 6 0.6149 1361 589 2000 1416 5 0.6033 1423 616 2011 1525 9 0.5152 356 1287 970 1975 5 0.3902 261 549 1007 1453 7 0.3692 229 393 1015 1314 9 0.3521 1460 687 1959 1189 13 0.3423 1361 571 2016 1379 7 0.3287 1409 651 2003 1347 4 0.2595 301 386 1050 1100 13 0.1524 311 1336 934 1896 11 0.1140 1316 407 1727 555 1 0.0771 154 419 898 1251 13 0.0651 274 1083 519 1317 2 0.0597 318 1170 439 1334 11 0.0589 92 310 847 1268 5 0.0569 170 327 1061 1188 6 0.0506 1460 713 1957 1197
eVm9vXiqNy0P29nLV0WNc64FqgFdMYlY,8 0.9653 591 1942 703 2042 0 0.9427 1502 917 1801 1202 7 0.8372 457 1861 723 2077 8 0.5061 473 1894 695 2073 9 0.5044 581 1943 699 2043 9 0.3631 472 1884 683 2063 8 0.1034 479 1963 573 2070 9 0.0847 314 1846 734 2224 3 0.0831 1005 1686 2236 2193 7 0.0750 583 1944 703 2042 9 0.0732 566 1908 745 2064 4 0.0591 445 1872 695 2087
uiYY3zuqPTwDNYRpW06BU0lxEMJVT0Wr,3 0.7033 877 1600 2054 2014 5 0.5032 127 590 1123 2185 5 0.1414 1722 769 2452 2032
AMGBvpfxnDa3Fbibkxrg9vVIBIRuhi6X,3 0.8222 933 1585 2076 2014
WSZeV8ptW4X8zbVxWVANGWzSwGFBmhMq,14 1.0 0 0 1 1
lyr4YhxVRIrwGoq4n52ZziKhLq2cVELF,14 1.0 0 0 1 1
bvSg1fAv0BnAvy51o7rdqjDgWjUBZA3p,5 0.9877 1510 596 2355 1902 5 0.9859 1776 1262 2256 1795 5 0.9776 88 689 929 1953 9 0.5111 1842 1326 2252 1751 6 0.1457 1808 1335 2262 1765 7 0.1193 356 1599 510 1739 5 0.1001 207 1124 814 1812 13 0.0986 1813 1263 2281 1748
nRk9EzcFACZaCTaiWkTVyF8MyZsBw0Go,3 0.9936 637 1523 1678 2010 13 0.9111 1707 1845 1863 1929 9 0.8436 851 558 993 746 7 0.7916 472 1278 875 1945 8 0.7666 852 542 1003 749 4 0.7416 439 1264 878 1877 1 0.6970 468 1306 848 1888 10 0.6095 114 1970 238 2127 7 0.3256 840 528 1003 769 13 0.2739 1758 1862 1856 1920 10 0.2606 99 1845 245 2115 11 0.2137 758 432 945 475 9 0.1617 191 1477 612 1566 13 0.1420 164 1449 604 1593 11 0.1345 120 1921 235 2130 12 0.1242 113 1413 639 2031 9 0.1086 518 1386 913 1942 11 0.0968 1226 436 1450 536 9 0.0728 806 496 986 789 9 0.0724 1796 1855 1854 1925 10 0.0562 117 2011 206 2109
jt2o3zWqTdCqhmubPAHY2VDcGu1sdL52,0 0.9973 1514 725 1804 1054 3 0.0676 1063 1554 1949 1955
Vlzf8C53JoIDT6L7HU31BhtUxBlQvXJa,9 0.0707 2618 1180 2733 1412 3 0.0521 1349 1419 2318 1759
37wSZWCeRwgCWXEOPgdWULnwR9aAVkGf,7 0.8947 613 213 1154 885 11 0.7062 756 58 1165 242 5 0.5862 1474 729 2232 2127 4 0.5362 660 139 1116 890 8 0.4291 652 296 1120 888 10 0.3892 47 1902 173 2076 5 0.2598 79 598 1029 2147 10 0.2220 66 1938 137 2081 13 0.1772 654 160 1153 942 5 0.1757 1642 1170 2178 2103 6 0.1233 710 152 1103 730 9 0.1123 623 206 1123 908 1 0.1060 593 135 1160 974 10 0.0947 28 1857 226 2069 13 0.0651 674 167 1071 644 11 0.0562 1472 166 1749 267 11 0.0537 451 17 1128 1026
wWyiJEVPO6tidZECYBCdE1cUCjZ2QKIQ,3 0.2841 1310 1708 2303 2194 0 0.0557 1601 934 1870 1201
0YOZ74xIji1RqTBfWPLCziH0twnQqCnA,14 1.0 0 0 1 1
xFSiwPURmzdBswekJeWet3HGTy8X36aP,13 0.2149 389 722 859 1085 8 0.2066 406 796 768 1053 11 0.1305 1202 395 1430 472
h8qaOFGODnTSPKkASWv5sWX708oLGPfp,11 0.1966 1735 452 1956 662
4uaewhFiTm1XtrW3dOfFOpTBQxHEe8wP,7 0.2207 1762 1606 2053 1837 8 0.0616 1790 1650 2030 1821
9nu0f6GE09DkIogjm0LR8aJjxSfyvaXD,3 0.9984 805 1461 1740 1845 0 0.9921 1133 807 1420 1101 11 0.3299 1238 506 1425 607
RN5PvYe3rQShToM6N2d7Y0nUnXlCcZOr,14 1.0 0 0 1 1
MxUVJ7gjiTqElbHnIlVKWNhENMqFJeJx,14 1.0 0 0 1 1
ys1FITItkFHzgsSCvesIEoQurNabpeXF,14 1.0 0 0 1 1
GcI4IDuYvl7x1Klbsn1HhGgPTaC1COAR,5 0.0984 123 274 867 1601
9GTqVUHam1p9tFxeVhfv8ClQRWvC6uv6,13 0.9366 1551 724 1717 823 13 0.5422 1412 716 1737 961 13 0.3571 1515 729 1725 881 2 0.1649 1334 669 1738 939 9 0.0615 1461 721 1766 1013
XRC5FQnriHRWaTNA9gSQW5lPjUrYTTW9,14 1.0 0 0 1 1
mIJFeNpj0yctlHypNPoWrywe1ue1rBxb,0 0.3312 910 844 1157 1086 0 0.2689 735 5 1263 251 13 0.2012 1391 1631 1520 1726 8 0.1248 1402 1629 1510 1720 6 0.0841 1308 1604 1540 1839
axUYQairGKyNlubWhxnCXpKbWwHYdUlM,0 0.9978 1076 851 1369 1185 3 0.9945 678 1715 1767 2107 11 0.4482 1226 552 1378 647
simDctQC4u0Z4Hm8wYQqTJvaXOehSwEG,11 0.8794 1581 163 1811 345 7 0.7774 185 1378 734 2174 6 0.7418 229 1366 782 2161 3 0.5903 668 1644 1834 2138 9 0.3977 438 850 912 1517 5 0.3703 201 734 867 2102 9 0.2715 320 1363 873 2086 13 0.2228 390 962 943 1517 5 0.1906 212 1325 749 2160 11 0.1688 1488 118 1847 382 7 0.1483 641 1489 992 2059 7 0.1158 422 1492 1009 2233
JgtgYX1bge2PlO88FaKKRExAQtKTeId7,13 0.3839 588 1840 688 1895 11 0.1016 1135 668 1506 812 5 0.0594 1989 1032 2625 2045
3EBH853uK9EmaT2bjzZoTammYUBeWwhU,0 0.0842 1669 842 1927 1154
Cxz7sFVLh1LYp7GJsE80OmN3oRzJB74B,11 0.6638 1311 712 1603 829 11 0.5594 1381 722 1573 778 0 0.5521 1181 970 1451 1266 3 0.1645 881 1597 1686 1902 3 0.1500 912 2050 1974 2422 11 0.1286 786 687 1066 790 11 0.0555 848 689 1040 751
sLZSfgkan2gkg8hSgieiGqGYSM6HjqLr,0 0.9984 1660 669 2043 1059 3 0.9302 1269 1582 2411 2118 1 0.8130 747 349 1525 1699 7 0.7673 749 289 1564 1539 11 0.6351 751 271 1413 801 11 0.4714 1804 249 2052 315 10 0.3887 699 182 1486 1425 7 0.3440 777 340 1487 1048 4 0.3091 831 550 1556 1548 8 0.1758 801 333 1531 1499 2 0.1157 1830 775 1983 914 12 0.1112 576 373 1595 1639 9 0.0605 612 384 1575 1752 11 0.0587 637 211 1512 1444 8 0.0580 1039 2982 1179 3050 11 0.0508 2024 279 2293 446
mfDBhpphclDdqsUT0QvZcc42rvceiYbn,0 0.1867 1457 765 1751 1087 11 0.1609 1960 521 2158 670
ZOW5BCKgtMNRdYw4lL66lpR5mvjhY9cv,14 1.0 0 0 1 1
jdJrtKueaCa7zDRFcxLTrgaxc3dJK1gp,14 1.0 0 0 1 1
Yu6XM8puQ0kLPpRrE3XBG0nUdlm0fY5C,9 0.1778 2476 1947 2519 1972 8 0.1308 2478 1942 2517 1974
h4XJj8GGoaz5TSGlX3zNPJD36ejtmsym,2 0.9216 1407 706 1437 746 0 0.7033 1178 582 1453 875 9 0.0735 11 94 213 216
dMsSYKoatWlHaYRyECsJVuWmKfztFpzW,14 1.0 0 0 1 1
odtRsCshXwvPVq9Vgp7ZlQHD1sRZqn9K,0 0.9847 1080 808 1281 1039 3 0.7284 695 1530 1590 1819 11 0.0840 576 476 846 529
Z2bxa9Doi8lCJXxMEyvuZvk9mStE1Yu3,0 0.1126 1240 701 1548 1042
QkSTMsMIjiVunFzXNrgl5oRusj9HhhEf,5 0.8639 811 415 1511 1299 6 0.7387 937 461 1503 1032 13 0.6997 960 440 1478 1048 11 0.6946 1101 402 1498 494 0 0.6775 1681 860 1970 1175 7 0.2959 933 498 1464 1122 8 0.2639 1136 1114 1261 1207 6 0.1962 781 384 1536 1287 11 0.1077 1046 379 1430 525 5 0.1056 638 353 1491 1914 1 0.0724 874 417 1533 1162 0 0.0644 1363 850 1986 1437 9 0.0607 1131 1116 1265 1206 13 0.0508 832 363 1536 1271
YGFIaoujnIfitA2w82NpywqXuO1pqOk2,3 0.9623 1158 1768 2342 2187 0 0.8246 1510 902 1857 1258
tM6tYqqu6FLhvm7jjF4597VZSnYMiWqv,9 0.2270 844 988 1308 2388 10 0.1218 2039 2090 2136 2242 7 0.0564 1667 1211 2044 1673
FpODlUAlwaUG6A7EF9OqVeCUtNVq040J,0 0.8314 840 531 1617 1059 5 0.8189 1286 354 2264 1730 7 0.4785 752 379 1227 991 11 0.4271 735 339 1106 526 5 0.2428 182 369 1001 1623 0 0.2380 711 358 1702 1253 3 0.2242 653 944 2027 1786 3 0.2235 777 1250 1976 1724 5 0.1233 1493 518 2115 1165 9 0.1220 711 480 1606 1256 1 0.1202 728 283 1147 561 9 0.1141 2043 1358 2297 2275 11 0.0851 1294 392 1875 669 9 0.0830 1 1345 119 2219 13 0.0809 1419 486 2078 1673 11 0.0682 1133 358 2148 1283 7 0.0540 1423 444 2070 1226
6zD57uyGoReIzQ8ECkVMgDcTZha7mLbJ,8 0.2403 722 589 799 684
4vwAVxHELqffeoYP4ecJjtlDgt9MzbGs,14 1.0 0 0 1 1
ZalUqQ4vuiOqrN2DKMQdwGrgpuGEmH40,0 0.9940 1737 798 2137 1189 3 0.6865 1267 1791 2482 2155 11 0.6564 1135 364 1373 435 11 0.4437 1104 358 1413 474 11 0.1335 1195 368 1317 424 11 0.1093 1012 360 1447 531 11 0.0635 1070 380 1276 509 11 0.0580 478 2258 614 2430
Mvwb4lclZ2skjz05kwildqqguZoA0JoH,10 0.9755 133 2226 254 2379 0 0.7363 1103 753 1349 1025 11 0.2493 111 2218 249 2379 10 0.1082 1888 2166 2010 2334 11 0.0613 1233 415 1453 478
qTLdUnwFXj0K7pwvwEOYlfN36qrH5b8v,14 1.0 0 0 1 1
axevHf7WFhtqAXqvZvKAtqCKMxBz6DRn,14 1.0 0 0 1 1
SRPyz4R7FOc79PFWIJKhAs7WMhEJO3lT,8 0.0945 837 1432 940 1508
cWnLBQ302MwJjAEbVoZj4qO1lz4UDIuq,0 0.9963 1528 790 1813 1086 3 0.9198 1132 1616 2166 2073 10 0.8184 2249 1908 2377 2073 13 0.8040 2097 1827 2301 1931 7 0.7876 2127 1816 2307 1945 13 0.6816 2014 1800 2323 1981 7 0.4993 497 677 1134 1443 10 0.4986 2145 1793 2368 2106 4 0.3368 2111 1817 2313 1946 13 0.2382 789 986 1012 1196 11 0.2375 892 438 1234 610 9 0.2157 762 917 1101 1214 11 0.1638 2114 1800 2330 1948 7 0.1601 447 524 1221 1790 7 0.0871 777 920 1119 1228 7 0.0855 2099 1786 2338 1991 6 0.0710 527 787 1065 1407 10 0.0663 2224 1851 2389 2117
sSxTali0vI3TzyWOneBJ1i5c3JchMbNF,0 0.2447 1440 357 1743 645
MQVKqGwivCt0s2clwc56ghhQkYQhTliK,3 0.1483 846 1441 1793 1823
c3B9yunlRgKGo8n9mMaidY7PgKTi8s6O,0 0.9845 1037 602 1277 873 2 0.8641 1140 683 1249 811 11 0.7158 507 273 669 400 8 0.4943 1175 1885 1546 2371 3 0.3616 718 1269 1561 1671 7 0.1463 1187 1816 1571 2407 0 0.1070 1066 1868 1545 2263 11 0.0992 557 268 812 355 0 0.0621 910 1742 1547 2431
zA5dZKwLW1Jko3aiaURrnzdHE8X6UFFk,14 1.0 0 0 1 1
oYmZvfLGra94yi7rmQhh7U2TYBcHmXMw,11 0.3432 1771 282 1911 405 13 0.0932 1614 724 1955 913
DexoldTe78uzjZIb8r4Db2WrOodBBFJj,0 0.9957 1016 801 1263 1059 3 0.9287 778 1555 1667 1974 11 0.6009 1174 451 1355 530 10 0.3930 121 2051 187 2152 9 0.2641 771 789 1111 1927 11 0.1592 116 2031 200 2163 11 0.0527 534 482 648 572
KLxW81Tl5bhYEG5w5DzBHfT09gYVueE7,3 0.1241 627 1422 1468 1820
cr7kD4SvqlwoAXSEwjF6C5Yd3ngtwHec,0 0.9877 1437 765 1724 1051 3 0.9822 1037 1676 2147 2171 5 0.9130 466 740 1229 2107 5 0.8901 1797 780 2417 2122 8 0.5396 762 553 854 642 5 0.4246 618 1469 1042 1987 7 0.3761 706 470 936 659 11 0.2776 1565 297 1800 386 7 0.1058 426 419 1159 2046 11 0.0808 1044 322 1252 397 7 0.0715 754 542 861 649 11 0.0627 1013 392 1218 474
WiurkVIkADVjhjsrQamChlYt5JnW4mJ0,3 0.9986 717 1652 1874 2093 0 0.9972 1209 847 1587 1307 0 0.7859 906 831 1585 1395 5 0.5334 1834 1359 2246 2109 9 0.2787 784 406 1097 933 8 0.2205 1840 1697 1890 1745 11 0.1565 518 371 906 556 11 0.1454 1259 370 1596 555 9 0.1342 1836 1700 1893 1744 7 0.1236 321 1526 810 1944 7 0.1036 792 442 1100 958
RwQ3tIKMssLbayxqOPBDWhebEGfY9e4U,14 1.0 0 0 1 1
r6uO8T03BXy4TbL6ne29ks9x9ayjfV8m,10 0.6607 151 2040 238 2158 11 0.1981 688 248 973 361 11 0.1219 156 2052 242 2170
6f3NZcAzfZOzIfL0TXqdduxuS2XEHVuP,14 1.0 0 0 1 1
Ks9g4QwuW2jViZFBR8ZTgofnBUOToHdc,14 1.0 0 0 1 1
B3ARUMF6BeYiz2isRfLUGym0O8ysGlKz,3 0.8786 835 1576 1814 1980 11 0.7971 559 517 733 629 0 0.1135 1126 911 1370 1180
wEwhcC1DLX8DMsnNHILsxUyNriegVsXc,14 1.0 0 0 1 1
enqBCI8WMovqP7SgeA9VK527ldwVm2fq,14 1.0 0 0 1 1
CmRK0Dkkwjs9M0XMb9SMM7M9YS395Egh,3 0.9450 710 1287 1694 1782 0 0.5395 1026 677 1276 962 10 0.3464 67 1774 173 1919 7 0.2349 1611 1171 1923 1731 9 0.1021 575 982 1067 1874 12 0.1002 0 109 1054 2066 9 0.0967 401 746 1191 2057 9 0.0651 39 231 1254 1951
Aq525kL7BPNZyn77BuwZ0vzRa7gtYo0D,14 1.0 0 0 1 1
h1RHLJw5OzMj4F5TnvIBpZukLUtGrZ4w,8 0.0507 1079 2247 1171 2355
Yn4Pie0VRR5tnD1NWXII9JIr9Be70TfD,14 1.0 0 0 1 1
1ILqJoMBbgkf7fJlcon4FqrrkTYmvOMk,0 0.9990 1145 722 1545 1205 3 0.9977 716 1581 1907 2084 5 0.5993 132 699 895 2051 5 0.2463 185 1314 634 1933 8 0.2302 433 1571 565 1685 11 0.0823 1440 283 1574 345 0 0.0679 790 694 1562 1505 8 0.0506 231 1837 267 1875
HipooNjBzsK2JTX0isk4PO7Ym84unk4Q,0 0.9518 933 671 1160 920 11 0.4923 1162 429 1348 492 3 0.4066 617 1269 1447 1608 8 0.3241 326 1307 442 1414 11 0.2561 1050 421 1327 498 11 0.1820 1176 415 1379 517 9 0.0563 10 419 652 1880
nyAFN5RqVjkfKiFSk5KIuzBKWDGclQb1,0 0.9969 1462 1091 1826 1493 3 0.9811 1144 1901 2237 2346 11 0.5519 1857 725 2096 896 11 0.1960 819 747 1214 851 10 0.1095 389 2357 500 2583 11 0.1082 390 2331 504 2571 11 0.0770 1687 734 2061 849 9 0.0720 399 2328 536 2565
pUFnZXFfK49vfCdsjbcaAkzDZCWjAlxd,14 1.0 0 0 1 1
5FxvnDuTywMNDW9O66PltWNxnmNgmxbo,3 0.9923 1000 1597 2074 2012 0 0.9880 1347 850 1646 1188 7 0.9050 1933 1618 2321 2061 7 0.1073 1847 1036 2276 1789 10 0.0621 1977 1662 2320 2045
3w7JPMKhEhVn91GjQURRRsbZNrWCohUu,0 0.4036 1199 849 1459 1162
DyiXmok4ahxKgvShQlFSIoQuYce2Eyx2,14 1.0 0 0 1 1
avCsugrwPP98NA9TAoDh0zy9K1J5EuYu,0 0.9767 1288 489 1665 898 9 0.0680 1100 272 1399 849 0 0.0579 1175 455 1691 1061
shxlfm288QSeaFydlX8nxr9lC9y2xtB4,11 0.0616 489 390 693 553
tP5toJWlP9jvpB9ArxJzXIfLnU8hXuNl,0 0.8833 1181 931 1457 1303 3 0.5416 766 1783 1853 2223 0 0.5103 972 935 1481 1448
5lOflPvSGOXB0DUdn4fQbp6ueiP7VT2b,14 1.0 0 0 1 1
hweQNQC15icFPVo4sgB6ONm0fqHumZjv,14 1.0 0 0 1 1
BI5UaHoNWzC5sSBWlbKJWXkLcmSO8Ies,14 1.0 0 0 1 1
WHif7q27XvVcPNoVIu3pf6Suygk6sQeh,14 1.0 0 0 1 1
ZGRvEBZ8ogwTnxNU2SGu0ipFtSWPi1lN,0 0.8215 1096 922 1354 1235 10 0.3146 245 2157 318 2248 9 0.0743 205 1933 883 2406 0 0.0729 873 917 1346 1340
K7C2O44WicFeZMhe8NrV5ysx5Vbb7h8X,3 0.1028 882 1641 2050 1987
niUMkVVJtnZVcdKVH2G3fTX4RG77kAHB,14 1.0 0 0 1 1
YSLdXOgarwZctIzoGZFrJKpDGdLzBSPI,3 0.9927 837 1560 2073 1996 0 0.9859 1307 747 1614 1083 11 0.9427 1596 586 1929 670 11 0.7127 1593 580 2005 724 11 0.6504 1649 597 1879 653 11 0.2748 442 609 596 748 11 0.1562 476 615 585 713 11 0.1209 675 486 1162 608 0 0.0657 1072 721 1626 1212 9 0.0561 1161 592 1395 1160 9 0.0555 394 532 535 720
3vOejaxzitxQHCbADeMMwbk1dufceHgx,11 0.8754 542 179 833 313 10 0.8274 59 1965 175 2131 6 0.7838 335 248 922 1017 13 0.7069 349 266 909 959 11 0.6028 77 2001 165 2148 11 0.3397 463 172 850 389 11 0.2588 559 198 823 272 7 0.2468 376 310 873 867 11 0.0986 592 234 767 333 13 0.0915 616 267 754 485 7 0.0908 275 185 944 1051 5 0.0796 229 299 884 1221 11 0.0710 89 2011 143 2100 10 0.0571 79 2007 144 2115 1 0.0568 389 181 946 879
wv6eCJ9o0ACFZCgYjtArny2DdZk0Kvcm,11 0.7878 511 281 854 449
yzU96HGlCd3bhlyirOPzqHX6qyicnMyS,7 0.0906 0 423 360 1194 9 0.0675 4 447 395 1259 8 0.0600 0 420 356 1217
Sal3zb5PNNFCMyQBHNjVfpOtkzzpd0dr,11 0.4968 1318 192 1750 359 11 0.1808 1406 201 1705 320
WEdLzJCgbPxKn0J8VnAsjiFsOzvnyNck,3 0.9983 568 1532 1787 2010 10 0.3233 2 2061 50 2240
6C1K6tzlnF8T3WMBEH1zVEF8rSaxawAc,0 0.8287 1533 843 1811 1158 5 0.6552 607 796 1238 1773 11 0.4509 1688 481 1985 585 13 0.1949 742 1251 1112 1393 13 0.1590 705 1687 835 1775 3 0.1469 1163 1503 2151 1871 11 0.1072 1100 467 1344 517 11 0.0594 1746 463 2055 560 11 0.0508 1757 524 1960 585
zL85MCMJO2EH2mUjabTpNdUeLBbHnmJu,14 1.0 0 0 1 1
g122exB2uiXm869vDsaKJVfutXVuRg0U,0 0.5010 1014 640 1281 916 3 0.4480 708 1222 1607 1659 11 0.1502 715 370 863 427 8 0.1254 512 1556 598 1651
QTZhZsITH03i9Igx7erB5aSqMIsQLHZM,11 0.1558 975 398 1190 527 11 0.1298 1168 395 1337 440 11 0.0522 1091 391 1301 448
hZvz3WlJ9EjmZV8UzpFmNxI5LJBkbytv,9 0.6797 0 2369 91 2570 9 0.4300 0 2261 159 2573 3 0.3868 770 1545 1840 2026 9 0.2416 9 106 243 263
6OKtEnihTMGUs73C5oGdgl2djf8Hf5Ne,6 0.3466 542 582 629 657 7 0.1168 487 545 606 679 7 0.1138 367 1528 540 1684
uf23oTrqa6qFWzCfGAcDyZyyg9zBrmg2,0 0.8835 1269 867 1566 1186
s2aCZRtm2sX09thbrmn0FLDMDbG5I5Di,0 0.9965 1337 684 1622 977 10 0.9290 444 1549 571 1831 3 0.6890 1046 1303 1980 1637 10 0.6711 425 1487 1124 1953 13 0.4613 674 693 861 889 10 0.3053 436 1567 655 1880 9 0.1893 414 1490 1144 1876 10 0.1735 403 1463 583 1886 7 0.1624 450 1477 1149 1987 4 0.1220 480 1476 1152 1920 13 0.1064 625 725 879 979 11 0.0996 1070 377 1220 455 13 0.0676 698 652 843 791 11 0.0532 411 1533 594 1837 6 0.0505 670 701 857 885
poHXS4KqUG6vxvzLSL7L5pjLiiPN4ZzI,0 0.9990 1506 814 1772 1140 3 0.9755 1189 1601 2169 1957 13 0.5844 752 1315 1061 1659 11 0.4571 852 554 1133 738 11 0.0845 1698 576 1855 628 11 0.0631 913 556 1201 678
45Wjk2y4MMPGWXoweELQREXz4ggFTAwc,11 0.1107 1296 266 1523 315 9 0.0655 864 500 1363 2673
NuV9f2b0GcBV87lNJhM934LtBNRSUdkb,9 0.0619 120 411 942 1528 7 0.0598 412 1105 636 1380
bC3NLXnzGNOI3AsD4QqvFBrWFaMrUwJM,11 0.8012 466 483 736 620 11 0.3957 1247 443 1487 512 11 0.2424 508 472 907 592 11 0.1340 682 502 899 548 11 0.0591 607 480 909 558
XsEba9L6wG9knF7UQ6dgoU8oJ9lCw4as,0 0.9991 1299 881 1701 1310 3 0.9968 887 1519 2094 1994 11 0.2912 1439 499 1748 658 9 0.1750 921 319 1011 417 9 0.1539 936 333 991 387 9 0.1513 914 212 1170 501 3 0.0555 1139 1599 2106 1890
CybEuD87ORXw0bGaC970Y1xnb1OKNNpz,14 1.0 0 0 1 1
zfHq7fSGfrwtjKwrUtXzNp50ZTDiWFwA,0 0.7632 1083 899 1313 1162 8 0.3277 924 0 1044 49 3 0.2523 825 1629 1600 1870 11 0.1358 1305 695 1534 763 9 0.1217 922 0 1047 58 11 0.0575 1338 695 1480 735
XMTyspZXmscqGm736JjtBAdW5vMKhafz,11 0.3245 1051 208 1418 400
A2Pchm0SR65zlEynFpieEfvbd0jLqWle,3 0.4964 693 1321 1604 1773 9 0.0579 116 1475 843 2396
yxUFoCF8BSZVyoHM9i0HNSGjGsYIVPps,0 0.8566 1627 822 1904 1115 9 0.3974 786 1510 923 1596
jh85RGG86frqGLBoRsTFrDRfWQmRUyxf,3 0.9888 795 1442 1781 1922 11 0.3206 730 536 1045 640 11 0.2114 1312 645 1557 716 7 0.2044 494 1122 876 1846 11 0.1285 388 1760 542 2053 10 0.1078 405 1749 515 2014 5 0.0722 474 875 822 1842 11 0.0670 716 507 1069 706 9 0.0627 424 1693 966 2074 11 0.0603 709 534 934 619
YyEa28gkI4zLHVYMKm3EZHDPJEIWz12e,11 0.1815 677 338 1080 453
uOu2s0NNxfrZUuXifCxzs5Bkre3hcQsz,8 0.2979 340 1214 414 1282 9 0.2025 1059 1409 1123 1503 2 0.1493 1058 1406 1125 1501 9 0.0676 339 1218 413 1284
QlaCnHfPEaETw7orX43JjPPa4GDPEYiG,11 0.8912 496 371 914 573 0 0.5616 1174 667 1439 996 13 0.3745 1718 1562 2091 1739
sXsPi7RzdFP6XmQPXZv2Ir4VK5qFjPzc,0 0.1291 1059 712 1280 936
2kMDIECSMXKd0AvXicwUhL547de9eLzz,14 1.0 0 0 1 1
MtcyJ1QLts9FwswcKM8pBqIVO5TjGtDo,0 0.9834 1007 759 1248 1034 11 0.9802 495 417 791 516 3 0.8626 722 1359 1594 1710 11 0.8402 417 412 773 574 11 0.7908 1178 387 1454 492 7 0.1099 176 1432 287 1669 8 0.1076 144 1690 198 1759 11 0.0986 377 441 666 614 11 0.0779 1193 407 1343 456
URLvhDyVdzLYljr7J9pSWPePg5jOb5UF,0 0.9890 1263 669 1557 1025 3 0.9762 899 1394 1985 1896 7 0.7794 170 843 968 1915 5 0.7188 1547 643 2368 1915 6 0.5127 1551 650 2363 1969 6 0.4679 117 961 1000 1919 7 0.4198 57 407 1120 2103 5 0.3240 83 434 1107 2017 10 0.3118 84 1827 217 2083 4 0.2981 110 1097 692 1966 8 0.2974 1513 578 2376 1990 4 0.1663 220 1153 952 1871 7 0.1145 128 1101 676 1934 9 0.0840 1674 688 2345 1896 9 0.0790 474 1564 787 1707 7 0.0671 1459 563 2223 1853 7 0.0644 1674 836 2338 1938 9 0.0636 315 1206 936 1764 13 0.0583 1437 510 2337 1892 11 0.0560 74 1815 229 2091 6 0.0550 1665 869 2123 1491 9 0.0544 2284 1111 2417 2047
2OgHLd6GmAkrh08AWwiLYSoQXfWeVvkJ,14 1.0 0 0 1 1
m5bstnm3iu13H0xZSDq7N5vVOZ9FZUwm,9 0.9751 121 1432 427 1663 9 0.8956 84 1397 644 1738 10 0.7819 74 1607 166 1726 9 0.4251 169 1413 368 1616 10 0.3531 93 1521 202 1703 0 0.3252 907 621 1143 909 11 0.2800 197 1427 315 1525 3 0.1921 653 1260 1457 1566 10 0.1507 80 1482 241 1729 7 0.0989 136 1421 340 1622 9 0.0738 88 1467 314 1721 10 0.0732 89 1623 154 1705
lONpe56xP02xOKEdfsNhFnkjIDNFqiHZ,14 1.0 0 0 1 1
YYjGpue5hbOg4GXaO2YNcgPiuhfY8TVh,0 0.9983 1010 568 1264 842 3 0.9933 691 1181 1610 1602 2 0.8348 1191 671 1243 780 4 0.3303 966 1046 1660 1602 3 0.3046 743 1268 1657 1827 3 0.1722 698 1253 1550 1476 11 0.1102 417 253 662 466 10 0.1092 1597 1358 1694 1562 7 0.0954 257 1164 613 1442 11 0.0517 185 1188 277 1387 10 0.0513 142 1344 274 1591
FVQnDCV4Hyrur6PgentypQYuyGIU7PCZ,5 0.1024 1640 667 2120 2160 11 0.0851 1592 353 1820 516
wd6Wpb3Yqul1vwt0PbVLB27RtTaRWVOU,3 0.2119 1061 1188 2027 1563
YdVCk5vgiEh2PZqARM5Dh0luk1rKAeL5,0 0.9541 961 707 1231 1051 11 0.4744 362 368 602 548 3 0.2490 648 1448 1464 1890
4nDwAmwDxRATbivTr7WrEUN4khhJy6GL,14 1.0 0 0 1 1
2fHZVRMDoM3mgowStgCjLyQUvVBm34F1,14 1.0 0 0 1 1
cSmg6OokXq2GahWwtf6L6t72fc2sOf56,14 1.0 0 0 1 1
dr7uqMkOB0zmztLA5S9asRSIPnbDMuDf,0 0.4789 1010 523 1214 735
Bna94YXeS4s7AQwuRg2xnLWjTTwdtfYX,11 0.6449 502 350 908 504 11 0.2371 718 366 888 434 11 0.0876 658 364 924 453
fimFynwDqkrARdaNyvdy19t5kd25nMXR,14 1.0 0 0 1 1
IYNeoPyh0DxZSCUD4MbKGwihfGIrjU4L,13 0.9750 285 1397 455 1498 9 0.9749 1760 492 2287 2369 9 0.9683 1342 43 1954 572 10 0.9589 1876 2127 2003 2315 7 0.7801 1375 837 1788 1280 8 0.7562 1320 829 1779 1288 9 0.6857 263 1407 454 1535 0 0.6113 1091 934 1356 1215 9 0.3940 1198 397 2133 2147 4 0.3297 1297 832 1808 1304 9 0.2890 1931 961 2289 2286 3 0.2473 777 1834 1725 2191 7 0.2189 2059 729 2304 1120 11 0.2048 1878 2141 2001 2316 10 0.1535 1761 2072 1997 2318 11 0.1363 712 451 906 526 13 0.1095 464 1061 679 1196 13 0.1026 276 1404 541 1534 5 0.1003 1566 1333 1994 2223 9 0.0995 1284 15 2181 757 13 0.0707 1267 792 1815 1345 6 0.0688 2062 768 2298 1166 9 0.0676 1570 548 2032 1959 9 0.0591 2071 765 2300 1097 9 0.0516 1823 531 2121 1715
kOPxRaT6ZsSCGKxABBDExobXXavocqTa,9 0.0551 151 1219 946 2392
WxfySfH6K3o3wFQObTr0SKcOzdxSvbbu,0 0.8555 1453 785 1797 1125
NisO1gavJtGlYobZKWM6P91JdR4VgwOp,0 0.5774 1518 1032 1776 1289 5 0.4838 456 2103 861 2633 11 0.4362 1710 588 1991 658 11 0.1652 914 604 1281 685 5 0.0645 1897 1085 2420 2178 2 0.0609 1594 1056 1737 1279
slhRxO2b04r4d0856wkGh61pF2SJBmWQ,0 0.9758 1323 637 1650 994 13 0.9519 371 1865 692 2033 9 0.8422 275 1853 1055 2258 11 0.8096 1539 353 1854 472 9 0.2478 352 1882 793 2168 10 0.2225 254 2079 353 2232 13 0.2196 413 1892 662 1990 10 0.1347 213 1947 376 2380 10 0.1222 284 1934 834 2409 13 0.1145 1662 562 2100 924 9 0.1117 310 1964 702 2197 13 0.1099 341 1840 888 2051 10 0.0837 239 2039 448 2378 3 0.0792 1027 1703 2050 2186 11 0.0695 1500 330 1798 439 10 0.0650 246 2094 388 2301 9 0.0632 1727 527 2130 884 10 0.0629 304 1884 671 2309 4 0.0579 246 1814 1206 2406 9 0.0560 392 1831 959 2114 4 0.0549 393 1980 701 2196 9 0.0523 1240 249 1492 787 13 0.0516 310 1808 946 2184
Qbf5Qb8HgOfc8js6DZU8kzvjehX8mMKc,3 0.9307 727 1322 1657 1732 0 0.8995 1065 660 1294 904 11 0.4198 614 325 849 400 5 0.3194 324 1098 689 1633 7 0.0848 326 1400 728 1700 11 0.0725 1363 352 1526 458 11 0.0663 595 337 904 444
uyQPv9cwmbMI6HxkYYVBaHnYmHho5axt,3 0.1667 888 1207 2167 1772 0 0.0784 1360 672 1697 1030
VhYG26aYM69aqzIpgaprfUSL8HBSx30H,14 1.0 0 0 1 1
yLJjGU6uSwZmJa8prEBGV2AcvjkJT9LY,5 0.8817 262 562 1170 1892 5 0.8487 1340 388 2190 1956
Xqs7EYV3PMhKr1x5puPfYAalnawl5l72,10 0.0657 152 2319 234 2484 8 0.0538 833 846 886 919
tVlMCQpO3vr0jiqQba78sdbH8UiLvTGL,3 0.0621 691 1313 1559 1588
oeXThvgctWC7v9yxr6N5vWslJI0w0iJq,3 0.9280 759 1232 1541 1552
JlC8OUVRstEW76aJRVYps6TGoFRJ5IsR,5 0.2549 572 807 1362 2025 3 0.0761 1167 1759 2238 2216
cwBOGCLukjAYSPB5g7KSMcY1ER42yeBW,10 0.0606 176 2177 245 2299
AORuDpo1dI9djBhlxhzwJ3bOeom5eS0N,3 0.7327 721 1198 1503 1542
ZfrN2sdHz7rTCE4UAhLJdwfmasI9JBS4,0 0.0810 1030 861 1268 1112
0rdBUrVwx0Y3GLBC5LPvNVNDDzg863uA,14 1.0 0 0 1 1
cBOG7HxTolwUmPWLWOTSxyXUet1PqRiF,10 0.5507 2 2007 63 2163 0 0.5017 1047 698 1347 967 11 0.2179 0 2027 60 2184 3 0.1907 750 1384 1658 1875 9 0.1596 799 591 1198 1965 11 0.0773 5 2046 28 2263 11 0.0773 1273 341 1582 417 11 0.0701 0 2055 44 2162
FNflD7b5bS9r6ed2GVso1qp3BKdwjsJq,11 0.7894 1753 88 2130 224 11 0.1279 1747 119 2045 192 8 0.1167 2232 488 2325 559 11 0.0577 1971 110 2123 222
adw09SICE31f9x52yymnWpH1KM0cWNqY,14 1.0 0 0 1 1
VcVrOAKoyNTfXiQWDBbQOOQ10HtSwwPh,7 0.3489 1487 759 2177 1785 0 0.1234 1175 766 1416 1074
6cQaGqqZFTERHkJyChkAFN6bVZ22uBR7,3 0.6710 1362 1634 2442 2030
iSU9j0hRBPSWiqjaOz4j1f5UhAHXaoSc,0 0.3842 1651 627 2018 1031
RK6rW24IIYPhIscGDEy70meYuez1QJsd,5 0.0717 398 1489 833 2324
EiZzF4icIOvrSZglz18UNI7OslpqUbT4,3 0.0545 933 1479 1912 1893
WGYMVs8JUN9VAxAIZNH5VUeWczFkfyDU,0 0.9167 1036 751 1256 958 11 0.5070 730 393 881 452 9 0.1895 331 37 786 487 11 0.1418 618 398 856 466 13 0.1267 1213 1632 1780 1797 9 0.0848 1238 1659 1847 1848 8 0.0513 765 383 860 463
bgdlWNjGORSK1reDc0s09632DnTbCAYv,13 0.4071 466 656 634 793 2 0.1782 475 655 633 801 9 0.0905 56 1724 729 2208 5 0.0523 141 650 866 1962
6RDMWqtA5VgVsVCuArhqMmjkmQthcYo3,14 1.0 0 0 1 1
HRprnnzsj7zbadoSiNDNcuAcEUw0erbK,14 1.0 0 0 1 1
PMfbBudPy2vIH9CwNlg8jvIvklezHb4v,7 0.3849 141 490 660 1865 11 0.1798 544 388 777 477 8 0.1357 1237 1516 1467 1777 7 0.1052 220 914 566 1667 9 0.0530 70 592 525 1626
NWXL1GHPblsJo4QNmPxcIWJKAhdGbqdE,10 0.0552 69 2510 220 2740
CmiDv0I7lIRBSrey0t0ALH0O6A0nxTsa,9 0.2144 2 65 236 251 11 0.2143 117 1137 388 2079 9 0.0684 9 82 168 208
wMF3HVRnhj1A9GzFNS9ipBcAgEXrngcE,14 1.0 0 0 1 1
dHhVaQq9n1hnib3D49yzWiBkIMyIAB9N,14 1.0 0 0 1 1
OiekM8idZ6EltsbpSYo4Z6opxzxKPWa6,3 0.0957 954 1773 2022 2257
A8ycYBYCm2x2klMjhZE1mMqb20cpKwvD,14 1.0 0 0 1 1
PiK7PRUxwNkPxUEriCtImreacK7FB8ZG,5 0.9138 55 274 920 2113 3 0.9069 767 1498 1754 2130 2 0.6996 1074 811 1242 1052 5 0.6698 1110 438 1832 2123 0 0.2622 934 774 1245 1107 9 0.0521 7 1592 82 2055
HJ8IAuLXc2brvhbpfdl9xJpX7cLu0dAz,3 0.3617 654 1278 1619 1713 0 0.3518 1007 890 1271 1181 9 0.1080 6 1401 835 2037 7 0.1008 0 1269 903 2425 9 0.0812 2 601 598 2052 11 0.0638 1382 684 1577 784 10 0.0635 7 1334 893 2325 0 0.0611 938 3 1501 193
1UvaFIJ2Fshg60xV5sxsxkhXmj53OVEQ,11 0.3207 1452 168 1712 279 11 0.0870 1483 162 1859 252 11 0.0762 678 155 1067 310
AGrMq80kqTtog2NAG1eWah8rD7ptmj2K,14 1.0 0 0 1 1
tEmM2xHyDl6sYYYbXMvb7yU2bd9fXqei,11 0.8771 1782 519 1974 648
FhIfPvAiJUUy79xn9tbgPeGXgYJZ8WXQ,14 1.0 0 0 1 1
KsS0I6D4H9wVAJWRZExyFzFqvhLHFT5y,0 0.9968 1308 627 1752 1111 3 0.9965 923 1413 2199 1914 11 0.9134 776 294 1045 392 0 0.8079 998 600 1774 1298 5 0.5283 1495 386 2328 1758 9 0.2601 70 1876 144 2164
84zLn7xwYGVcONSSEWUmmN0o9CATGK9m,0 0.7463 1165 889 1409 1167 0 0.0824 1032 889 1404 1254
lyUuETRDr6O9BtGLOH6yY2a27Vyyto4J,10 0.1308 2507 2416 2579 2562 8 0.0957 1895 2276 2006 2392
5zGJjOryrp65FtmJ5JkL2gbHUYBzS01d,14 1.0 0 0 1 1
sFxItnEuWNn9bkxcsqY5ukrBIrp0y9rz,11 0.6733 492 394 792 567 0 0.5423 1021 748 1237 976 8 0.2025 1173 0 1385 151
SYghTlh6L3GdnKVshECcpkcl3QIM5FA7,9 0.0591 474 1479 593 1754
fRy73p36nS1WNnG07qqX8F1icIq3j59B,14 1.0 0 0 1 1
UR1KXxPCFBxzRjJVwuHzew6k1qwNygCJ,0 0.6756 1245 582 1565 876 3 0.2615 850 1232 1993 1742 11 0.0648 700 276 1065 367 11 0.0648 1333 237 1697 363
CBdvDqVgvArDqoKh35yaUB4fyvTZzGlC,14 1.0 0 0 1 1
hhReaiZixpnSAsCrO45zrky9aIIviR94,14 1.0 0 0 1 1
PLnmJExOQzxb7sdg6Ra8VjGHDRfSzxbV,11 0.7511 1389 1416 1461 1484
9G69hkvyb3DU0K24otDxWrQaUBH2UEnz,3 0.9963 1286 1051 2356 1464 0 0.9940 1573 633 1883 938 13 0.7777 750 929 1246 1181 7 0.3928 583 1078 1381 1792 4 0.3846 546 1086 1413 1853 10 0.3026 582 1110 1331 1759 13 0.2665 736 970 1181 1116 9 0.2223 1360 376 1747 1436 11 0.2162 974 436 1340 535 7 0.1962 2113 822 2503 1404 13 0.1024 786 1029 1258 1214 9 0.0901 954 1986 1110 2150 7 0.0739 709 499 1404 1235 13 0.0663 765 685 1323 1208 9 0.0595 786 796 1374 1261 7 0.0574 732 849 1311 1192 10 0.0567 517 937 1456 1983 5 0.0560 695 600 1361 1276
MyUjV8niuUxqwcTTCUIFajQTx1SNKdlP,9 0.1706 290 1592 912 2399 0 0.0715 900 883 1316 1301
AI0e7pjXMSsD5LNHPkmXZiNbWk5ckZeM,0 0.8154 1196 637 1587 1043 3 0.7094 925 1332 2086 1880 11 0.6027 1295 312 1565 398 9 0.0844 7 1110 109 1430
C4vcfXo7AqotcnkGFJPKLe40x0LW1DpD,0 0.9745 1351 1015 1617 1312 3 0.7400 963 1881 2022 2430 11 0.6769 738 698 1110 794 6 0.4902 1947 2094 2176 2379 13 0.4013 556 1866 1036 2189 11 0.3297 1478 644 1642 706 11 0.2201 1441 640 1654 745 13 0.2077 498 1418 570 1478 7 0.1547 687 1631 1123 2242 11 0.0917 868 708 1102 775 7 0.0643 1931 2111 2189 2369
1DpOXagtPA7RaOK17EHCENsRq8zxz4a0,14 1.0 0 0 1 1
goODEguajjhDpOrRM4H0cC5Ml78KoVDk,10 0.9284 18 1744 96 1854
KkwCGJfU9FSODtYPAmync218zLuV1U5K,3 0.9800 694 1392 1793 2043 11 0.9219 513 411 887 569 10 0.9064 157 1624 516 2024 0 0.8989 1009 782 1301 1139 11 0.8810 186 905 456 1917 2 0.7811 240 874 504 1877 11 0.5895 476 421 780 620 9 0.4510 152 1829 230 1977 10 0.4320 131 916 626 2069 11 0.4283 219 707 674 2012 13 0.4191 350 1001 583 1082 11 0.4128 146 1190 547 2054 9 0.3004 89 434 963 1965 13 0.2275 383 1382 638 1750 9 0.2051 85 678 491 1935 2 0.2039 201 675 672 1972 12 0.2027 254 452 912 1953 5 0.1947 1270 503 1744 1125 2 0.1920 279 1007 664 1731 11 0.1344 267 1249 523 1891 9 0.1289 279 707 793 1860 11 0.1206 174 1607 546 2007 13 0.1044 1538 650 1673 776 13 0.1026 264 903 669 1697 13 0.0938 332 1001 676 1272 9 0.0749 1762 378 2020 2161 10 0.0708 161 1015 459 1906 7 0.0692 254 783 754 1726 10 0.0609 182 1384 502 1923 7 0.0510 1212 1550 1907 2064 2 0.0500 157 1093 577 2048
bW6g5O41oFUu1nkeYVWoL3VWtv3QNZDE,3 0.1073 1254 1805 2351 2416
X1J4aLnjBtgHTielbZYsJOqQFMEqVnaL,11 0.0548 1843 155 2191 348
dyw9tDhbap7tI6eh7QtpqFXi7VZtvw5Z,5 0.9849 1838 594 2508 1982 5 0.9258 592 616 1317 2079 5 0.4119 615 1363 1129 2038 5 0.3291 667 987 1242 1842 11 0.2833 1019 264 1290 323 9 0.2418 1840 550 2464 1841 6 0.0905 1841 670 2499 1739 13 0.0834 785 698 940 828 5 0.0775 1876 1043 2443 1861 7 0.0724 1799 780 2510 1728 11 0.0683 930 269 1328 375 6 0.0568 662 1425 1150 1992
GMM91nTNKaigiJd9EWpKcQMNhgKieQ7y,0 0.1089 991 720 1172 896
rWjUIOaMohNwyscVaKSShHrpHHKrYVbl,11 0.9810 641 538 890 628 0 0.8954 1144 857 1396 1170 11 0.5848 678 547 897 596 7 0.1123 1312 574 1441 704 11 0.0664 1364 509 1646 627 3 0.0590 849 1757 1733 2141
mSy2ZfEi6MoTXMVs99TcvfTGRmjJmdoc,3 0.4005 744 1252 1522 1562 0 0.2436 1021 547 1233 791 11 0.1662 1188 398 1345 456
0Ch2VIWNBb1Y9vfYmXQc9UWW849kbV3A,0 0.9551 1747 723 2092 1136 3 0.8646 1305 1576 2427 2051 8 0.5322 874 1510 1170 1765 4 0.4342 876 1506 1216 1801 7 0.2526 876 1490 1209 1816 11 0.1179 2320 427 2478 591 11 0.1023 2182 337 2421 530 11 0.0575 2115 353 2316 438 7 0.0521 903 1507 1130 1713
clASVeEpPyThMNVL34uQNKEH1K3Iy6F5,14 1.0 0 0 1 1
nNzDfDNcZHzQL3JROb3lhgjSarTQunvb,14 1.0 0 0 1 1
wLc3nvR7yHcqvYaB4CUOYARkv32R3HbU,0 0.9828 1309 694 1590 996 11 0.4956 743 446 1080 587 3 0.1078 1010 1452 1957 1837 11 0.0968 798 438 1089 532 12 0.0882 248 452 1175 1932
TJh4vqhRZnVZcVtdsKi3DuasFTANp0fl,0 0.9974 1179 898 1461 1250 3 0.8885 825 1658 1713 1996 0 0.5781 872 882 1453 1517 11 0.0729 1302 553 1561 632 11 0.0521 1368 567 1545 624
j8DzExPK64nEup7x2gNGQvwV38pxoelr,3 0.9722 792 1274 1763 1705 0 0.0998 1017 1675 1729 2471 4 0.0758 1077 1643 1665 2256 7 0.0517 1074 1620 1823 2444
WlnJ2HYoJQtmPjZuLdDXr9OH4Lqqjmme,10 0.9756 692 1640 880 1967 3 0.6475 1296 1433 2371 1821 11 0.3689 687 1680 834 1992 10 0.3127 705 1682 827 1906 11 0.1101 706 1698 804 1916 13 0.0932 2310 844 2490 997 11 0.0530 701 1774 797 1979
EGJt0xzS1XqQV5i3jOpHENApqRqHDS2P,3 0.8841 871 1576 1838 1952 10 0.8416 1994 1956 2087 2089 8 0.8026 1955 1977 2012 2038 9 0.7758 1402 1634 2069 2181 3 0.1012 835 1488 1751 1805 8 0.0640 1970 1819 2011 1863 8 0.0624 2003 1901 2033 1936 3 0.0620 838 1726 1911 2298
ymLwAWfqpd3IQU3cUcE74O9Hj8b9c6CI,0 0.9967 1281 977 1598 1352 3 0.9958 915 1612 1946 1999 0 0.3164 1029 940 1614 1514 9 0.0909 582 1334 695 1431
kv71f3gl2bnXoRAxcdQV3aDs2OjltDVk,0 0.4293 948 961 1262 1352 0 0.2429 838 1 1286 185 13 0.1443 586 859 749 1023 7 0.0531 235 762 816 1431
UGjpBDQ70gvPM7TjJfnJowHj9RPXzpJp,14 1.0 0 0 1 1
ram9AsvAnLThtCidJerJ17p0Kt8mApTt,13 0.0844 558 1665 1491 2306 7 0.0750 542 1649 1485 2294 4 0.0739 548 1636 1502 2290 9 0.0543 574 1702 1483 2285
sl0Pa8V8V21klsJblpcvn8NW7F4xyWiy,0 0.1194 1055 741 1333 1074 11 0.0608 572 428 872 503
8WAKfQD8hA8oJUEJCmTNPWcXEbN0iFiZ,8 0.9746 2125 1417 2202 1509 0 0.9540 1081 530 1518 1027 3 0.7880 754 1258 1855 1808 5 0.7543 1328 486 1995 1783 5 0.6192 172 132 1796 2006 9 0.2788 2130 1415 2203 1514 5 0.2721 19 189 1147 1851 0 0.2179 715 453 1543 1153 9 0.1772 814 28 1437 932 2 0.1007 1177 523 1470 957 2 0.0964 1190 525 1461 712 5 0.0938 968 200 2105 1990 3 0.0627 716 928 1914 1948 9 0.0617 748 273 1371 1761
f15xIZM725LuVrpp9PWGPsvPFsNggjnK,0 0.9820 1390 759 1637 1017 11 0.8226 1546 424 1831 514 11 0.3917 933 434 1139 498
5GEGAYYPoQLP1RgeNJWOwgMTjbHun2dx,14 1.0 0 0 1 1
IT12WVe0tEY7Qk1Ypx68hYm1UVnRyaCt,5 0.7418 89 471 1067 1728 5 0.0840 1402 224 2306 1702 3 0.0671 809 1229 1973 1692
VXxuQ2NK8ibey0wD3yNc6EbjkvPava23,3 0.5827 919 1120 1642 1430
cVkB1WElEnImi5fnGFfTmhsfPHx7zPhp,14 1.0 0 0 1 1
bJW9y7GeoDiYUUpKIQsBknolDr5v9o8X,14 1.0 0 0 1 1
O7zjPSz17ivxJOFO89lLqY26o417wBUn,0 0.9985 1207 663 1588 1084 3 0.7625 869 1441 1842 1856 8 0.5168 847 1137 1026 1355 0 0.3456 1035 657 1603 1227 8 0.1431 1400 934 1682 1379 7 0.1228 831 1082 1073 1380
Cg8Y5z45tZ93KeCiY340hoJsk6wS3ow1,0 0.6608 1315 795 1596 1096 10 0.1445 245 2102 310 2235 11 0.0641 743 396 966 460
BpVvkW2U2M46vzYbo8rzXDiQv52nXovC,3 0.9375 667 1401 1505 1834 7 0.6856 180 1262 806 1964 6 0.2453 152 1193 852 1939 9 0.1375 193 665 1124 1744 6 0.1280 337 1236 784 1767 7 0.1277 301 1282 753 1722 4 0.1001 294 1294 687 1697 8 0.0832 436 1442 532 1561 9 0.0605 397 1425 549 1593 10 0.0536 96 1544 763 2329 7 0.0519 119 904 779 1827 7 0.0517 84 1174 930 2305
dmN8nOGAXDxzucS5mQUDN6NbnpDeCGCF,14 1.0 0 0 1 1
TRffbLjoMNI4Ai4hARkNLJyMfZskDg6T,3 0.8681 1241 1375 2361 1947
FEpkZVgviRrjpJQDcsoiv8qkJQgRsHMj,0 0.9940 1382 676 1705 1046 11 0.9531 1531 272 1888 419 11 0.8472 888 230 1144 357 0 0.7953 953 666 1734 1485 3 0.5828 893 1653 2006 2227 11 0.5623 926 246 1138 319 5 0.3687 193 1837 615 2436 11 0.2068 1555 276 1845 366 7 0.2040 982 164 1247 359 11 0.1841 1643 268 1977 475 2 0.1621 1503 681 1660 811 10 0.1321 184 2431 312 2597 11 0.0818 1511 284 1732 428 2 0.0736 1517 709 1661 933 11 0.0688 901 193 1173 318 11 0.0681 751 227 1156 455 11 0.0600 857 182 1204 393
ymRfuwcsPOZLpoJtmPYiPeB3cIs8rvwy,14 1.0 0 0 1 1
Y9IScrk9nKXYQbBADn7o5LOe7TY3qqFu,3 0.3949 852 1330 2010 1809
5n8orouo9r7jdxzhaJHZGzazLhs79DA5,0 0.9984 1308 687 1668 1093 3 0.9964 873 1468 2004 1934 13 0.4185 1872 1654 2008 1810 11 0.1484 866 259 1122 307 11 0.1360 1578 259 1831 310 11 0.0615 1509 257 1812 336
lY98bivDlewcGDEmngTaO5dUZerVR4MU,0 0.9958 1585 752 1887 1137 3 0.8655 1291 1510 2088 1845 11 0.8042 1191 428 1381 497 9 0.1983 674 1048 771 1462 12 0.1808 24 528 596 897 9 0.0896 2746 503 3072 717 5 0.0633 1905 1259 2267 1684 5 0.0601 821 697 1354 1692 10 0.0535 773 1756 853 1934
kmntp0lyYyj0N8TnHWBNkOvXDnzvuwLa,0 0.4791 1551 645 1873 978 3 0.0853 1166 1482 2277 1960
JJR9lneo0Gzuh4PakF6hrycqEdNUKwWe,3 0.4719 703 1249 1590 1641 0 0.3384 952 683 1167 934
8cHvOwiNOh3vdLvUtPgv5OCHaklC5QZk,11 0.3705 680 427 1219 682 11 0.1052 791 438 1200 596
LeznjU9tAuS0m6ZIE4mx1q9h76My81GQ,0 0.1167 1409 730 1820 1195
R9iunMh7gqC0OjH2bIKolBnslt3ngcsS,3 0.2179 737 1115 1527 1385 8 0.0561 502 1133 593 1228 3 0.0554 130 1537 1994 2423
gGtIYUB1ohmj5qvoT2vM4OBRcunWZ2JG,3 0.4307 687 1630 1559 1893 13 0.2567 1730 1899 1818 1973 9 0.1008 281 1754 518 1950 9 0.0573 160 1769 832 2315
v7PqOPViJgKXXFW1wxdOD4wpLZwc8CjC,7 0.0985 865 128 1094 426
OiJfbL3SkxMyJUMTmXWej791h7sQyd0v,10 0.0681 2468 2113 2529 2191
unhXXXSRm9QexzLnrFK3vjBEtabskCr4,3 0.8204 975 1337 2184 1821
0NhR2jenrFSosEvbt6Fp0XiaeOsd2DSZ,0 0.9687 1331 611 1626 947 0 0.9543 996 587 1640 1126 3 0.8191 892 1291 1947 1740 9 0.2322 1027 130 1342 830 11 0.1371 938 192 1160 258
Hc8PNXTfSvbryr5Ae19j1HWMEAuSRD9c,14 1.0 0 0 1 1
jmJfhFGNTh0Wc0kuzSbT5KIiltPsxiQo,11 0.0596 881 14 1123 76
8yOBrSoYgXYQ9HCQCm0EOobZyQ0rAzLZ,14 1.0 0 0 1 1
PJ0FXflkfHzMmcGf2zuOh2MwLSEAP36i,14 1.0 0 0 1 1
T6vibREiTkAerI4U6eHwntLwBO5AGtPw,3 0.9987 883 1547 2170 1976 0 0.9961 1357 701 1694 1047 8 0.8624 599 1106 679 1171 2 0.7266 603 1104 672 1168 2 0.5923 570 1080 700 1187 11 0.5214 781 301 1082 388 8 0.1353 580 1091 690 1188 13 0.0905 601 1104 677 1173 13 0.0594 573 1070 689 1177
hJaX4b5Lpaa4Ig2qk6QVAE19OHYTdO8z,0 0.3076 1402 851 1681 1160 3 0.1220 1076 1594 2148 1936
lzWD7wMgWWtlymlf2Dm1AYdsib0gI23q,7 0.9998 1422 677 1869 1147 0 0.9987 1231 771 1578 1153 11 0.9918 1405 608 1864 884 10 0.9783 1395 965 1905 1851 3 0.8622 570 1038 1768 1953 10 0.6302 1249 742 2016 2017 3 0.5577 597 1403 2148 2014 1 0.4987 575 891 1114 1828 9 0.4980 710 875 1101 1697 10 0.4710 1473 1033 1894 1559 0 0.3364 797 737 1633 1463 7 0.3323 606 941 1100 1902 7 0.2781 1485 1045 1833 1561 11 0.2694 1417 591 1771 772 9 0.2578 587 898 1179 1954 7 0.2007 685 932 1046 1551 1 0.1116 1395 620 1821 970 7 0.0918 1404 756 1901 1496 4 0.0908 566 953 1124 1876 9 0.0902 316 1714 636 1896 11 0.0746 1446 1031 1920 1534 10 0.0561 1428 679 1938 1418 11 0.0558 1450 607 1683 726 8 0.0532 533 1461 586 1522 7 0.0530 1422 652 1814 891
ghlBgYobkxBfGUti6IVlTuu4YlPIH6p9,0 0.2191 1198 854 1817 1392 0 0.0837 1472 853 1821 1222 10 0.0673 225 2440 336 2598
y1lOpigySpJgoNAnU4khAogY0oEpBWTb,10 0.0833 125 1543 211 1660
VcXTAMrzLAMk2EeWauraqJhtqsKCDPTW,11 0.3445 1428 571 1791 683 11 0.1647 667 572 1065 680
TBDBIJsipF9b9ZMEdf1QmlbBld58tF1w,0 0.9989 1243 949 1572 1314 11 0.9830 910 554 1088 613 3 0.9589 905 1686 2018 2232 2 0.8728 1542 1324 1603 1398 9 0.8195 2044 1434 2129 1617 2 0.7169 2028 1428 2141 1637 7 0.7148 280 1893 856 2186 11 0.3751 868 551 1108 656 7 0.3672 2026 1426 2148 1641 9 0.3537 915 765 1466 2382 11 0.3161 1768 662 1977 827 6 0.2373 164 1795 944 2263 10 0.2304 40 1900 574 2503 8 0.2102 1549 1322 1614 1394 11 0.1589 2038 1397 2163 1688 10 0.1482 47 2033 260 2492 7 0.1449 160 1826 630 2322 8 0.1244 238 1374 453 1922 13 0.1229 342 1571 810 1820 9 0.1105 2001 1434 2181 1886 11 0.1026 2002 1382 2193 1915 7 0.0772 350 1929 785 2110 2 0.0749 1511 1076 1557 1173 13 0.0654 2029 1423 2162 1681 10 0.0643 68 1595 422 2377 2 0.0611 2028 1400 2159 1795 13 0.0608 204 1810 887 2199 9 0.0596 105 1873 944 2412
Rl9gP5qZSdrDk7HC7xHUFEGQU9OFUNi6,11 0.0833 775 401 1056 502 5 0.0598 1645 784 2138 1478
r1HDUSOr33n8hZ7OgJM6Zgf4d9VzUt1Y,0 0.9947 1388 821 1703 1144 7 0.9280 260 1516 741 2129 3 0.5638 876 1522 2265 2125 13 0.1690 356 1865 507 1939 6 0.0595 268 1530 848 2113
Qa7N6ZQkTOslxrGacxzPj4gv8NkaKrQZ,0 0.6886 765 691 1332 1277 3 0.1073 718 1367 1517 1861
mU0F614fKWEbImDfLdNyTVmy99FHVtu2,14 1.0 0 0 1 1
xtm0pGsZUKsbq9QJCIa9McB2gbcGTFD8,0 0.8450 1234 724 1464 983 3 0.4338 971 1347 1729 1608 11 0.1183 743 514 1023 626 0 0.1181 1168 3 1463 178 11 0.1107 792 519 1022 586 3 0.1106 950 1703 1958 2390
X2WTqBit7LCnIcuGAQmVU90auPEiY3zn,3 0.8773 829 1392 1793 1728 0 0.8258 1205 818 1427 1044 13 0.0517 316 1387 728 1539
yzPTjSBInrcqmBYkgKhW2BupJl45Joyv,14 1.0 0 0 1 1
WZ9RwMvyyioHhOcw95U9LDqvwkkUuV2R,3 0.8497 704 1530 1946 2007 11 0.5943 407 412 696 549 13 0.5633 1868 1504 2171 1635 0 0.4177 713 778 1546 1485 13 0.2839 2017 1530 2176 1605 11 0.1010 473 410 787 496 11 0.0703 390 438 595 551 8 0.0640 2045 1446 2157 1554
w15aPnXyoNAJCfCmRgHA5fL4rnyRAB5h,14 1.0 0 0 1 1
RrINOavdOFHK4DMG0FquABy5QIdHRHlM,14 1.0 0 0 1 1
oBbOHPSRKM8seswRUpB36z9yV1o2iwIk,0 0.9975 1030 516 1357 880 0 0.6554 681 504 1380 1059 3 0.5044 660 1245 1625 1598 0 0.0614 1005 491 1409 1116
aA9D2Bt9NaOA4z5mnQmtknHyVWmkUUk9,3 0.9118 983 1686 2168 2094 0 0.1941 1407 966 1686 1276 11 0.1162 2285 1879 2469 2239 9 0.1071 2320 1915 2437 2172 0 0.0746 1166 956 1728 1387 10 0.0688 2295 1832 2430 2158 8 0.0559 1700 1753 1815 1910
SKGW62kUajB6381QAERhwleGiDaxSoQE,11 0.1662 414 492 772 604 11 0.0765 1090 533 1340 609 8 0.0709 214 1181 256 1223 11 0.0547 371 485 647 665
qDwqTAbaoI5WP1LU4LYNvzkNbP8rBdhV,3 0.5288 770 1275 1778 1675 11 0.2758 666 568 836 623 11 0.0620 601 559 853 641
Y4u7pyO9UF81qyc2VMSuSf7xUPeOVrBQ,7 0.1679 388 976 472 1062 3 0.1306 34 1874 1849 2430 8 0.0730 397 985 463 1065
HIHjf51MjGE63IyPwgUzMsPGDC9dZmxY,14 1.0 0 0 1 1
gsmzxuvLLfZj7qWRPVEDqdlVuZyXi7VN,0 0.9910 1084 727 1276 941 11 0.7806 566 397 761 459 5 0.1576 1476 983 1822 1830 11 0.0635 669 407 833 464
Dtm2neHEgDVKhTqUwJfi00cfRt2plq0B,0 0.9891 1366 402 1702 798 3 0.9092 890 1439 1922 2028 9 0.8986 951 1395 1392 2364 11 0.7128 677 5 1185 203 11 0.6622 1620 9 1873 113 9 0.5790 337 0 2203 2459 0 0.5423 1147 368 1719 873 9 0.5374 287 2405 329 2460 11 0.2781 791 2 1186 115 11 0.2583 937 3 1139 60 9 0.1666 860 160 1705 2041 11 0.1660 1570 9 1894 187 0 0.1643 922 384 1742 1151 9 0.0954 1436 1941 2213 2235 2 0.0520 1451 554 1603 737
pOgTcMKDKbLWuFew9dXIEv2NEJMwwiT7,14 1.0 0 0 1 1
DzTA5bAO8IHsJd7wTUAcLpGqLjNt4yO9,0 0.9886 1216 1147 1472 1443 13 0.9683 443 1701 826 1836 7 0.9375 426 1659 910 2093 10 0.9084 234 1681 881 2346 10 0.8292 277 1792 588 2227 6 0.5766 407 1572 908 2133 11 0.3908 267 1805 759 2185 13 0.2837 441 1637 810 1908 13 0.2527 424 1795 903 2084 3 0.1283 819 1923 1728 2321 7 0.1264 434 1687 831 1853 7 0.1205 420 1935 896 2191 10 0.0778 297 1582 665 2186 11 0.0547 272 1501 538 2117
F9UPjR1CzUksUVkzhYJFhc3AgSEH1udp,3 0.1984 869 1282 1735 1731 9 0.1532 989 350 1208 1111
PkdNUA4QXUaDmirhAMQRHwiGtBU0gDMk,5 0.3729 1904 997 2484 1930
1JGGcZ8EfNHkT8FsXhWvNnH3INwVMca4,8 0.2609 961 2962 1082 3052
rFXucRtSblWLvpZzVVbS7jm7X0te37LC,14 1.0 0 0 1 1
Gl3YGdAfWs3MhOg2LXg5YF8iZYbyNlKF,14 1.0 0 0 1 1
gEDZiXo15I8q6RZ9nN4lPVQG8gGdX0un,13 0.3052 1868 1133 1998 1217
RIsC7ietCTcH8u2nEKgC1k77p4LhyRwu,14 1.0 0 0 1 1
nLqvjA57c1LeElM4PMPThoktDwQj75hR,14 1.0 0 0 1 1
R0Q1SJhkxgGGBebI16AOovU45aLz4kNd,3 0.4143 868 1190 1735 1560
oTxW6pcCVpKDrQMuskebNskBqHtfV0VZ,14 1.0 0 0 1 1
2eSNtnrPNhytHoyBirGhyHZIhPiQoqyk,1 0.1296 882 5 1227 279 0 0.0511 911 7 1372 290
o24HnBsjZFMTbDO8eZjbWNqDzRmiekyD,0 0.9829 1310 868 1621 1236 8 0.9265 1819 811 1859 853 8 0.7719 596 849 632 892 0 0.3784 1001 844 1638 1543 3 0.3498 921 1724 2024 2163 10 0.3159 191 2028 408 2375 13 0.0815 1694 782 1872 926 8 0.0787 1956 785 2003 832 8 0.0584 743 963 793 1012
WTnvgbJTltzRXhF9jgQjSVNGfidrcZkR,14 1.0 0 0 1 1
63UixDmfbtwgDeUops6qd0svnNAcXiYC,3 0.8806 915 1576 2012 2000 0 0.8273 1260 845 1615 1276 10 0.4330 2144 1706 2292 1989 13 0.3260 2111 1755 2256 1866 1 0.2677 2029 1673 2326 2053 11 0.1056 2121 1717 2336 2118 10 0.0989 2152 1754 2280 1900
hSCm3PH0i6H2YTp4GCXlPmzjcyM1ROSB,11 0.1251 843 325 1010 371 11 0.0603 887 322 1024 391
Hc7pXv9m4VHQy5vNpSmjzM1uE6emvlsL,5 0.4181 1756 699 2518 2213
r870J1DaK7ijsuJZjPxqRTOOQv4lkTld,9 0.3618 0 995 919 2349 9 0.3025 0 639 470 2407 9 0.1311 1682 371 1985 964 9 0.1289 0 1165 1720 2308 10 0.0920 1251 1927 1812 2422 7 0.0690 225 526 731 1313 9 0.0684 250 1281 952 1785
3o9nd3uOYbUWCeqUGfEtZ0F50U3nGwkZ,0 0.3872 1225 717 1521 1056
MdacMOXZr56SzalXGwrFgJvkMFpaETmG,8 0.1575 1485 1104 1615 1210 11 0.0775 1552 441 1735 569
yLhH7vSat234dbCtjz7VKVSC3fY5g5sa,3 0.8219 897 1487 2004 1945 0 0.4974 1285 642 1572 976
oNx5kF7ioy0DpxOQVAID3Y5fEsLHKEVS,14 1.0 0 0 1 1
8u0r0lAILwWPAHIfaK9j2n59o92yHb8H,11 0.1495 498 195 924 453 11 0.0751 611 200 950 326
coosusPZSfrwZdrTQklKC4PDkRSap6oh,14 1.0 0 0 1 1
4FKqgPjUP7uJVKDEPdzOvBUBxn9vruzV,14 1.0 0 0 1 1
0R2X6BMyGkPGQ94kx5j9LJWZpk1xVQyc,11 0.6570 1183 252 1324 339 3 0.0565 1355 1499 2260 1911
wxnKzpHKnITFxODKsM4EgOCDDelDFwKj,13 0.3063 1387 705 1802 1096 5 0.1918 244 620 952 2177
2LXx6kQegyqa7vkXP8CL4GCBZVIoslmf,9 0.7170 648 713 760 874 9 0.3109 646 739 729 814 13 0.1641 637 708 770 880 7 0.0961 648 713 766 862
Gp4fxXlXKWea0CvLMZRY8mzQtmvvvyNr,3 0.6838 725 1275 1561 1555 11 0.2300 528 407 797 497 0 0.1279 967 764 1206 1034 9 0.0594 60 1347 858 2068
u2j1czt4vzpefwxGOB2DNiMNXXdCOTti,2 0.9184 1392 733 1631 989 3 0.5581 881 1368 1982 1869 0 0.4033 970 667 1669 1128 0 0.1672 1239 671 1630 1068 9 0.0699 1600 10 2039 410
iHbsUhWH8WDyoeoUcSOQ6oC91wQHdEQs,3 0.9901 693 1299 1682 1693 0 0.9798 1077 637 1404 1003 11 0.8865 1414 243 1663 501 11 0.8279 503 233 865 488 13 0.8025 608 326 929 670 11 0.6670 196 1155 338 1519 8 0.6421 400 873 454 919 0 0.6157 854 616 1414 1106 7 0.3910 619 313 914 676 11 0.3665 424 197 947 551 10 0.2811 1733 1650 1896 1896 11 0.2739 544 295 859 424 7 0.2481 489 206 861 492 9 0.2213 172 1408 795 1916 7 0.1992 556 175 987 680 9 0.1192 81 1448 878 2166 9 0.1189 1436 260 1643 485 11 0.1107 134 1367 367 1699 11 0.1012 656 298 836 401 10 0.0992 111 1512 350 1838 10 0.0947 1654 1594 1896 2001 7 0.0860 1728 1599 1900 1986 10 0.0802 58 1495 927 2141 13 0.0786 563 220 876 505 7 0.0783 392 868 456 919 7 0.0743 1336 220 1683 506 11 0.0735 323 79 1045 920 1 0.0668 517 210 912 462 10 0.0621 1103 1555 1927 2217 11 0.0581 176 1204 360 1659 11 0.0527 1751 1611 1903 1860 11 0.0518 167 1378 291 1663 11 0.0513 546 151 927 446 6 0.0508 613 331 915 669
9TSLYZgeRanCHr6NRBOQwTC4eSIW9pY7,14 1.0 0 0 1 1
h58xGzrAGOYVXLejLEwIa9LNzyw82jCx,3 0.4505 719 1355 1606 1788 8 0.4332 1344 760 1434 865 0 0.1550 1041 731 1249 975 13 0.0869 1579 1562 1744 1756 13 0.0644 288 1672 363 1766 7 0.0599 1573 1540 1740 1753 11 0.0592 532 432 831 507 9 0.0501 1603 1607 1726 1760
mYOTEAXhsiHUW7Mti2z45yWL8Lkt6QBb,14 1.0 0 0 1 1
dg0VyGIh8uh2CvPb2a0X4R89srqruSlF,0 0.9651 1287 616 1503 847 8 0.6376 1930 1544 2017 1641 8 0.0502 2017 1874 2075 1934
wl3Pi8WGKQT9iVQOkz4cyiBgmcD6iwQm,11 0.7952 767 569 1137 787 3 0.5196 1096 1730 2174 2215 11 0.2121 856 580 1184 718 11 0.1730 1862 572 2022 685 0 0.0688 1454 956 1806 1367
9IRYtyBpRxwGc3nxeKvjmF7ar7pB7II9,8 0.5222 285 2387 377 2449 0 0.2031 1087 551 1407 865
vLlPQkcci9FTd8jBAk1rYi9vObou0xRX,11 0.5933 1069 251 1352 399 13 0.3389 650 292 748 450 3 0.1749 749 1177 1510 1431
gFrJedU2bEbXLQnEBZOq9xXnGErFFXOo,14 1.0 0 0 1 1
mtNB4PPWzpaaSKUyf64qUlTIjkp8U6L4,3 0.3664 837 1424 1935 1872 11 0.3582 654 216 959 328 7 0.0730 976 769 1151 1184 11 0.0720 1444 226 1642 319
vA4pAFOM7T4AFjO9D3z3k7B6FoUuKt7x,10 0.1037 228 2480 352 2644 11 0.0590 1007 342 1176 405
itDiYNSOOvOJDaRcRk93a7oRbYXye0K6,11 0.5618 665 342 940 407 11 0.1694 584 343 975 446 8 0.0581 2140 1686 2173 1720 0 0.0534 1225 826 1541 1150
cclC9YQ7ZSGVcUU4bAjd1kxIFDLv7XcE,0 0.5506 1422 574 1809 1014
cP1rAMTRDGBKgI5Qp8ha33qdg6ar8FRM,0 0.0685 1416 618 1780 1028 9 0.0505 0 207 135 411
hfWlFMrDL6zPghHp1iz892zw7Z1DPset,14 1.0 0 0 1 1
2ikwnPwWJ8nwnoORFBWuOkewjUdPjfrq,12 0.9277 456 483 903 873 12 0.6442 331 506 913 1095 8 0.6384 347 1567 426 1658 9 0.5016 202 472 900 1407 8 0.4912 340 1566 446 1706 13 0.2502 614 802 794 847 7 0.2262 531 506 864 849 3 0.1999 676 1654 1551 1959 13 0.1617 529 778 800 872 13 0.1612 576 564 836 808 0 0.1378 998 844 1258 1080 8 0.1266 1475 1539 1605 1672 9 0.1212 493 543 835 827 8 0.1110 274 1681 368 1766 11 0.1094 222 490 871 1352 9 0.0869 1468 1530 1608 1660 11 0.0534 1135 530 1367 655
uhjbSdpGFtlLlVhGksg1aPTR5RlqvSwB,14 1.0 0 0 1 1
kp419dbooUIT7abq0l6yCXqI7H2NZJyx,5 0.0992 305 1707 900 2026 5 0.0683 201 624 1140 2116
WckAmcWYhtBdljjKceW0OPLry7W9VFwc,0 0.9969 1341 871 1721 1317 3 0.9240 985 1980 2181 2435 11 0.6594 670 249 1081 483 11 0.6104 779 266 1063 373 11 0.4877 837 286 1008 358 13 0.2821 641 2011 1010 2182 11 0.2505 1478 274 1946 456 11 0.1363 717 277 1039 420 0 0.0979 978 846 1746 1705 11 0.0882 907 296 1104 384
r3DwWH4ec8Sh9cgPsIgUo7Cf5DQXuqQU,3 0.8295 901 1883 2050 2349 0 0.7872 1257 920 1549 1280 11 0.0729 701 541 1029 637
KxT1W05mQ3K02PPZJR513I4QxWqVUN4O,11 0.0631 2159 676 2336 811
9BCNgXrTgaECwpLKA2ADppCcDOSqeFI3,14 1.0 0 0 1 1
3HOsa9DL1duSiLuFXD95wW8cHWA5gzO6,3 0.1056 1025 1749 2012 2141
ioAMMlK7C8PEIo7aKnEKIEJcRpxTdPiH,14 1.0 0 0 1 1
t9aL4hthuzdbyPH4R3MfOd5RGejBSWmv,8 0.9728 301 1496 358 1561 10 0.9426 63 2073 160 2233 0 0.8559 1026 582 1273 829 11 0.4312 1281 223 1440 291 13 0.1512 307 973 418 1034 11 0.0832 1263 214 1396 279 13 0.0662 249 943 514 1097 11 0.0578 68 2078 168 2247 11 0.0528 640 214 874 272
1AceohyST8BoW82Nt1NlwA1rCwNuInxB,3 0.9886 1123 1492 2283 1963 4 0.8475 549 872 910 1329 7 0.6901 525 907 917 1295 8 0.6560 521 922 926 1288 8 0.2552 2006 1843 2123 1936 6 0.1286 600 862 952 1223 7 0.1184 498 817 1316 1785 7 0.1018 520 843 1076 1516
VBvAgPEsMEYuFheaeFpNMP5THHycKMPp,0 0.9219 1310 966 1583 1251 9 0.1033 917 1839 1365 2607 3 0.0685 967 1864 1956 2238 9 0.0540 995 684 1427 2224
NLXyV7yd8TADd0e0NhAMiXff6ozfWY9f,3 0.9907 816 1535 1727 1892 0 0.9812 1137 901 1399 1208 10 0.4147 286 1694 395 1995 0 0.0697 857 886 1427 1398 5 0.0525 1555 1274 1932 1870
NCNJyBx5HoRHsp7pL1X5aMx26MO9VwaS,11 0.4508 667 320 1044 414 11 0.0588 734 315 920 397
1wLLW2LD2tloNZPFmJOSTm59yqguOAib,5 0.4106 85 595 1070 1919
PvjozbcjXEuQvrcCgqqJhitXcdhjMTUp,3 0.7854 753 1260 1562 1575
YOooSSfnESBZO1Wd8gKi4hFYfZLsKe0l,3 0.9827 1140 1625 2272 1997 0 0.9644 1487 783 1822 1105 7 0.6102 1158 719 1420 1110 5 0.5735 1820 930 2473 1907 8 0.5586 314 763 1250 1963 7 0.5558 387 782 1315 1888 5 0.5122 348 768 1240 1923 6 0.3262 1842 1041 2526 1913 11 0.3254 934 420 1259 511 8 0.3110 1804 903 2501 1895 9 0.2573 1168 725 1394 1140 10 0.2119 308 1803 516 2067 7 0.1986 1860 1034 2493 1821 9 0.1268 1894 1047 2431 1688 5 0.1140 1897 1034 2365 1703 9 0.0872 1093 630 1778 2044 6 0.0603 462 949 901 1541 7 0.0584 429 945 901 1596
pXzQ0P7kEyPrzi7YppKbq1cKkHyhSGMJ,3 0.7937 988 1428 2061 1894 0 0.3425 1269 607 1575 951 6 0.0782 532 607 688 727
YvUk8cPYwBFcuqrucS9ixG8tzcOtY62O,8 0.7424 387 1798 540 1925 13 0.1714 345 825 853 1478 7 0.0682 383 1800 533 1924
B3rIWSMFRKjTzp85xzZK1s8VPy7Hq8B9,10 0.0550 1807 19 2018 379 9 0.0541 1705 38 2039 330
X6pO3QJBuO5VOCHpSxejk8O2065BKglP,14 1.0 0 0 1 1
KBseDZXWMKGZAV4W9ZBJtZKHGtjbL2x9,14 1.0 0 0 1 1
rHTSLZZc0HEvrLpy7TxtLGsEzZvvB9Yv,14 1.0 0 0 1 1
sg1BQF8yEXeMghtTcguV2qwQ8jjolJMA,14 1.0 0 0 1 1
nySV9VgF8dW4vkSZQdOvi9eJJKmynO6w,11 0.9967 951 425 1452 716 11 0.9943 1913 421 2561 697 13 0.9691 736 837 1567 1382 6 0.8935 999 1660 1550 2195 6 0.8860 1958 610 2936 2561 4 0.8768 2161 850 2890 1951 7 0.8697 963 456 1441 675 5 0.7308 949 1553 1482 2192 5 0.5386 1959 751 2978 2586 11 0.5130 1952 393 2693 897 7 0.4578 1031 1626 1729 2413 4 0.4427 2073 1009 2929 2579 9 0.4098 2073 591 2714 1317 0 0.4097 1766 714 2154 1133 7 0.4076 2192 1781 2940 2537 6 0.3833 1058 454 2995 2606 11 0.3662 1083 432 1459 597 7 0.3566 778 778 1522 1489 7 0.3226 794 853 1362 1274 11 0.3169 1291 392 1462 477 7 0.3011 2035 842 2911 2318 6 0.2793 790 849 1141 1132 6 0.2731 2145 1590 2947 2572 7 0.2598 1083 1696 1579 2222 11 0.2196 801 395 1463 878 9 0.2084 2194 1739 2912 2508 1 0.1891 759 813 1466 1369 11 0.1677 1968 352 2769 1298 7 0.1669 797 871 1163 1173 9 0.1654 2097 746 2899 2116 2 0.1335 2247 587 2338 676 1 0.1246 2049 517 2801 1565 8 0.1105 1347 417 1415 481 9 0.1050 1195 1814 1449 2054 10 0.1036 2758 2480 2953 2739 6 0.0932 2174 1043 2814 1844 13 0.0877 929 1590 1491 2181 6 0.0876 917 1667 1742 2378 5 0.0875 810 1108 1625 2290 9 0.0770 1089 1795 1422 2118 6 0.0704 730 821 1460 1369 11 0.0686 1170 447 1443 544 4 0.0678 690 803 1581 1430 7 0.0612 2181 1053 2815 1758 13 0.0575 2166 748 2851 1591 9 0.0571 617 546 1035 1050 7 0.0526 1038 1563 1438 2125 7 0.0503 2078 569 2823 1574 6 0.0503 720 513 1644 1668
cMFjvS9g5k4X7xqV5bFCskAJhNZzQbJh,0 0.9004 944 894 1193 1144 13 0.5943 1639 2093 1726 2164 0 0.0928 824 0 1260 243 11 0.0866 1640 2088 1721 2171 8 0.0748 225 1570 299 1650 3 0.0585 645 1562 1436 2029 10 0.0525 1655 2158 1733 2261
ypBDKcDzabmbMbIoNxSq8Vj8rSw0Pi8L,10 0.3910 235 1885 399 2079 2 0.0655 1386 567 1537 815 2 0.0628 1453 712 1511 794
lRNlNqBRL0wWVpW02yiHrb8VanL8T3k4,8 0.9989 620 633 691 697 13 0.7170 539 608 693 790 8 0.6895 607 633 703 730 13 0.1883 577 595 718 748 11 0.1550 509 548 632 698 2 0.1463 557 617 679 797 9 0.0764 548 616 702 787 8 0.0748 560 615 706 772 11 0.0710 466 547 641 764
owMxlgnVAVWrGAoAbK972mB3JQ4RZdSl,11 0.9390 629 591 1045 738 0 0.7499 1308 1098 1545 1382 11 0.4469 68 2561 347 2949 11 0.3610 790 621 1035 714 10 0.3594 95 2547 373 2921 9 0.0906 105 2632 450 3061 11 0.0824 599 566 1111 859 9 0.0709 152 2555 427 2884
9YHvMPBMvH3d2j47XZWKaCyy3VzA2PKl,0 0.9453 1140 716 1448 1073 3 0.4990 762 1427 1790 1814 0 0.3296 813 689 1446 1217 11 0.0583 1365 462 1555 499
HZt70Bt8DlYhhzpQxkSG2SG3Ge2B990J,3 0.9982 614 1102 1601 1507 0 0.8573 949 556 1199 807 7 0.5799 169 1125 649 1467 3 0.3678 598 1208 1706 1775 7 0.3349 1464 1008 1805 1715 4 0.1851 1003 1000 1626 1481 7 0.1525 1536 1078 1761 1540 6 0.1517 143 1159 690 1508 9 0.1409 164 1228 277 1372 10 0.1191 100 1388 641 1706 8 0.0833 1561 1151 1711 1337 7 0.0704 1430 1197 1769 1588 11 0.0701 574 283 753 320 4 0.0644 1095 1160 1780 1892 7 0.0622 147 1238 680 1705 9 0.0508 171 1209 264 1301
cRb9asXlT12kWJjfBK1ED93oWWN04xLB,14 1.0 0 0 1 1
1fi4XQrblWa0zaYknb19Mo3o11B6pnxW,3 0.4740 753 1509 1908 1937
89jErvxxE1rxBKnDoAYD12exyELelZ1A,10 0.9834 2070 1552 2655 2128 0 0.9777 1602 830 1912 1186 10 0.9228 2346 1618 2641 2053 7 0.8415 2114 1669 2479 1907 3 0.8371 1220 1644 2378 2131 13 0.7941 2102 1692 2465 1876 11 0.7280 1060 436 1321 491 11 0.5581 1856 402 2124 479 10 0.4492 1908 1740 2649 2214 10 0.4121 2407 1629 2611 1926 10 0.3674 2406 1747 2701 2113 3 0.3326 1227 1693 2291 1948 11 0.3302 2338 1684 2581 1963 13 0.2446 2051 1672 2402 1808 9 0.2207 1336 580 1752 1763 7 0.2190 1984 1682 2529 2000 1 0.1179 2101 1726 2482 1901 13 0.1109 2077 1700 2329 1786 10 0.1096 2109 1768 2586 2006 11 0.1077 2273 1619 2610 2077 6 0.1025 2140 1629 2484 1867 10 0.0850 2258 1720 2641 2313 11 0.0778 2366 1741 2548 1901 13 0.0758 2220 1753 2466 1849
ZMH7KCq5h6AsfuVtPWhlBsTRNsc9RWgt,10 0.0517 127 2291 271 2565
KYfx0WoOg3QhfDFGlTQmrtbU1xlck6y2,0 0.9815 1163 390 1408 661 3 0.3661 855 1113 1780 1518 11 0.2083 690 105 921 154 9 0.1925 376 0 839 130 11 0.1734 613 92 813 214 11 0.1152 804 104 970 163 5 0.0879 1470 545 1980 1596
Drswf7eN3TvF5SIa01oNMtVy1uN2skgJ,3 0.0740 970 1686 2174 2056
XuvPbgV8clVE7ihD2dXXc8K3PkKNHDHP,12 0.1727 565 184 1652 2238
XOaUs78WpEiT3bicJ3W2CnoV45B9QSoF,5 0.0930 1578 662 2040 1122
2wu9WL3KU4EYdB9Eg1UG3icbzYBn40kU,5 0.8641 170 530 1078 2067 5 0.6778 1579 483 2168 1286 11 0.1740 1363 350 1689 532 3 0.1671 904 1525 1972 2140 11 0.1188 784 364 1019 445 5 0.1125 1546 391 2268 1989 11 0.0859 1485 281 1683 384 0 0.0615 1285 755 1576 1084
ORuyC2nTNkHEM2bOtdQH4OtzHgU6UUl8,0 0.3937 1661 1010 1964 1317
ujzltHe9DC6EI8YLjDREMPYMwdAyDccJ,0 0.7177 1096 601 1317 885 3 0.2022 822 1370 1560 1639 7 0.0908 275 1119 1012 2382
pCM40RUwnKa45ENTi42oz2mZZ93qE25X,14 1.0 0 0 1 1
POrEDOTZLvf2sRCdwrkOLMleZKNH6jXX,10 0.2112 1674 1836 1769 2033 8 0.1829 542 1334 618 1422 13 0.0545 416 740 638 985
kvCHjSb0zQKR4wwWzxzzEqRoEx8uCH6W,14 1.0 0 0 1 1
oUYpFsnJvQNgl3tT8U0mwFSPtShm7c7b,9 0.1048 86 155 660 898 11 0.0904 589 496 738 537 9 0.0695 8 51 805 1127
peXNjqmJaaFfcJUZu3LH8E8jKXitxsFh,5 0.9862 1120 474 1947 1846 0 0.9751 997 660 1312 1017 3 0.6401 696 1372 1667 1764 0 0.6005 794 639 1321 1097 2 0.3001 1099 676 1213 899 5 0.1515 130 496 1037 1828
83o9E9qauKYQJlL7zPuRWFSzEiRb69LI,0 0.5196 1426 720 2030 1116 3 0.4065 1248 1342 2229 1840
B8LpcJ3CHxWGBRggKt1uEST0Kjw6hzPL,14 1.0 0 0 1 1
1dh0yBlAp0gwMW4Ei629bDx2HYKBXSdi,3 0.9094 588 1384 1474 1694 13 0.4400 1467 1320 1658 1370 0 0.3240 967 699 1232 1026 10 0.1125 1623 1693 1703 1826 7 0.1119 0 1373 796 2430 10 0.1113 8 1431 794 2327 11 0.0991 714 400 842 469
hIgNZ5pfnLGNTwjTEINUOuGcIctwMs7l,14 1.0 0 0 1 1
F7L7TRJ2dEhWcPshtjNVtyqeMi8zrQSP,8 0.2721 1806 645 1843 688 0 0.2416 1188 648 1465 974 11 0.0568 1333 321 1619 403
vBzi7ZPFhxyGC1nf1zDqKyiwJb8If4Ex,11 0.3182 812 329 1049 439 10 0.1364 161 2206 266 2360
iVszg94qb4B8OcwLxzrU6d2eQ6zrEzbK,0 0.9950 1272 656 1591 1032 10 0.9716 201 2030 431 2406 3 0.8456 957 1725 2003 2236 9 0.7507 242 1987 1059 2330 10 0.7251 219 2046 1076 2438 10 0.4467 146 1922 473 2463 11 0.3086 181 2001 439 2427 10 0.1574 178 1866 831 2413 11 0.1373 497 235 1002 511 13 0.1319 402 1684 643 1801 13 0.1223 497 1713 855 1853 11 0.1213 1423 161 1769 269 7 0.0718 258 449 1129 2157 10 0.0563 185 2029 637 2426
0IoNwVfmI7CWyWx53ved97GZzLZpYOSQ,3 0.2418 934 1222 1955 1604
Msv803Z61HeFseKpTWzIDsTAPQQVMgHK,14 1.0 0 0 1 1
7NgLWewpaIxRi6Qxv3OjxjEdfqg6uPSS,0 0.9704 1044 688 1324 1018 11 0.5110 496 377 786 492 13 0.2974 1200 364 1330 507 11 0.1256 551 368 792 448 11 0.1038 670 345 818 398 11 0.0928 460 403 712 544 2 0.0739 499 456 601 570 13 0.0537 420 1492 825 1715
yAQFQ2x2HNBqFqziITlIz3TMr78qmN2R,9 0.6792 225 1757 696 2096 9 0.2134 312 1786 590 1984 9 0.1809 790 760 1187 2230 10 0.1686 34 2117 138 2246
jaCDyAy78tz7zD7V23hvDxASDiOBK1Dh,8 0.1141 632 1533 733 1620 2 0.0766 0 207 92 314
AKtsbgo8umGCudVU8oxtreEJvgDErrFM,14 1.0 0 0 1 1
MSyIxwMvqXYMPyvtdXQjcGpQWZ9lUqRB,14 1.0 0 0 1 1
h0rXCXx89vy4p1z7XtuJgplo5n17aFMs,14 1.0 0 0 1 1
PwCsHfjWFYBSQzGwhxQWrGs7w7jJqVMg,14 1.0 0 0 1 1
xZfbyTlPjWzCqdswoTRlSr8mLUhMxHmr,3 0.0530 769 1163 1769 1606 5 0.0514 64 490 1075 1870
kwHSRA89ZGDlwdhABPvmvTI9tLDuCcl3,3 0.3964 679 1101 1573 1476
Cibqfmhk6mmEMjwBDClXDB5Y3DB5lay6,13 0.9688 1771 342 2327 911 0 0.9417 1531 689 1926 1107 8 0.7713 1465 2140 2122 2770 6 0.5668 1749 344 2292 854 9 0.4119 1842 2297 2105 2618 8 0.3459 1662 2226 2114 2669 9 0.3140 1720 2249 2137 2706 8 0.3009 1823 2309 2108 2594 7 0.2888 1529 2190 2100 2679 0 0.2627 1512 2202 2102 2718 7 0.1765 1826 408 2308 808 11 0.1680 1722 274 2257 470 5 0.0875 1867 514 2602 1523 1 0.0790 1718 377 2342 975 4 0.0585 1510 2143 2118 2691
aQFhQTtMkTqOb0NIS9rsQPWnPZYV9N6e,14 1.0 0 0 1 1
QHvQqj97U5PTj3uokjzis3Hutjx3PP45,3 0.6280 746 1210 1644 1481 0 0.4340 1012 663 1302 948
99xUL0b8aWXOPsPf6io1ggPiSnLFZE30,9 0.7869 610 1719 668 1772 8 0.7063 606 1715 670 1772 7 0.0956 599 1705 677 1773
vkyvA2EJ6VticSYlH5GzQISZslMAKWSL,14 1.0 0 0 1 1
R9eEmwesd0zLjijd07eaHJAxe0crJkgf,0 0.9894 1108 667 1556 1151 0 0.5172 1226 680 1531 1026 0 0.1652 962 507 1492 1280 3 0.1043 910 1519 1823 1833 5 0.0588 1711 1201 2133 1844
gJfDjS8lIanTmEv5ImiKCX8wAihaQJXu,14 1.0 0 0 1 1
H7R3FknYtNheG3J5iC7HAW5JPc3QAaZV,3 0.1427 902 1257 1949 1875
pEo30AUex16Ohmt4m7k82NJ3HyHWb7zB,14 1.0 0 0 1 1
H0QYDp0D6weiy2Lfhhv9DNsLTvE7OWDy,11 0.2943 2081 427 2486 533 11 0.1116 1097 409 1510 526
uMJB1PS5qtexNX42PfgUJx8Ats0rkhca,14 1.0 0 0 1 1
4vMuM3vgGc3fSLRl1lVjpRNh0mykXN6h,14 1.0 0 0 1 1
G5iyoGA5i3uHWj7EvXmzvrd1MblpgrKh,3 0.9985 654 1276 1650 1661 0 0.9923 1007 707 1262 1010 2 0.3254 1130 837 1222 929 11 0.0762 1367 418 1521 551
BZWz8dNarMEyxJLVDiqkdotcKdAHyxgS,3 0.9931 848 1409 1795 1934 0 0.8925 1091 768 1306 988
h6K3wUn4ExqlCIoZAQ59xZKIQyEbQrNj,11 0.0591 1328 435 1524 551
iae9OYgClEIEGMNtVmDTx64LI1zvxuJh,14 1.0 0 0 1 1
WWeoBjqeXDg0NB5Iw4GK8YC5Rq40O4BS,14 1.0 0 0 1 1
lKByVL4GFT6bXpYWZ3hsMKSBNfb0fP0p,14 1.0 0 0 1 1
TbsS8FD5qxSgxl3r1BG3PFacS8ZrqLug,8 0.6200 1058 1559 1160 1653 3 0.0573 1371 1322 2256 1707
BEyBR9e6NzhWS4Wii3oR41R9KAbp0MJG,11 0.8054 1315 441 1567 530
jjV3myoWCEoJ9bPurn5mIMtV1PIrF84i,14 1.0 0 0 1 1
y5p3ilyGW5vb3481TqxHwzPw1lPqo0FG,14 1.0 0 0 1 1
kZy3Wm1W9w6FTPUr2k0p6p4X6k3EJ881,0 0.9988 1054 900 1346 1210 3 0.9969 730 1296 1784 1785 10 0.1340 0 2669 806 2865
jIScpsP3THJT2WFYJgLmWRzYi0HSVVkB,0 0.2117 1194 880 1509 1241 3 0.2049 938 1505 1880 1895 5 0.2028 1704 797 2087 1845 11 0.1318 1562 515 1796 641 8 0.1144 1687 813 2163 1636 11 0.0903 1372 519 1654 586 9 0.0607 1807 846 2103 1654
c7HIez9dwhcrFPleKPMjrb2dR5tQz7tl,11 0.5348 435 358 829 513 0 0.3423 1147 723 1468 1109 9 0.1336 728 2449 1120 2704 11 0.0515 1376 282 1696 400 5 0.0508 1510 483 2177 2175
T8AR4vX8vCDkBGjmc2THQoFtWcAyIEFN,3 0.9897 810 1363 1826 1756 0 0.8557 1171 726 1443 1034 5 0.1538 183 1153 817 1666 8 0.0991 1795 1435 1881 1514 0 0.0680 1042 719 1436 1133
FlUDTF2OoWICTixcQbUFDkQ3n3acghbf,3 0.7789 1029 1610 2148 2114 11 0.6429 1515 169 1916 334 8 0.2795 1905 1870 1948 1917 11 0.0648 283 1465 394 2053
rNFgydZssmvnmqzo7L0ur8LiMApUysHa,0 0.9979 1126 675 1444 1040 3 0.4343 743 1429 1702 1837 9 0.2430 1 1113 33 1671 9 0.0712 9 206 244 339
uB6NxHkfo32PTGEssRLYREuQ2ZxAYdhf,14 1.0 0 0 1 1
bF60ysOhHz2FmRqf3fMVlnS7aaDA4M63,3 0.2606 562 1334 1463 1585 11 0.1380 945 427 1287 544 3 0.1359 540 1274 1524 1733 11 0.0569 975 457 1215 510
wvePlG2ajKED7OKz6TRHvB8K9alkNQxB,14 1.0 0 0 1 1
sNHtsNMUyFnChBZWjqQjFTYWH5sSmvZZ,8 0.2311 1421 1037 1576 1241
lAE19JMJBAmzc7onGQTx9Vyv2UjMmaNE,11 0.9230 1449 196 1617 314 0 0.8888 1113 397 1378 655 7 0.8567 1366 577 1728 877 10 0.8508 1279 440 1850 1368 10 0.8246 1405 555 1819 1126 10 0.6809 285 1297 392 1490 11 0.1668 279 1299 405 1545 13 0.1522 1372 543 1743 807 11 0.1511 1373 209 1558 278 11 0.1511 1399 630 1816 995 10 0.1390 268 1376 352 1541 9 0.1323 1315 314 1759 706 13 0.1251 781 261 851 340 11 0.1132 1431 587 1789 852 11 0.0902 309 1317 402 1474 3 0.0728 768 895 1837 1519 10 0.0700 1675 524 1795 735 10 0.0531 1516 477 1807 885
qeZbzOGjdaMruNaiH0ShXFH2l4bVJZu7,10 0.2889 1829 1780 1872 1881
L9KVbvqCUgo3LTiyx1g7BknbxCJZ1nyB,13 0.9501 538 1312 728 1409 3 0.9498 1049 1369 2033 1728 0 0.8516 1431 650 1705 992 11 0.1665 709 246 943 443 11 0.0667 772 240 1235 369
e9yXEgKhS1OFaDBoj1ROjSodZje23ZZR,3 0.3030 711 1050 1507 1322 3 0.0942 0 894 711 1393 7 0.0611 322 818 793 1455
I135hG2ETpSrwNsTRHU9SYVRDk03piiF,13 0.9469 1437 688 1761 838 13 0.9077 1300 651 1779 923 13 0.8856 1589 686 1749 779 13 0.8043 1632 692 1748 751 8 0.5448 1275 864 1430 1051 13 0.5234 1533 702 1738 800 13 0.3648 1393 722 1717 915 13 0.3465 1203 613 1754 1051 13 0.2554 1514 729 1691 812 11 0.2066 1306 274 1480 325 5 0.0564 1269 606 1713 1021
HOdjvb0W2tVpBWNf9hfRO6PiXI8S6bmc,8 0.0617 1554 1772 1655 1882 9 0.0598 528 2250 714 2371
TqdIyf1OM7CY6ks8Mngwt9K7bLVILAHy,3 0.3852 1292 1596 2347 1886
qz7l0JoaqtoZm0yZy8C5qDpasWZ1v0kc,14 1.0 0 0 1 1
tS7HLnz2v46xSn49FWTMbsqfbwiMZb0B,0 0.3200 827 3 1324 242 13 0.2993 1224 517 1306 708
Y3GO0k8DoKh6KFxzHBFWtrXsDR3ntpuz,0 0.5244 1261 805 1567 1096 9 0.3566 54 9 705 205 13 0.1124 204 0 713 254
V4JB5uJZhfQRgoNS7yRfR7fCVgdA00zR,0 0.9968 1124 562 1423 913 3 0.9179 725 1316 1675 1650
hlmY0sZRRVLETvs4fMcosSxMJI7nFaHZ,14 1.0 0 0 1 1
OOE3b0FgoIeYfnUbw5k6vUr1BiWCbocP,13 0.9951 266 1488 751 1622 0 0.9914 1099 662 1388 1006 13 0.9631 1606 801 1770 894 10 0.8803 165 1795 275 1988 11 0.8482 161 1808 267 1956 13 0.8314 1592 765 1805 918 13 0.8079 1375 747 1843 1113 11 0.4347 538 329 909 431 10 0.4310 177 1820 258 1949 11 0.3925 1293 305 1572 419 13 0.3827 293 1498 505 1565 13 0.3023 1458 778 1802 1024 10 0.2331 136 1677 277 2029 13 0.1491 1643 718 1847 890 5 0.1113 1440 695 1813 1120 9 0.1000 145 1694 864 2100 6 0.0972 1614 817 1784 886 13 0.0940 299 1485 571 1598 11 0.0749 632 336 888 392 6 0.0629 398 794 674 1128 9 0.0620 282 1496 681 1621
FWJHQEckP7KQuGEZt8ySxTUSRJTTUeAh,8 0.9561 574 1773 631 1838 8 0.7283 660 1032 741 1133 13 0.3542 591 974 828 1132 9 0.1546 647 997 804 1126 8 0.1386 667 1013 822 1120 13 0.1037 574 946 693 1033 9 0.0955 576 1780 634 1836 13 0.0903 642 1009 790 1125 9 0.0660 656 1025 745 1126 7 0.0649 643 1016 796 1129 13 0.0544 480 943 837 1205
SFLEjV7meuvc70EMGTvnr4DefwFWudJL,10 0.9127 1729 1705 1801 1812 8 0.1244 638 1412 725 1506 3 0.0894 812 1347 1579 1646 11 0.0644 1719 1700 1803 1812
pX6gLXnUuUlG9IQk0RiwyMIMFBXDTiYD,3 0.9961 870 964 1954 1311 0 0.6786 1276 539 1551 782 9 0.0723 1569 1257 1909 1346
46dm3Z82lDHnCde9uxjSq20Mox6Cj5Jv,14 1.0 0 0 1 1
ge6nGZ83Sdj0PsAyHT7trYoi9b2CbuCM,11 0.2005 981 435 1208 505
Z4gwPVTWsAUN6kltAymFOSbFWND4mdKw,2 0.7392 1340 385 1371 454 8 0.2624 1344 388 1374 447 3 0.1324 677 1150 1468 1571 7 0.0516 1341 385 1373 450
GPY9qjJNg9ML22DZcbbADDRvaJp1yAnp,9 0.0785 1700 2949 1808 3073 9 0.0782 1574 2845 1910 3180 9 0.0527 1654 2932 1835 3102
9CSFeC5iGl49RDXRTEh3NXexZUXrt6QG,9 0.2528 54 1679 115 1878
AymUPfzaOCTN4W12rn9srSy61nV9z34L,0 0.9850 1149 856 1357 1086 3 0.9835 852 1346 1757 1713 11 0.3000 1329 622 1516 665 10 0.2639 306 1758 390 1889 0 0.1462 1048 846 1357 1171 5 0.1404 407 942 898 1551 10 0.1222 273 1724 388 1992 11 0.1051 643 580 879 752 2 0.0839 1208 862 1326 994
RWZWwVZO3CIJq39n7PMECW53jDg4mUKb,14 1.0 0 0 1 1
NvwxwTGUAZ3ziWjL97o0wSqLb4tTy7ay,5 0.9757 1883 487 2745 1773 9 0.6517 732 375 941 541 3 0.4096 969 796 2504 1617 9 0.3943 1325 974 2477 2982 11 0.3813 770 191 1400 644 9 0.3186 1344 1299 2160 2502 10 0.2966 338 1299 1417 2481 9 0.2404 281 1118 1448 2424 9 0.2372 507 1336 906 1584 0 0.2097 1032 365 2037 1277 7 0.1969 317 1219 1423 2491 10 0.1892 365 1222 1067 2095 9 0.1873 741 233 2688 2635 11 0.1280 743 324 1310 558 1 0.1019 283 894 1547 2899 10 0.1007 413 1310 860 1828 3 0.0975 1303 1369 2327 1701 9 0.0935 1100 347 1855 1493 7 0.0920 384 1358 1312 1991 13 0.0894 1866 437 2645 1655 3 0.0784 1116 1125 2348 1768 0 0.0645 1229 380 1992 979 9 0.0640 1055 411 2020 2198 4 0.0598 338 1273 1427 2051 9 0.0592 1312 1265 1850 2199 7 0.0590 1035 832 1532 1378 6 0.0584 1853 507 2686 1715
KBZPbYQ63xnmnXQ2oey2IA06YQCTIRJU,8 0.0694 1606 869 1653 922
Gj6ICNsf8YwkKzsU1XOznafuXavVfjpy,14 1.0 0 0 1 1
WkXYLtgD5LpEQVtA54SaWVMwOQ1Enp4X,11 0.9956 1655 107 2023 261 11 0.7062 631 137 1038 303 8 0.4222 2015 1578 2094 1663 2 0.3815 2292 2179 2377 2280 11 0.3411 1621 88 2108 327 12 0.3125 91 0 1303 2690 8 0.3110 2312 2205 2361 2263 11 0.2480 690 113 1184 340 9 0.1961 2225 2041 2379 2277 11 0.1863 649 186 881 310 9 0.1802 1434 2919 2108 3264 2 0.1600 2235 2048 2389 2280 11 0.1350 1740 145 1991 252 11 0.1112 2277 2078 2402 2294 13 0.1067 2230 2003 2389 2293 8 0.1064 2074 1512 2452 2437 11 0.1063 931 136 1154 235 13 0.0871 728 196 1171 677 13 0.0772 730 241 813 402 9 0.0680 1066 704 1490 2547 11 0.0559 2293 2182 2394 2293 11 0.0558 822 128 1166 260
kznqBxckdf9JFzWk99rkmk0OP8GXCbFC,14 1.0 0 0 1 1
6WHwyBWmfqkC5lwJVCwnk1d4SX4ERSfo,10 0.9989 213 1032 915 1832 11 0.9952 575 489 939 638 3 0.8498 656 1485 1765 1989 7 0.7957 323 1156 854 1329 12 0.4169 301 534 967 1133 13 0.3011 632 621 807 838 9 0.2463 317 559 923 1191 7 0.1120 355 1038 899 1384 7 0.0533 300 504 954 1202
I3yRH9nXcELYS8vTCaxwnh0f4ej2bBLy,0 0.8896 1166 643 1440 955 11 0.3921 1390 268 1727 399 11 0.1522 1337 271 1638 366
F6V7dtPOWTVnVy23jl1LYmU1OADxb54K,14 1.0 0 0 1 1
x0pgudtslxIMsnmrlvPLQzVj4Niwk93q,0 0.0900 1366 754 1677 1105
SyksjDHyWlWDRCWhwKDilTcFoVfhjIyQ,4 0.9416 1326 932 1806 1359 6 0.6459 1425 988 1762 1428 8 0.4243 1492 1752 1568 1829 3 0.2621 778 1363 1636 1835 7 0.2137 1398 988 1810 1392 8 0.0524 1559 1792 1611 1849 7 0.0511 521 1014 898 1384 13 0.0511 1437 1046 1792 1409
v21pp3SoUep7mmd1XmKtXooBeqDuQgPk,5 0.9843 1723 539 2436 2321 5 0.9548 742 771 1371 2103 11 0.8968 1675 283 2044 430 11 0.8373 1044 346 1321 408 9 0.6356 1855 640 2395 2329 10 0.6046 676 2342 792 2496 13 0.4617 1703 412 2299 1397 9 0.4194 734 931 1357 1994 11 0.4171 1001 337 1311 441 5 0.4046 1806 515 2332 1702 9 0.3431 1834 893 2294 1813 8 0.2733 750 1107 813 1168 6 0.2394 1727 1067 2348 2382 11 0.2286 942 344 1193 483 13 0.2173 701 668 1282 1285 11 0.2165 1166 342 1329 404 13 0.1909 1831 489 2215 1176 0 0.1310 1527 675 1817 1064 9 0.1114 1694 1872 2024 2046 9 0.1079 1774 467 2308 1644 7 0.1077 745 1105 816 1166 5 0.0908 733 955 1205 1866 9 0.0885 1896 23 2987 2938 9 0.0849 1837 531 2223 1108 6 0.0753 1562 343 2424 2320 9 0.0704 1652 351 2638 2247 13 0.0614 711 875 1340 2131 5 0.0543 756 650 2425 2313 13 0.0535 737 969 1151 1831 6 0.0530 687 628 1353 1340
lGLczQa5gVKeeZheMzp5f6e2VtVT9hrU,14 1.0 0 0 1 1
lCBhtqGpxUbcZ0yhQqpUIQYyvy8VrzR2,0 0.9985 988 829 1218 1116 2 0.9515 1116 885 1198 1034 2 0.2641 1066 873 1201 1072 11 0.2558 1175 559 1365 608 9 0.0520 197 1775 686 2088
r29twcuQ7ptEXE0r6uW8dgy0vRHCdMOO,0 0.7319 1387 783 1688 1076 3 0.6088 1046 1588 2111 2131 11 0.2585 1900 470 2026 589
rvLE9pRCZM8HAtwy2gMEh6d60lMhhrlT,13 0.9984 2052 1235 2365 1489 6 0.6379 2041 1235 2351 1481 0 0.5617 1420 885 1733 1261 13 0.3169 1961 1238 2378 1641 13 0.2536 2167 1569 2344 1673 8 0.1539 2075 1342 2237 1503 5 0.1196 1912 1233 2380 1990 2 0.1042 1559 1069 1651 1201 13 0.1004 1792 1259 2347 1778
z9HojRjKItkQFzC4klFC0MUZNBrzHMd8,9 0.4079 1563 1881 1865 2206 7 0.1786 660 549 910 975
fmhl8EPPnIJJSozcqyPpb1eAl9ytmDFa,0 0.9969 1082 722 1419 1181 11 0.8177 1148 389 1374 584 6 0.0986 1377 465 1647 745 13 0.0979 356 523 574 694 11 0.0935 626 364 842 462 11 0.0918 536 391 822 478 11 0.0618 342 431 580 649 2 0.0594 146 1948 212 2006 13 0.0528 684 420 777 537
a8yj3Fl6pN8AD7BhuphcHirjs4bmDDbN,14 1.0 0 0 1 1
yvvejB5acSSHmWUMjXnqa4iHulPGl1ha,0 0.9690 1171 848 1447 1157 13 0.9463 410 1209 873 1432 7 0.9018 438 768 714 1023 11 0.7975 702 518 957 582 6 0.7397 450 788 658 1032 13 0.6489 343 763 902 1498 3 0.4867 848 1503 1906 2042 13 0.4198 415 747 704 1048 7 0.3543 346 1198 889 1490 4 0.2905 438 778 694 1024 7 0.2653 294 619 1036 1761 9 0.2612 322 704 861 1485 13 0.2473 595 1249 862 1371 2 0.2155 326 674 929 1562 6 0.1727 417 723 741 1057 10 0.1554 133 515 981 1768 11 0.1518 683 503 996 610 10 0.1380 17 2630 810 2869 7 0.1220 346 1181 751 1369 13 0.1155 554 1298 877 1482 13 0.1090 355 1173 822 1365 9 0.0987 501 1208 899 1426 6 0.0931 290 631 981 1592 11 0.0809 256 537 909 1553 8 0.0622 449 786 674 1017 13 0.0563 1831 1145 1990 1211
pmPubvSr3166FikD0acyFXY3ZSF1oojO,3 0.9984 711 1547 1799 2030 0 0.9967 1108 753 1438 1132 5 0.9279 161 817 891 1936 11 0.2610 564 433 936 644 5 0.1497 224 1345 809 1893 11 0.1258 1240 520 1521 659 5 0.1035 250 1520 722 1855 11 0.0984 131 1716 257 2064 9 0.0957 121 1754 756 2199 11 0.0856 687 458 873 554 10 0.0799 163 1834 235 2000
5tbrEsNQX9ku2JROFb2GHGyJzEeFUy2C,3 0.8874 965 1676 2160 2212
Jldg4SFca7kESxOnUmAOdRRaA4px27Dt,10 0.1710 488 2354 624 2510
A8Oy2O5m1hvqIMV9rpp2VfczIsOHLA6f,8 0.1702 376 998 459 1096 7 0.1655 376 1003 460 1095 11 0.1233 780 173 898 240 3 0.1208 747 1084 1493 1357
OP5q7tNMKy3QmvJ2t7YardGdE9bwChpQ,14 1.0 0 0 1 1
gGtgkbpqzNhJ7J7y8zwaI4DuO7CZhqve,0 0.9984 1762 466 2021 740 3 0.9899 1468 1201 2411 1617 2 0.7763 1931 653 1966 724 9 0.3150 1556 426 1822 1541 8 0.1827 2205 1570 2338 1707 9 0.0878 1584 390 1732 876 11 0.0828 1338 121 1558 173
32WufJnzwNXy2SptD79pVam0SHE1iMtt,9 0.1171 1688 903 1956 1311
YbMCIdyHuQ7Lyu49TaPAaCchsneZfD6y,3 0.9765 785 1097 1664 1483 8 0.6568 441 1109 526 1188 6 0.4749 413 874 914 1419 7 0.3281 405 897 881 1406 0 0.2218 1096 521 1334 798 9 0.1808 433 887 899 1365 7 0.1082 680 949 880 1233 4 0.0541 673 965 881 1217 8 0.0524 417 1119 497 1211
8N0IZVNxLn4Oemxrs05EQl5AegLlnxgT,0 0.9642 1092 723 1315 993 3 0.6141 727 1459 1677 1866 11 0.2499 926 1 1330 75 0 0.1964 881 14 1471 319 11 0.0635 632 439 931 518 5 0.0546 365 1158 799 1804
z5XuGt0x2VY9PG4pmW5JatLsldXBASFJ,0 0.9579 1056 634 1318 897 11 0.9544 494 252 713 421 8 0.9082 525 634 588 693 13 0.6629 460 624 584 696 7 0.5752 522 637 599 699 13 0.5747 446 609 648 721 2 0.4399 1189 728 1289 853 13 0.3758 503 614 621 707 11 0.3496 445 264 858 436 3 0.3313 759 1267 1714 1649 11 0.2336 591 277 900 384 9 0.1695 1453 322 1628 431 11 0.1411 1448 328 1654 431 13 0.1408 516 630 591 695 7 0.1296 1531 1460 2023 1898 13 0.0878 354 557 526 723 9 0.0841 1487 1461 2044 1929 2 0.0553 426 581 667 753 13 0.0536 1521 515 1653 642
at0fH0mQIYk87ccxwcNO9fNJZyuxUQIG,11 0.1309 1593 733 1965 835
ekqx1SEcQzFjX50N4977ufq7JJ5zYDbZ,5 0.5893 661 1204 1243 2006 3 0.1833 1214 1684 2193 2104 13 0.0894 1980 950 2175 1093 13 0.0530 2008 977 2263 1077
bHjyrlA2EHDQ1cTmgBI8SFBbMZzLsxLu,3 0.2704 945 1562 2100 2071
y6P4HVqy7NF36gqvcWcMFUisXOSz2zW1,14 1.0 0 0 1 1
UcDGuLD7mWSoE6XAeRrPhwtVzAPTeiDR,14 1.0 0 0 1 1
mVZxmohXewleo93Wx2VKKTCgNXH3jMDu,9 0.5004 1031 1242 1117 1361 8 0.0563 1034 1252 1119 1363
9RzIyToQulpw6rREA7meMLeBhMq9KFaP,11 0.5796 577 262 915 351 11 0.4802 1436 222 1713 296 2 0.2689 1418 868 1623 1100 11 0.1339 524 269 907 407 8 0.1286 1396 872 1653 1092 11 0.0739 808 236 985 306
lRjvhpIwxM0Gk0UptUATeQZLlY671IxK,5 0.2482 1229 321 2018 1710 5 0.1670 85 382 895 1405 9 0.1668 2155 1694 2191 2235 13 0.1439 1192 395 1920 1279 9 0.0966 2117 1699 2196 2233 6 0.0671 1203 364 1983 1417 6 0.0514 1294 424 1751 1177
X5iU4V3HYsSls0QoPEu9NDfrAdw9asQF,3 0.9973 618 1284 1587 1698 0 0.9948 911 605 1189 933
uGNCIkcCPnDlYC6PKSga8NTBlcIhOIEb,14 1.0 0 0 1 1
uA5qhU8KSqZIxx0vYMgxQvcId9RvgwLG,0 0.0746 1149 708 1392 958
iv2sxwXI6QVpnqQMoKt6kzvYD7aE7Tlq,0 0.9686 1529 910 1792 1220 0 0.9367 1283 893 1845 1286 13 0.8399 695 1664 879 1777 11 0.4979 1736 519 1990 627 9 0.2389 1275 583 1714 1418 8 0.1488 1853 854 1975 979
EJuZVkafPXeTsN4Zb7CM03pEbG4Nx2e3,13 0.0874 537 1010 832 1238
Y2rfiLpADQARPfqoDji0OX7RAsdTdn0n,10 0.2762 2183 1518 2411 1855 3 0.1852 821 1293 2143 1721
A0mRTHGVw6R3yGzAI3RVv7WicUm0A1aW,0 0.9707 1169 838 1459 1187 8 0.9307 1606 1051 1697 1145 3 0.6544 828 1647 1916 2139 11 0.4746 557 457 927 627 7 0.0847 1600 1050 1699 1147 11 0.0522 602 473 939 571
KXP5j6simyE5Vq7BBQZyFEIOTxJ2ogyE,0 0.3716 1244 686 1504 950 3 0.0622 938 1309 1803 1721 9 0.0585 2189 532 2488 1372
flCyUQyWrSwg148wCr7hIE7d5RyHRHA7,8 0.1077 1708 979 1795 1087
FiuJXFgPvdhd5vBkTeej3XdCJ1SSX5l6,3 0.1505 1296 1604 2393 1994 9 0.0783 95 1255 543 2369
0my9143AhsCg8EaoyH3KiEWbCbyDnhta,3 0.8349 819 1208 1553 1620 9 0.0671 1425 51 1944 524
t2Ij1mXqU9QMRDhk4K7x5eAh3JalJON2,11 0.5249 1600 293 1850 367 11 0.0881 1495 303 1807 384 11 0.0699 722 321 1037 407
oP8z7LlhmIzleX8wCOumNOQSIBYpj6BN,14 1.0 0 0 1 1
2S3WGXJlhMb1XS8RNytLaxMyQlV30UcT,14 1.0 0 0 1 1
a82BWlL5yfbtHMNvU5FUjbBsr9dlC5oc,3 0.4068 822 1212 1670 1668 7 0.2791 893 457 1053 785 0 0.1264 1136 682 1376 939 3 0.1065 683 1796 1985 2406 9 0.0843 538 0 996 548 9 0.0700 81 1327 901 2291
ayBGtzSqgwXpiaHjMhARkDj6YiMbLaNy,14 1.0 0 0 1 1
p8PaA9h9xhOPlScgFiXmPjS96Mlr1Dmc,0 0.3455 1124 620 1382 901 3 0.1064 661 1799 1973 2369 3 0.0984 747 1219 1662 1762
ogfoLqWzrEeE2qmQDoZ18hceEGLmucU8,14 1.0 0 0 1 1
j9m5rNAr6PyzG6egzJOqcRP3arZprY61,0 0.9984 1589 716 1884 1042 3 0.9533 1216 1457 2301 1940 11 0.8134 1781 373 2029 451 11 0.2637 1817 358 2087 476 13 0.1168 1822 606 1894 696 9 0.1052 1307 741 1669 1831 6 0.0574 1900 760 2283 1215
fLt1EgK3yoGHBLfwl7rCPXQcycv0OVzG,0 0.1689 1024 854 1290 1144 7 0.1442 286 1313 606 1967 6 0.0558 300 1281 623 1928
clrbftk8G0oxUw8huxF51YT8kjLxivjq,11 0.6834 1126 413 1448 486 11 0.2240 1130 481 1458 630 11 0.1161 1124 425 1337 477 9 0.0879 1412 1372 1735 2260 3 0.0771 1345 1722 2156 2149
SiyiIdX2jzsd6gZUi9TLuIZUW93vwOja,4 0.9543 877 584 1206 888 7 0.8113 876 613 1219 922 6 0.2877 836 620 1214 962 13 0.1963 871 528 1189 920 8 0.0841 894 630 1186 886 7 0.0599 965 699 1202 898
EVUruclEzJ6vcDIHl9xuPbD0KTt6S9Qk,3 0.6774 946 1728 2135 2186 0 0.1429 1422 705 1741 1042
n4m4hWOOT8ogVZg2oMfSqa2IjSY2Anal,0 0.9952 946 464 1177 682 2 0.9812 1092 517 1168 655 3 0.9627 755 1060 1670 1457 11 0.4284 476 161 811 246 11 0.3167 1217 167 1384 209 11 0.2221 397 143 755 307 3 0.0987 681 1187 1740 1721 9 0.0893 730 352 1126 1396 7 0.0500 1866 273 1984 499
ExtGXIrtdXr2Yp2ITqUbuvstXjB3sxDf,0 0.8873 1449 818 1755 1123
rQVHCuOtvY13hc00It4S9GvL2MCjdhde,3 0.7542 788 1091 1576 1382 11 0.4426 608 303 824 426 11 0.1212 518 273 876 458 11 0.0511 646 327 772 404
a9WKwdOxzBgxsKkgRQIMLzmqFC1t3B0F,0 0.5834 682 625 1188 1221 3 0.0553 611 1259 1439 1741 8 0.0551 331 1433 375 1511
7cNZ2sOvcCCZ2KKODzNfbRgg9ObbiQfn,9 0.0636 2508 1613 2757 2060
CEZnocBkXKZoK7R17EIFEdpmDacaB8Oh,14 1.0 0 0 1 1
FRrdXLQ98CRNuRSmPmnGXAae83hUZ1RK,8 0.0786 779 838 810 871
teVWubNL8ftxWfMHnKViGVG0ucQXLvyw,14 1.0 0 0 1 1
5rEJR7BTbD7mhuoI2dj5K9PLoDMssyaz,3 0.9753 1032 1226 2234 1923 9 0.1616 2307 1795 2391 1929 7 0.1343 2304 1799 2386 1937 8 0.1079 1744 1284 2214 1790 9 0.0833 162 1318 1164 2076
jhViBWyJuUmPcb012lmIU197QMkcjZLk,11 0.2013 576 380 784 462 9 0.1325 823 734 1153 1999
b27EjLbBZ879kEYTQ745XxD0kaMKVlH3,9 0.6463 1000 1445 1157 1598 7 0.3446 1000 1446 1171 1612 8 0.0952 1021 1462 1153 1592 11 0.0600 1001 1682 1073 1746
HZ4BrsVDFbKnZY6vZR1Ktk15ieyeAUbd,3 0.9969 950 1587 2079 2048 0 0.9696 1359 637 1608 902 2 0.8804 1486 785 1568 898 11 0.2543 1554 239 1929 405 9 0.1084 980 564 1587 2006 13 0.0835 2079 1712 2166 1767
JWB6bQlaW2idcp5cFQxGgpxjJ3xRf3aF,3 0.9967 626 1197 1600 1606 0 0.9836 986 458 1190 684 13 0.7174 1551 1243 1715 1400 13 0.1846 1619 1358 1656 1415 13 0.1709 1569 1245 1694 1315 9 0.1494 121 1446 620 1708 13 0.1295 1444 1151 1673 1329 7 0.0557 175 1434 589 1631
S66DEJXPikQIFQKAirz2S6mQGwvHSp57,14 1.0 0 0 1 1
vKKJJjLViE0ZC2YrwB0as3NJYFGkTY3O,3 0.6733 1240 1771 2310 2340 13 0.1427 1956 742 2202 1023 13 0.0914 2021 772 2256 972
0MUDKUjraMFu1fzAqHargkVF7TxJqLAQ,12 0.9996 168 295 1042 1637 0 0.9982 1187 684 1469 1042 10 0.9942 120 1614 841 1880 11 0.9387 618 300 893 399 10 0.9065 124 1549 241 1732 10 0.8494 101 1445 282 1785 10 0.3961 67 1583 1013 2009 8 0.3241 1314 832 1507 1110 10 0.3160 144 1603 940 1760 10 0.1488 140 1573 297 1745 8 0.1352 1228 738 1539 1130 3 0.0958 764 1412 1852 1875 11 0.0785 110 1203 261 1703 8 0.0744 791 1269 977 1519 12 0.0731 298 859 985 1711 12 0.0699 125 534 701 1663 7 0.0645 149 1613 924 2072 7 0.0601 1261 629 1554 1128
3xa4Uwt8IX6V0HMIxzfjTBjgoJIzmW1e,3 0.7236 831 1460 1906 1939 0 0.3973 1164 637 1518 1042
m6ya7TVGA5tb0MGQ0Ns8RA6KV1fG5qdj,14 1.0 0 0 1 1
DZj0nyZua1lNgZsJDxaOIt3fOYwY1FIR,11 0.3494 843 1896 1006 2055
Qhfkq0VGyCO7s1gwtMiaLI82euaIpdj2,10 0.9740 2315 2550 2433 2715 11 0.7774 2346 2587 2417 2700 11 0.5872 2322 2558 2431 2734 8 0.5254 580 1429 673 1528 11 0.4891 1610 332 1854 394 13 0.2695 2003 1194 2309 1373 12 0.2344 1576 469 2488 2802 9 0.1447 563 1422 669 1548 0 0.1345 1327 870 1714 1236 13 0.1183 545 1406 678 1551 6 0.0911 2004 1188 2292 1379 7 0.0554 152 374 2064 2630
E2jFcx4BM0i5WakMo7dRN3vIl0tvKdk3,9 0.1352 0 1516 107 2028
SS885uSl3aAUzNVC1qkqaYoSzFM8m7jF,14 1.0 0 0 1 1
RBGiqauSSyQFUMhxTz62hH6Hyz4rA2xT,14 1.0 0 0 1 1
XXaNQ4x7AFqfaZ04q44oB0kjb2w0wUjT,11 0.9370 527 526 704 637 11 0.9224 454 527 719 681 11 0.1853 576 521 701 600 6 0.1393 444 1277 673 1476
exppSucWxkXGO1xwTahLgIttnAcgvdlB,14 1.0 0 0 1 1
VnaoGwoD61jE16MpajlhBJ5gJRgdzQYU,11 0.4747 375 262 627 396 11 0.1283 399 251 806 403 11 0.0580 1568 279 1714 365
7CXyo3XAJgDCX2Ax6fGXiy4JKCWFKxVc,0 0.9629 1085 630 1369 934 3 0.9431 760 1554 1748 1957 9 0.1734 49 1713 813 2185 11 0.1349 1191 350 1327 487 11 0.1234 1354 338 1536 417 11 0.1103 567 292 887 421 11 0.1006 1879 1330 2070 2071 8 0.0799 347 794 392 841 10 0.0625 24 2001 107 2135
YLiwTtF67awtQvKNGP4DQGRF9TLc80mS,0 0.8537 1351 823 1659 1162
jbwZcyXL4QSyJsDbDbQtzFSiRtQIr844,9 0.5530 1501 856 1698 1187 3 0.5418 988 1374 2073 2023
X3bjSJXTHWEkZ18yROsfc1uOStWbYRsF,14 1.0 0 0 1 1
iz1cYtfOxbDCFezSNVTDFQr25xuSQlnv,14 1.0 0 0 1 1
NTLbjhSkilRlUCPwpODVQSypkAzeFicR,4 0.8321 304 732 828 1416 7 0.6368 297 764 841 1386 7 0.5538 1316 747 1737 1384 13 0.4856 402 769 798 1051 6 0.3233 348 693 877 1320 13 0.2764 481 833 755 981 6 0.0749 1358 732 1751 1426 6 0.0708 383 550 776 1004 8 0.0611 309 666 865 1404 13 0.0559 335 596 808 1158
b4s661s07wiuTiIVhEFEb4PIsfCAdpwE,0 0.9979 1734 715 2046 987 3 0.4471 1331 1474 2482 1949
4jvMmF0HNzvLboTmORaUW24hm9c1yAVZ,0 0.7295 1055 710 1289 966
jZdSfMutXWSdSH6RDCtbiJ65pN2Hj7N3,0 0.9943 1322 657 1638 1016 3 0.9082 736 1448 1839 1892 11 0.7481 905 287 1131 377 0 0.5263 948 627 1638 1209 11 0.0501 868 304 1151 419
Q1LiZBDOcUxLU00BlV7i1W49mFBHXbYa,0 0.3934 981 711 1236 1001 3 0.3881 702 1184 1593 1551
0orAjClzbgsBApUFpIUFOtnxyXwG0bF1,10 0.1636 1827 1658 1922 1802 11 0.1270 1811 1671 1901 1776 0 0.0658 918 4 1391 258 3 0.0613 781 1425 1705 1668
jtOG5PUk64AkQpQnJnu6vlscGQDu3V0Z,3 0.9897 966 1410 2320 2000 9 0.8864 1683 1009 1951 1328 0 0.8791 1351 734 1721 1081 13 0.3369 406 826 575 996 8 0.1840 604 1144 657 1201 7 0.1221 1804 1376 2370 1976 9 0.0930 1044 732 1595 2242 13 0.0882 266 1687 532 1810 0 0.0559 1495 2 1780 174
8izGxiycXhrtm07MNYi5R5W5q3ODWvYW,9 0.8650 617 2481 681 2567 10 0.6755 449 2583 574 2731 11 0.6730 877 338 1343 541 0 0.5948 1557 769 1851 1101 8 0.4899 612 2478 683 2576 11 0.4647 933 340 1241 481 2 0.4498 603 2479 685 2572 13 0.1520 2128 1072 2336 1297 2 0.1068 760 1098 896 1209 8 0.0698 1932 1256 2058 1385 11 0.0661 1170 352 1412 480 9 0.0621 2334 1071 2392 1130 11 0.0607 996 357 1277 431
1iQ5pnXeaGy1CE56gFNJLiVVYx4a9lYq,0 0.1919 1495 1025 1782 1320
AVBlUuNFRporCBl9glh7c2aDxXK6hSLp,11 0.2711 1384 469 1625 530
YyX8sd5qMvCnzm1sW064HdpvM6B1eTGQ,10 0.9753 2354 2392 2505 2682 11 0.8272 1703 207 2084 347 10 0.4861 2349 2414 2469 2609 11 0.0775 766 202 1001 339
CBFR1qJFDzEZIz152hc9qidZRQck2LU9,14 1.0 0 0 1 1
jRvanteuUIT4v7WbLTliP8HrekK3DHA6,0 0.9911 1334 946 1715 1436 5 0.3078 1507 600 2403 2691 0 0.2964 889 918 1718 1661 5 0.1364 1762 855 2323 2498 8 0.0915 2032 2916 2156 3003
cmnF7y4Sef1bZanCwCqkzkhFLjEkuajA,3 0.3600 769 1463 1646 1869 0 0.0809 1092 856 1331 1114 8 0.0572 396 964 452 1044
liHgme1wLbmXLOtKhDU9psdOEqEzEa7z,11 0.0765 1096 384 1280 431
CohjdQzY74spqB9uypy7XrJV2ijQlHBb,9 0.0592 201 1283 928 1935
GQZHgeHcVBrLMZfz5cDRvCaXY4vEPa3q,11 0.2237 498 401 643 490
NvBYI3SErdMaGD1nJZO0shENKQbhiHTF,10 0.9994 255 1491 1051 2167 0 0.9947 1297 925 1602 1268 3 0.9897 936 1608 2035 2075 7 0.8911 430 1629 1004 1908 11 0.6102 836 481 1003 537 13 0.5788 483 1671 971 1783 7 0.4752 788 1416 1082 1672 10 0.3956 276 1455 789 2007 10 0.3794 277 1538 559 1958 4 0.2912 761 1305 1112 1644 13 0.2689 816 1499 1053 1711 11 0.2430 823 465 1050 550 13 0.1296 596 1685 893 1746 4 0.1156 345 1637 1055 2075 7 0.1057 414 1475 1071 1867 0 0.1009 1148 891 1631 1328 13 0.0795 677 1392 1079 1697 7 0.0721 928 532 1221 1255 2 0.0639 1401 931 1518 1172 7 0.0627 610 1389 1104 1717 9 0.0534 810 1444 1044 1660 13 0.0524 577 1606 992 1815
SQaN3pjR2tzLVQQ9zgmhrk6CzSEyGI87,8 0.9883 542 1526 613 1592 3 0.7021 884 1657 1839 2037 0 0.2561 1210 828 1489 1109 11 0.1914 1384 388 1675 477 9 0.0502 547 1539 612 1585
r9qSWcvPwVQjMKjunPnWZi395Bh4c7Je,13 0.9145 1984 1538 2152 1619 8 0.9125 724 1024 810 1091 11 0.1062 187 1200 375 1757 10 0.1032 176 1489 345 1830 9 0.0982 224 1452 935 1786 13 0.0844 1914 1509 2170 1646 3 0.0726 920 1444 1784 1692
Ggdebwh5DtNCtlIQ454U8C9d1qP2aMRj,6 0.0578 1851 1468 2136 1854
37Wm4GI4uU0UnIxVcC0o6DikL2n2IlCw,11 0.1312 595 296 1006 464 8 0.0767 1775 1408 1824 1462
dEpdEaRwVesd5bc3nlfCyXCCPqa7mHUU,10 0.3200 260 1733 321 1828 9 0.2203 1219 191 1969 580 11 0.0793 1588 1241 1749 1682
BRzcBrPXjShnJvwHuWaAEur1QRBtXCyj,3 0.0572 1076 1588 2130 2084
kDNaao5ZPNfbh6oroIBztSQTzW3NvAKW,14 1.0 0 0 1 1
sxSvp8UKaU57joQLj36Cf2ZTuPXVYvBL,14 1.0 0 0 1 1
7paraRfQ9I9IqflidFzxwk0GDV1ZXeU8,10 0.8906 2210 1684 2310 1868 0 0.6592 1261 354 1553 704 5 0.5938 265 95 1171 1779 9 0.2284 240 1505 1081 2055 11 0.1336 821 33 1006 91 5 0.0928 1481 96 2213 1536 9 0.0800 383 1523 970 1827
yPtWEb18fp3dGtKFB0upcc4hrkf3i53q,14 1.0 0 0 1 1
c8DczKdSa5l8OWJzq5XIJerthtzG978o,14 1.0 0 0 1 1
YyfxTNveIlb67E3j0kTCFHkd4veqm1cw,0 0.9334 1252 717 1519 956 11 0.0589 153 1426 320 1798
uCcdUVlBeqNukZZcCxHCndKW2STIig63,14 1.0 0 0 1 1
66iZNxIe53no49M2aoZwqUh79SlAO7wC,0 0.9789 995 733 1263 1050 11 0.2751 453 513 719 658 3 0.1057 672 1365 1544 1744 0 0.0720 739 767 1285 1224
KmXBnlbGJqvwCGs1U1GrGd1K5xCFDM3i,14 1.0 0 0 1 1
KFFTUFUoNdnuHFCur8O1BZTRiEiE6Wep,0 0.9820 1351 449 1718 846 3 0.2100 956 1231 2033 1620 5 0.0638 259 393 1105 1539
C2Pv8ZSPGazsOTdRBle1OBMjYjYzCclC,0 0.7765 1373 1007 1625 1257 0 0.2634 1204 996 1635 1396
6Yupg7gXleZ2YT1gx9dSnLgqoQ5jss13,8 0.6506 1751 2603 1854 2716
ZkkURgEjrYBlDdbVwZUlZjCTqj1ONblD,9 0.1859 2599 324 2756 463 9 0.0581 2291 1836 2380 1961
9VHAT2QkwV7VrVI1EcKpCdAvsMWY3O8Y,14 1.0 0 0 1 1
j4X6VdOIL9vDk9XkeZlzpgtOJF56XTP5,7 0.5903 1031 228 1229 766 3 0.2963 259 1830 1693 2430
xG0PKWiRK4PuPOoHw0QkOOI5ookUlz37,13 0.9242 1747 661 2125 1088 0 0.8661 1310 820 1605 1143 2 0.6892 1574 645 2095 1324 13 0.6119 429 2151 560 2266 11 0.5703 1526 497 1747 562 8 0.4380 1872 972 1976 1079 0 0.4065 1000 899 1624 1636 13 0.3801 1634 575 2117 1238 3 0.2462 878 1855 1962 2298 13 0.2382 418 1185 992 2119 11 0.2075 843 478 1078 525 5 0.1954 435 1024 1001 2225 11 0.1266 686 479 961 614 6 0.1190 1773 680 2108 1069 9 0.1118 1793 713 2092 1036 11 0.0990 1519 487 1767 535 8 0.0950 2075 1391 2159 1492 13 0.0813 596 1411 1047 1823 1 0.0673 610 1368 1050 1816 11 0.0637 1575 482 1867 575 2 0.0596 1762 718 2080 1173 11 0.0539 795 462 1112 556
Nzd6IGBdZEZjZC0LEiPc1jaXGYGhDQK0,14 1.0 0 0 1 1
N9TnUqG1eLBvLfniiWiHQNbCh28jfwUp,8 0.6388 1506 1407 1613 1502 10 0.4524 249 1855 359 2025 11 0.2602 687 210 873 257 13 0.1971 542 415 666 548
rB7RwPND6Airt9sXXjsXh71E7aZfGxnd,3 0.6760 743 1194 2099 1720
PKw4rXbeVxVVot3sbEXmvVlLQoEGHJwW,14 1.0 0 0 1 1
WhX6WB8fxlGglO4kMzB5s50y5PEvqcZo,14 1.0 0 0 1 1
UXMjjVFcuXgi1QXfL9ElME0eORHzMn1O,3 0.1757 783 1239 1656 1497 3 0.0876 36 1635 1907 2401 9 0.0823 119 1294 955 2028
ARK6IuVQzkJijAWndhCzO4po97BnEohM,8 0.9951 262 1527 318 1580 9 0.2155 268 1530 312 1573 2 0.2115 259 1517 331 1583
jDFZ8bQh2dieEpNmUu9S27nqXahXoVba,0 0.5400 1188 780 1436 1053 2 0.4184 1353 989 1390 1050 13 0.3680 1829 1692 1984 1821 11 0.2546 1530 393 1699 478 11 0.2012 1871 1670 2014 1823 13 0.0936 1766 1641 1987 1817 2 0.0561 1865 1675 1992 1806
nGFwo4VTW4q1tvCCXDc8wotAURn6OrmM,11 0.1669 590 297 947 399
W4lLB0mCBzkNyTSUGBwCJyYuFpL2dYZ0,14 1.0 0 0 1 1
1UPw5wOfuSEXLCsgm1gawN6RUuB54f20,12 0.9039 340 260 1331 2463 11 0.2139 864 410 1094 480 9 0.1470 1280 1403 1593 2421 10 0.0652 2330 2469 2478 2695
0WVt4jf7vvlNITYUTlobxxW40HVK2QaE,3 0.5908 714 1162 1516 1445
MwwBPnHgXr9JQ4lCoqUjtBzhKo2PfMfS,0 0.0893 1187 704 1434 941
s0TpVB065p03nGR7MF7VgcmnEyHdTNus,0 0.9793 1155 950 1404 1268 9 0.1289 1959 1159 2089 1460 9 0.0829 2012 1131 2102 1396
YSwdOTwX6faUqfmxvUHMGksDPpuHwbxS,0 0.7982 1312 658 1578 953 3 0.2159 1006 1533 1917 1999 8 0.0548 1652 553 1760 665
Sei2oPCCKjbhaKzhHklpkXZIfSmEn256,14 1.0 0 0 1 1
kuqOe5lSQTXFwMtQK8DKNrVHS3cO4bH4,7 0.3295 80 1103 808 2348 6 0.1596 172 1154 795 2160 7 0.1275 184 1118 735 1865 3 0.1253 668 1404 1483 1898 9 0.0781 1 546 618 1980 5 0.0775 148 1003 782 2191 9 0.0763 34 967 713 2282 8 0.0715 1100 1797 1131 1832 9 0.0554 229 1228 807 2042
FijUgYPQ8QADuTRqsW0cxuOHltytC3fi,14 1.0 0 0 1 1
Cg3xpPtkRIhfH6GyI7lKjiE3q9WlV7ID,6 0.4956 1342 1481 1554 1713 8 0.2668 1367 1503 1526 1703 7 0.0997 1335 1481 1533 1713 5 0.0737 1331 1471 1563 1732 7 0.0543 52 420 544 1922
CPEuJq1r8YKdzfYJPRGJjkDyLHo7ccU5,14 1.0 0 0 1 1
qMpNojfg5n2p45zqr3iQvFlsgcyexzmb,14 1.0 0 0 1 1
s25SEm4mdU0Ff8WJR9blJGfoZeU89W68,14 1.0 0 0 1 1
hbXHhGxmT8HlAjEHq7mrJDNCuX6U9Rgo,3 0.2457 1246 1472 2324 1864
7pHuFVto1lYEVWPBQo9ceWVuXwJZQF60,0 0.9532 1200 765 1530 1181
lFfolY1xv6JkMPj6LHvkppEUgoV82JLE,14 1.0 0 0 1 1
d5NK5ipcpFgpIcklJeDpNgdWyiGr1AEY,14 1.0 0 0 1 1
cLOEEzYYDh9mwZH80IGFhjOQGJRHuOhe,3 0.9993 482 1413 1618 1971 0 0.9943 930 678 1247 1060 0 0.6617 627 660 1280 1357 10 0.2259 98 2018 204 2201 11 0.0876 559 320 725 390 7 0.0732 608 287 837 661 8 0.0550 1124 1344 1592 1879
2H87fuDsjXllaTtVFDZEP13Iux6ARoa5,0 0.5666 1004 758 1251 1019
dkGGf5FpXyZXgcmlqHcwERQhdVDPRRhF,3 0.6356 674 1471 1597 1857 9 0.1014 36 1560 826 2386 3 0.0507 184 1756 1938 2417
gHaGfBti1qoPe26LMrW9ONnyDCGe2sej,3 0.9987 807 1781 1930 2187 0 0.9948 1132 752 1604 1286 11 0.5741 543 332 980 635 9 0.3553 1054 57 1464 1085 13 0.3436 1900 1844 2044 1907 11 0.3171 789 330 1016 426 11 0.2960 713 358 965 480 13 0.2931 180 1692 523 1878 1 0.2737 1822 1991 2090 2264 7 0.2289 788 258 1158 598 11 0.1914 760 364 937 449 2 0.1700 1261 780 1586 1181 11 0.1697 1921 2022 2134 2369 13 0.1321 1897 1814 2062 1926 5 0.1310 1285 456 2143 2385 11 0.0940 512 396 856 674 13 0.0724 1908 2041 2048 2170 5 0.0633 468 1698 808 2040 11 0.0557 1465 353 1616 438 0 0.0526 807 695 1662 1482
ouCBgcmPa01il6tt4IwR4MCrYkh2RLiN,14 1.0 0 0 1 1
LvBth0ToO0Oa5GE1V5gdOmziFSI7nwVz,3 0.9889 699 1305 1606 1642 0 0.3798 942 664 1146 881 0 0.2272 846 1 1315 204 0 0.1146 721 0 1322 324 0 0.0926 720 649 1171 1200 9 0.0593 1711 508 1969 832
uD1NHgQlmCs336Uuwr8dpjtDjqhPHM6J,3 0.9588 795 1332 1683 1746 7 0.3207 38 541 782 1663 7 0.1274 312 1277 709 1588 9 0.1025 67 478 623 1737 6 0.0593 303 1229 918 1617 0 0.0512 1102 762 1352 1021
fe8Gh4sASPDmFmEsEuX4PNaoVbPzYo5O,10 0.8206 215 2060 299 2191 11 0.0818 216 2045 304 2205
OfNyIFErVxcWz1k0S9A2LHxCGIsrcDBN,14 1.0 0 0 1 1
mDhBaIMzFUxdPFzW0kIO4WRpuId2schW,3 0.9031 818 1029 1748 1374 9 0.2089 248 1179 1924 2249 3 0.1906 779 1097 1885 1603 3 0.1399 97 1462 1994 2410 3 0.1116 622 1261 1983 2083 9 0.0997 50 807 661 2301 8 0.0566 1447 975 1471 999
HwsUFnT3pTVJKR2EGTvzpkcHfSrkq44T,11 0.1199 1158 389 1390 467 8 0.0974 1562 684 1625 757 13 0.0586 1534 648 1625 763 11 0.0517 1161 366 1323 444 7 0.0515 1560 687 1626 764
qr2GNJNu3PuYgi7a9K3Hygs6MOjWg0yu,3 0.9544 939 1285 1755 1613 0 0.9413 1171 662 1391 876 13 0.0842 412 1369 508 1513 9 0.0532 407 1332 506 1515
Njzg2LxQQRDZhpuoxGYABofQUgZsLjMx,0 0.9855 1018 546 1279 832 3 0.4051 671 1094 1716 1703 3 0.1593 0 1521 1994 2373 3 0.1506 464 1327 1780 1887 7 0.0659 1258 1261 1726 1793 8 0.0504 1251 1295 1700 1811
ArfGVQbPosgcKsIjAMArqOwBRW8DyTK4,9 0.0501 0 0 822 402
2tnjP83qqWKoUQYZIQq9aD8EcGAHCT7N,13 0.1229 1340 764 1572 961
ob2LOzLxP3eusHvWguLBFiSbNuizloeb,11 0.1051 879 165 1106 217
nt9VFkd6RGxbUIV9awxi6e8kgr3dJIRO,7 0.3672 1837 1680 2268 2069
sOtiI5nnrY8KzV5LAjXVYoNFkn8zoAJr,13 0.9073 1611 957 1740 1107 13 0.8314 1450 672 1736 1135 13 0.7180 1470 728 1675 926 8 0.3195 1434 646 1734 1182 9 0.2985 1474 696 1662 932 8 0.2282 240 955 287 1005 7 0.2281 1466 708 1685 928 8 0.2202 1453 706 1669 1018 13 0.2135 1714 1137 1794 1213 9 0.1857 235 952 289 1015 6 0.1506 1450 661 1740 1102 7 0.1371 234 951 288 1011 6 0.0988 1466 691 1661 912 13 0.0724 1469 763 1568 884 8 0.0681 1472 775 1556 875 11 0.0669 1778 1983 1887 2223 10 0.0634 1787 1984 1905 2182 2 0.0524 1290 645 1745 1236
hQqGh4zG3RV5nObJ6z6RXAAQjbOurBTv,8 0.9852 911 1415 1010 1510 3 0.8451 1261 1485 2393 1932 7 0.2289 909 1424 1006 1507 9 0.2094 915 1422 1003 1503 6 0.0609 886 938 1363 1350 5 0.0524 862 964 1398 1585 13 0.0521 896 998 1257 1246
pPbhVydYvAV3LZdF1xiFAzYWROM9Hh7v,3 0.8042 864 1469 2028 2072
TgcO6axE3I85H0BhrsX8Kgr7GuPy4grk,14 1.0 0 0 1 1
7oUTQ7TQB8Af0dBpJWvh5is9g33gawtT,3 0.9969 876 1303 2123 1778 0 0.9958 1254 628 1571 964 11 0.1372 633 282 965 369 0 0.1072 1065 609 1578 1134 11 0.1013 1497 274 1789 374
ZQMR8wdGMbg5kda7JPUGsOv0E124sKJa,14 1.0 0 0 1 1
gXLHNgxqjceRBqyF9caqtbkrKJfA81OB,7 0.5377 1585 987 1835 1324 8 0.4444 402 1369 468 1440 7 0.4344 1504 908 1881 1675 7 0.1653 1648 1015 1814 1178 3 0.1646 759 1337 1675 1738 5 0.1472 1531 893 1922 1731 13 0.1256 834 283 934 411 13 0.0733 831 276 999 588 6 0.0569 1586 880 1821 1384
IYRLxV0iHyF8ZbYIZ1Mvm7UgthAGZV9O,3 0.2027 835 1260 1625 1636 0 0.1124 916 569 1377 1086
7jhok8EmVEWXNZEyQCiShrpVtw4bpOte,11 0.6227 573 295 858 472 11 0.5646 645 294 869 391 3 0.5146 861 1269 1785 1610 0 0.1715 1168 558 1410 798 11 0.1088 541 321 743 485
sIztuRNQgIuDKDN1EDtuIQ2mCA4U1X9r,14 1.0 0 0 1 1
Y4aASse9aVvWOXe4noc5g65j6J20zQZO,14 1.0 0 0 1 1
xb0T701o9Je4pLyZpDIAByzBNApLZTZg,14 1.0 0 0 1 1
So835rHBlODJuVhySnND0xNtD4xmtXnM,14 1.0 0 0 1 1
VwpVAWtaLv46O9JCjvBjrJeU3utwaRpl,3 0.3426 787 1376 1983 1762 13 0.2165 2016 1390 2154 1461
ytThWDxa3NwikRpZIi3igimVIQbMMife,0 0.9996 1499 772 1872 1196 3 0.9981 1079 1449 2307 1954 0 0.3438 1080 750 1860 1459 13 0.3429 1714 483 1872 732 7 0.3364 2068 1383 2431 1881 7 0.0735 646 1315 1132 1713
yI0XdUzhuFSHpi56MJiwoPVAUEoXsYa0,13 0.2253 1903 704 2187 963 13 0.1506 1955 764 2153 923 2 0.1349 1980 788 2136 929 8 0.0800 2034 814 2078 863
UZFHdj6NZYLavCZt2loTWDH6CgAuNGHj,14 1.0 0 0 1 1
ID0cRIc6c1lRKJ37fBU4YrKATzgf4xpA,0 0.9878 1126 833 1430 1180 7 0.2958 256 1659 398 1784 6 0.2891 258 1640 395 1769 8 0.2027 263 1653 386 1772 13 0.1097 269 1651 412 1772 8 0.0627 1837 1360 1902 1444
z1LwxDFOV5NMricddo2eyMvznNappGn6,3 0.9984 1026 1251 2310 1794 0 0.9977 1419 625 1761 978 11 0.6339 689 119 1190 323 7 0.1441 2179 1359 2438 1761 11 0.0581 1497 175 1919 388
Q3S2vXl3FBEi2RQrCODa8hnVZ71I98oL,0 0.6456 1368 539 1664 852 2 0.1839 2262 2570 2485 2817 9 0.0934 2253 2534 2495 2813
xWFV1jiyiEVCRq0erDQ5XC5sORFndd4F,10 0.0961 155 1531 229 1646 9 0.0845 147 1447 340 1775 10 0.0766 144 1512 240 1692 9 0.0699 167 1449 388 1655 3 0.0615 680 1117 1508 1585
5gIXtqjHCGYZjKtSzxD04jfPQZDEhBrB,3 0.8706 683 1006 1476 1388 8 0.2895 832 394 901 482 3 0.1065 81 1713 1896 2419 9 0.0885 12 48 576 1207
yW1g5bKWeFhuyg8eTYcRlrDc9PGQdpO5,3 0.1948 813 1609 1968 2045 0 0.1109 1225 823 1516 1151
xSpGOQTMKGfsAg2gJaIdOnt0WCZ6dRW4,14 1.0 0 0 1 1
YKd53peys6RznvBmx4osdUfWsBiH22Cd,3 0.9986 833 1356 2167 1794 0 0.8064 1127 681 1612 1119 2 0.7681 1996 1132 2304 1754 8 0.7261 1985 1130 2273 1556 13 0.6378 414 1556 731 1660 5 0.5534 241 636 1035 1832 2 0.5478 2016 1135 2248 1486 11 0.4299 1933 1085 2316 1752 0 0.3364 906 654 1666 1230 13 0.3288 1995 1128 2253 1480 10 0.3193 2085 1596 2332 1842 11 0.2663 2032 1276 2317 1856 13 0.1821 452 1568 645 1622 10 0.1712 1989 1378 2314 1908 8 0.1568 2028 1177 2226 1436 2 0.1310 2171 120 2564 760 9 0.1156 2114 252 2555 987 9 0.1051 2021 1230 2290 1737 2 0.0899 1920 890 2325 1584 8 0.0872 2127 1023 2171 1054 11 0.0757 315 1759 429 1980 13 0.0547 1969 1150 2283 1689
79LWltOUXVg6xKwv8SYu9CPCMbogxWUA,14 1.0 0 0 1 1
bpeLiASRIsuivZvbnLxZajkPBIMozvrJ,8 0.7211 371 1230 453 1319
ehoh2uR6xWRE2mrBBjTok7At3ZVl7Uiz,10 0.9495 2143 2409 2310 2590 7 0.8857 656 1392 1036 1896 8 0.5438 678 1452 1076 1865 4 0.4421 658 1470 1068 1881 11 0.2114 2157 2439 2307 2619 10 0.2101 2124 2470 2284 2680 0 0.0934 1215 771 1467 1055 10 0.0888 260 2589 415 2772 11 0.0545 769 376 946 425 11 0.0519 504 428 712 595 10 0.0518 2107 2343 2317 2653 11 0.0501 2119 2382 2322 2693
I2vtu8aGvP7QEPk47NkmRdxTr6eLFN5w,2 0.0807 517 1133 583 1199 3 0.0724 831 1552 1564 1828
gxxSReeslohSsjC3xoheXzcZqQOiLSwL,0 0.9988 1366 792 1830 1333 3 0.9914 996 1531 2099 2109 11 0.9303 1508 573 1853 694 2 0.2903 1493 998 1637 1160 9 0.2730 1091 929 1391 1857 13 0.2329 775 1407 1097 1732 13 0.2101 1471 1032 1630 1252 4 0.1321 1419 1479 2121 2138 8 0.1315 2007 1967 2082 2068 10 0.1298 2081 2137 2246 2420 9 0.0923 1088 644 1483 1661 2 0.0873 1494 931 1661 1125 3 0.0642 986 1588 2002 1894
XAsablGkWaWAj2TjxVjeeJ92MGXFbojT,14 1.0 0 0 1 1
PekdhocGqXNPr68J3852dQo52LWYPu7c,11 0.0811 1612 97 2002 254
ZGDmabY34MTFBStXKAHoQ222pACynl5r,10 0.0941 411 2216 493 2365
DauieZOYYOCd1H8NYKJ9ayYINas8HLnb,0 0.9986 1265 977 1602 1370 3 0.9954 1013 1629 2085 2230 11 0.9518 753 714 1060 844 6 0.7746 361 1260 1066 2079 5 0.6760 363 1195 1029 2122 13 0.6751 1997 1773 2127 1889 2 0.2312 1447 1031 1548 1197 5 0.2173 445 1552 1018 2060 7 0.1523 430 1300 989 2074 3 0.1504 930 1744 2139 2535 2 0.1452 1475 1051 1556 1161 13 0.1163 2019 1782 2116 1857 13 0.1145 1967 1760 2151 1939 7 0.1087 1550 1559 2096 2068 9 0.1024 952 1060 1578 2316 6 0.0906 488 1568 1068 2037 3 0.0885 995 1758 2021 2063 7 0.0857 1415 1637 2165 2257 11 0.0817 1376 653 1668 738 13 0.0799 558 1700 1041 2007 9 0.0605 1008 730 1458 2000
XNzAzOxL6WOugG9dufnBXH9t1sRruyup,3 0.1274 766 1304 1496 1554 9 0.0735 78 1199 810 2411
Sb6O7yq8xLbnbDwfDw46pUCwjhra0K9J,0 0.9972 1191 633 1486 962 3 0.8841 869 1478 1924 1896 9 0.3586 200 1585 865 1920 8 0.2359 1009 894 1059 961 10 0.1386 197 1716 315 1928
awLqGnOMcsZaED0B66dvRbIe8mMbhYs8,14 1.0 0 0 1 1
xCShrZN5qs2Nu9tZi1bUr3IjEsl4emAc,13 0.8665 698 1119 1014 1309 11 0.8391 905 429 1182 519 6 0.4978 705 1114 997 1296 7 0.4652 708 1127 991 1313 3 0.3006 1078 1677 2113 2105 11 0.0968 863 439 1112 544 11 0.0545 1630 365 1974 466
tfPC64siaRXp9PqPEA2t9qzTfu0XGZN2,3 0.9147 759 1138 1526 1516 0 0.4240 1000 611 1240 879 7 0.2282 142 545 861 1502 3 0.0822 64 1691 1829 2419 9 0.0588 192 1153 899 2420 9 0.0522 3 300 605 1817 9 0.0502 83 1114 1685 2271
oEDqGZQKJcbJDTfClJwsvJ1AuMsHMzqX,14 1.0 0 0 1 1
drCg276pZ2OYWSXfiz4w9aIgTJiJkT6K,13 0.0551 2029 1647 2107 1709
hjPiLPkhd1Y23iGx7MBGkBI7RVcpTSRl,3 0.1021 144 1875 1774 2430
WV0g1FroDllELQh2XOiExHsHpF9ivg0d,13 0.1081 726 1301 876 1478 3 0.0810 833 1401 1640 1663
9duZWsdzJMDjAUu5Y30Vmg4W0Xl6n2EK,11 0.1137 1555 296 1695 431 11 0.0636 745 162 896 219
hn3NlRsBu89EnTXBtByUedykjf8kdIrM,14 1.0 0 0 1 1
5QxLxDyWOv3yqqLrwmIYOkeDaeqT7sST,13 0.8222 1814 1659 1946 1731
6Nke4mIqBfJCrOuXSWW80wV4FVv9yyY0,14 1.0 0 0 1 1
QrbK9T9pg7Ngdlf7HOzwJqaHtel9kEbS,3 0.9985 960 1387 2185 1824 0 0.9959 1302 744 1655 1077
3O7Gupebgg48ii4rkB2zk6s4KNVQ7F0m,0 0.8857 1305 624 1579 935
QcmWc8EDvZ4lRPTBvr6xZatnf6neCyzN,14 1.0 0 0 1 1
aMq5irkc0pz5hddCbGzOEdcRU2W9A3NP,14 1.0 0 0 1 1
BEp3muwfXam2YSddmCMT7JdyCvNCmWH0,0 0.9810 1410 494 1746 872 3 0.9565 1054 1148 2254 1572
ilOJmpwReqUhlOlcwAuoDeVrweddPY3X,14 1.0 0 0 1 1
SfPrAOFv0Vu4D60yEBbyFNP6QovBsOyg,9 0.3556 851 1521 1364 2027 9 0.2039 868 1031 1510 1380 13 0.1111 1581 921 1625 963 7 0.0834 852 1504 1419 2016 13 0.0580 875 1482 1322 1949
3rpIU5PkVTwxnsO86VuCw8zXzCS3idVG,0 0.7651 1094 780 1325 1015 5 0.4279 1532 652 1888 2070 11 0.1845 1423 387 1595 538
ko9Vo5Z6GCNdxsDp7yd7ElqN0DwxIK5f,3 0.9926 737 1545 1710 1921 0 0.9875 1145 859 1431 1192 11 0.5894 1247 489 1593 630 0 0.2223 813 828 1425 1438
8GddE1rSXYygVXzwXIu0gdljBVAfLZ2L,0 0.7501 1218 592 1518 879 9 0.1574 258 1400 341 1665
kRgQGjd4FFBTlcLfDucoJX3t0fVj2LmR,11 0.3862 284 423 557 730 9 0.1203 151 438 588 1283 9 0.0501 29 113 921 1424
gYJqvcRdsxJJYBJYc4NkFqldvP0t6ojo,14 1.0 0 0 1 1
zdDSuGgtBbjjQGtAcwe86PyRwGqe1eeJ,9 0.9958 1708 822 2024 1190 3 0.9807 888 1477 2046 2032 0 0.8351 1228 820 1585 1163 5 0.0698 1434 684 2103 1981 9 0.0577 1413 719 2200 1722 8 0.0507 1430 802 2109 1962
rTGArHtFtSEfznfZUW6yuPHxWl1S6u0g,0 0.9935 1309 633 1622 952 11 0.7565 652 201 1044 386 3 0.4043 887 1630 1990 2036 11 0.3306 2126 2354 2311 2517 11 0.2738 724 220 1069 332 2 0.2587 2137 2366 2284 2516 10 0.2365 2042 2363 2320 2517 11 0.2069 1617 258 2032 475 7 0.0765 1473 406 1688 663 8 0.0571 1473 1064 1643 1251 7 0.0566 1479 1065 1699 1270 10 0.0506 1853 2397 2299 2517
BIiyH5rBMcVo8shaAOv7I83CxpLryzZS,3 0.2497 901 1634 2083 2115
gcHUujxxvDFpYBYSVvmk80whE59XzxWH,13 0.9868 1964 734 2147 825 2 0.9001 1491 392 2111 1135 13 0.8171 1654 471 2103 989 13 0.4433 1812 715 2128 910 8 0.2894 1645 451 2112 1020 11 0.2465 778 276 983 325 13 0.2124 1996 741 2134 801 13 0.1300 1881 729 2140 856 13 0.1159 1792 662 1997 892 9 0.1058 1595 465 2108 1014 2 0.0963 1657 478 2080 947 13 0.0642 1735 506 1984 611
0fvCyy1EFXwwpRka97Q8O0Z19XTUpRrK,14 1.0 0 0 1 1
zgN7lUFWMgHgfprLFPXJ8mTKOUgpvlop,8 0.9920 1995 1712 2103 1825 2 0.9467 1653 716 1762 836 8 0.4828 1655 726 1757 829 0 0.1811 1387 787 1676 1095 8 0.1268 1126 571 1220 661 9 0.0676 2004 1713 2104 1822
VT7SvM9u6xw2VkqeUhfpGCw7IflOUmgQ,11 0.8795 1773 210 2050 329 9 0.8363 117 1534 1128 2144 3 0.7739 988 1265 2266 1795 10 0.6195 2424 1793 2556 2006 9 0.4160 303 1502 1044 1925 0 0.1735 964 545 1794 1092 0 0.1333 1363 575 1755 945 13 0.0839 152 1481 1021 2011 9 0.0534 96 1445 1945 2478
8UV1IWNqmMxLUVonDmsgJwLTbvK7wksW,14 1.0 0 0 1 1
bBIdmPpt25urV7fxPkqI6gnon3Y2fx4J,3 0.9610 825 1786 1819 2347 0 0.8048 1181 1019 1457 1303 8 0.5626 1416 1650 2015 2279 7 0.4671 1530 1620 2012 2353 11 0.1422 1292 611 1584 688 11 0.0807 805 620 997 668 9 0.0537 1287 1597 2104 2182
e3GDP0ykx1l48oz9w0sxrl5GckcJAV7x,9 0.9377 706 929 1036 2013
xRTvPCVENzGWmGjHc5rbQlyfHNT53cbq,0 0.9910 1021 498 1283 801 13 0.8322 1375 834 1602 951 10 0.7647 110 1786 184 1913 5 0.6747 1461 1230 1747 1712 5 0.4980 1430 1081 1867 1723 6 0.2413 1403 1246 1740 1716 13 0.2088 1398 856 1556 935 5 0.1774 1201 695 1895 1799 6 0.1752 1366 819 1613 1037 7 0.1743 1426 1212 1728 1691 13 0.1696 1204 679 1833 1717 3 0.1181 727 1382 1550 1703 9 0.1179 274 899 377 1038 6 0.0675 1398 836 1590 934 6 0.0599 1329 820 1661 1176 13 0.0576 1341 775 1640 970 11 0.0568 446 338 568 422
vXXqJkWCoTIMpdYS7AvweOqNoivDN4Ku,14 1.0 0 0 1 1
VMpUIWZoUkx0ncTwSBxBVfX7hdspgzXz,0 0.9964 1145 569 1387 810 2 0.3721 1296 673 1372 778 11 0.3577 567 208 979 363 10 0.3191 1907 1558 1976 1668 11 0.1675 1894 1543 1975 1691 10 0.0715 1869 1554 1970 1701 13 0.0643 649 240 923 403
iC1CSUgYNj2jbSHXx883yC9qcJ4A3hKH,8 0.2698 360 1593 400 1631 7 0.0625 1095 445 1317 861
JyE0Bw0g36iuKTkMF8qLQhooAgilPINH,3 0.9956 867 1199 2011 1669 11 0.7586 541 274 751 446 0 0.6568 1214 590 1514 900 8 0.3297 1916 1548 2012 1656
FUX0uLOE1yuepr6q0CqLkaV11vLAleFl,10 0.8305 2191 2347 2312 2557 3 0.5527 819 1763 1962 2221 10 0.3228 2223 2359 2298 2525 0 0.3017 1244 852 1514 1166 13 0.1211 506 537 875 883
WfHeTxkwHeB71kcx1xiyFfmWg35yGyi8,0 0.9808 987 435 1286 803 3 0.9767 693 1179 1589 1560 9 0.8649 1277 1341 1848 1822 11 0.8543 449 178 724 304 8 0.2211 533 819 590 889 9 0.0697 1282 1321 1818 1572
lhNyumg69VAcI827K40jAKmnF2UH4D7I,0 0.8603 1125 679 1375 982 11 0.8302 549 297 813 440 3 0.5730 790 1320 1783 1724 11 0.2243 592 307 816 388 11 0.1689 634 315 891 375 13 0.1061 515 456 724 614 2 0.0930 502 432 717 623 11 0.0904 1239 315 1566 398 9 0.0757 453 429 740 619
rl7Wysjij7pxAjkSCVkNDDy4NiWbAtfb,14 1.0 0 0 1 1
Ho88YNNrw724pGEnHETXNsBlJw7MkAa7,14 1.0 0 0 1 1
nuJePSHE24RlxruUUTkwdnywlUjsyiQv,3 0.6489 1452 1390 2613 1870 0 0.4183 1626 784 2190 1188 0 0.1772 1870 781 2183 1049
sLTqTyatuGE8l5PJGaGRxtrzFnSvoUlU,0 0.8800 1306 626 1583 933 3 0.6438 1032 1285 1995 1652 11 0.6056 1495 336 1773 394 11 0.0970 1452 315 1810 413
Zmmd3NjCxmajwuIwDsuZprDrOKkCDj9O,14 1.0 0 0 1 1
sPZGIxIbSJRW9ATmtXUa95HNvnovEYcn,6 0.6895 1872 1021 2476 1816 7 0.6586 1886 1138 2442 1833 5 0.4493 1873 959 2419 1811 0 0.4069 1569 766 1856 1047 9 0.1839 1904 1147 2375 1767 4 0.1471 1844 1071 2447 1801
V4aZgR2FjzTxpLCB1Cbscgr7VzB4V8Mf,9 0.1588 1501 2505 1966 3010
BLjL0ST3XqR2hhwuvO15ERkNPJMCosQw,3 0.6273 737 1339 1840 1765
vzWx9m24HVDdP9IjF1CJlHqByYRfmrro,3 0.1172 1222 1284 2283 1805
ikVIIYCuiaWF34OgAaXB3Dp9EhGYoiZW,14 1.0 0 0 1 1
FdgSsYzgyfidTgQsXdMNidOWFMqOPWoS,3 0.9560 751 1762 1939 2209 11 0.7585 565 293 1067 504 0 0.3975 1245 797 1589 1168 13 0.3739 1777 1881 1905 2061 11 0.2247 673 314 1071 437 13 0.1820 1712 1842 1958 2102 11 0.0795 618 314 914 477 5 0.0658 1528 853 2244 2164
FJA8uqXiAhy6QnxGqG26fABFwswuJddI,14 1.0 0 0 1 1
MLzYpnn6Cj9IUm3fklXsMTsVKHEqunJb,14 1.0 0 0 1 1
jmeEfaHbadbEq1lNfSELIxamJqMdeGF6,8 0.9702 222 1468 347 1583 9 0.0767 219 1479 347 1583 9 0.0534 2002 2232 2108 2289
7L5Cbz7S3lFG6S1WBvALvm2R2poopNdP,3 0.9991 972 1648 2052 2211 0 0.9973 1328 793 1713 1209 10 0.9754 427 2069 627 2385 6 0.8355 546 1474 1014 2022 8 0.5785 908 1450 966 1513 10 0.3217 2128 2228 2217 2363 9 0.2513 1034 683 1569 1775 11 0.2404 425 2080 621 2342 10 0.1701 406 2029 571 2330 5 0.1464 503 1320 959 2062 7 0.0951 580 1421 978 2003
wD5f2gvqVJUAnigh0MpRSUNJl38oMbsL,14 1.0 0 0 1 1
oPhEgzXfFJW6OXtu4Q0nGu4X0AjK428L,14 1.0 0 0 1 1
BwQwAgnnWSpum20wrtrPQScBlX7RrFok,11 0.6609 706 121 1060 228 0 0.1890 1373 547 1681 866 11 0.0679 663 102 1107 280 13 0.0599 0 34 110 175
LwkajnkLIGfScfyhcTlxgNBhPKhHM3bj,2 0.9388 1551 880 1640 1008 0 0.8726 1371 717 1685 1069 11 0.8162 1564 251 1900 335 11 0.5616 1642 259 1886 314 3 0.2811 945 1713 2023 2207 2 0.0661 1513 793 1647 1037
3Y2Je5PpBtQsQhsqraWpcMpmPNCvVaMQ,14 1.0 0 0 1 1
y5WaV6conKhDuTiQzCdcs8AV1wRAqjAy,11 0.1535 896 303 1205 395
TgQTPifTAO3YeQxFArqhQNyu4Qn4Omvb,7 0.3448 482 683 592 820 6 0.0831 487 683 585 812 8 0.0556 479 682 583 815
0EOnGf54lBaUUQAIT6Ae5FWWRFAHKsVx,0 0.9096 1153 601 1502 972 0 0.5873 933 597 1542 1051 3 0.4652 788 1389 1835 1922
I11gMoyvDaGepjMYhveSOz7i4CfL46UW,0 0.4953 1322 636 1656 1037
tNBf1GtNmlBxn7CZoyWvxQgwSrqYWnZa,8 0.3703 1397 946 1468 1029
Jn6vZDiEp3PLgN0Ctwe1DcUXd3vDgk50,3 0.2427 831 1459 1920 2046 11 0.1460 1446 485 1660 546 11 0.0617 1409 500 1632 537
wbS8UN2QQUuxtx96pTPWcclkxFMRMCDv,10 0.1367 2434 2144 2551 2315 3 0.0525 1212 1621 2303 2137
Inlkk4x40wH38ScDJXJfnnyI1Y1hYcUt,14 1.0 0 0 1 1
VjFfszIByM3ndjfxquWPchmqDzmBWiCZ,0 0.8990 956 1041 1227 1358 10 0.4490 1561 1802 1685 1995 3 0.1861 602 1562 1550 2036 3 0.0746 631 1689 1508 1938 7 0.0706 18 853 644 2158 0 0.0693 763 1011 1211 1431 4 0.0551 1487 1983 1686 2200 10 0.0520 26 1778 801 2406 0 0.0511 548 0 1773 627
dXcrizUcPm106weOlRyePRiGYS8dXT3K,0 0.2973 1283 826 1651 1242
NNv9KPbTjGqOhWGl93mYXr4UKjJytwvL,14 1.0 0 0 1 1
h6JLpfoIcpvgyqhUTRvvrslffi9KsV83,7 0.4605 67 607 525 1253 3 0.3614 558 1568 1458 2033 12 0.2329 31 593 758 2125 4 0.1834 53 563 509 1239 7 0.1760 56 563 578 1886 8 0.1035 82 601 539 1233 13 0.0872 81 596 520 1257 11 0.0680 16 444 606 1182 6 0.0656 119 679 536 1223 9 0.0523 44 611 487 1284
Y7P4pSH3JY42hZUPrm95IiPrvrNdRpBR,13 0.9863 389 660 858 1207 0 0.9788 1156 921 1464 1299 8 0.9670 344 1790 402 1852 7 0.3220 335 1785 401 1851 6 0.2335 445 762 798 1174 11 0.2085 210 1523 337 2067 9 0.1863 1790 1384 1845 1427 7 0.1828 433 628 888 1201 13 0.1764 440 880 759 1172 9 0.1406 859 538 1126 1172 2 0.1361 1362 1011 1441 1122 4 0.1232 334 1787 401 1853 11 0.1127 546 514 921 667 0 0.0744 948 916 1477 1547 6 0.0620 407 575 916 1269 7 0.0569 290 1924 717 2199 9 0.0549 169 1911 812 2312 3 0.0521 799 1760 1687 2026
Ku9cXgW1jJRH4WLd0w0sIwvtxUrVoDLf,0 0.9913 1490 841 1841 1165 11 0.3743 782 407 1194 517 10 0.3416 257 2516 372 2647 5 0.1205 435 814 1203 2335 13 0.0893 2152 1082 2328 1229 7 0.0567 472 501 1337 2170
DFGrHv2e61CEcV4C3rppkjKfMX9QiGF2,0 0.9510 1664 724 1949 1038
qmw4kkobaFvmqlHwQyzGPzIFVa5y7ZAl,0 0.9800 1398 878 1743 1308 13 0.4025 1768 797 1990 1118 11 0.3354 1560 506 1882 621 13 0.0819 1836 772 2051 1157 0 0.0520 1023 855 1768 1620
Hy7tn22RxCNhuziygAVF1MnOQFNEbxT7,9 0.9617 805 0 1316 705 3 0.9371 748 1251 1690 1697 9 0.6809 797 0 1284 1734 9 0.1367 31 8 1097 823 11 0.1184 470 270 738 410 7 0.1112 58 204 599 1774 9 0.0960 765 253 1239 1148 9 0.0725 795 37 1513 972 0 0.0702 1051 659 1353 1006
64rITQpde6knt1Skka2BGdtZpeuNPpSn,0 0.0512 1555 689 1862 1056
YO64wCiO3DCbHUoCPsSIMSknKXA5xb2s,14 1.0 0 0 1 1
x1z5BB9cBtpwhE7zvRhSJjIHx832z4Yj,3 0.1868 805 1357 1585 1688
pEe20kuh5mCCn8fHLrIfopPtb8rvQOAJ,13 0.9983 1567 313 1980 851 11 0.9563 1668 245 2020 416 13 0.9079 590 608 818 839 13 0.6296 585 504 935 817 0 0.5864 1332 834 1640 1225 9 0.4736 1154 852 1313 1258 6 0.3979 617 587 796 783 7 0.2499 594 569 798 780 11 0.0724 716 368 1114 465 13 0.0721 1603 323 1832 685 13 0.0657 525 390 1053 835 6 0.0571 1565 337 2022 941 13 0.0513 959 443 1111 638
sW6wgoPLoKAApufwcfftn7uMqQlpLtMr,0 0.1685 1280 753 1503 978
jHtKU0WuMZcQlffjLpu0z18Ysi3mwxDr,10 0.7989 71 1900 170 2057 0 0.7978 1005 659 1244 899 3 0.2733 698 1412 1492 1862 9 0.2571 1266 1749 1524 1848 10 0.2081 1666 1863 1821 2061 11 0.1797 1152 335 1308 381 11 0.1591 558 345 812 408 9 0.1567 753 379 1181 1893 11 0.1030 1143 344 1306 435 2 0.0910 1159 733 1229 862 9 0.0891 82 1709 752 2089 11 0.0862 101 1946 184 2069 10 0.0738 88 1960 159 2057 9 0.0587 110 1720 1022 2237 9 0.0572 0 541 17 747 10 0.0518 106 1810 993 2230
HI64421POGjUnpGvD7Pey84y7trj8j3j,10 0.9905 109 741 939 1809 7 0.9428 412 704 901 1220 12 0.7357 182 405 908 1012 4 0.5202 568 728 890 1145 11 0.4529 544 391 872 481 6 0.4482 434 665 902 1311 4 0.1145 254 1020 801 1557 9 0.0967 393 692 829 1217 7 0.0960 355 874 833 1187 9 0.0735 219 982 782 1565 7 0.0700 229 375 952 1124 13 0.0581 419 695 797 1086
DqGmczhlcNmobGPjCntj0TRtneFYPAbe,14 1.0 0 0 1 1
DLy0vMZCOoOh1rnn4D70N9JABTgrXhN6,8 0.2338 2492 1096 2638 1220
UlVGc62dVshFChF7lGks79kZE8XmFoUW,0 0.9797 1024 833 1273 1081 13 0.3780 363 1430 808 1668 3 0.2874 766 1469 1622 1848 11 0.0699 1327 452 1512 508 13 0.0600 403 1464 719 1630
NJvHpaZLMRJmIWglidh54LUTDGCt1nz2,13 0.0980 1862 608 2032 746 9 0.0600 238 806 348 917
dNRSgWF82Un7sYJXcz9SIUWUiKKVfRAW,3 0.9602 783 1180 1725 1571 11 0.7682 1365 181 1572 267 10 0.6818 1807 1565 1900 1696 11 0.5652 1806 1584 1895 1731 0 0.2775 1089 517 1361 835 11 0.2370 618 197 824 345 7 0.0795 870 445 1048 817 9 0.0715 1841 1604 1897 1718 11 0.0519 1828 1592 1894 1678
gIEreHrCthezjE3NjX66ufiuq2iwCj2q,10 0.3280 87 2118 202 2296
zZrYDF6noKug1nKldZjdYGhAZh639i1p,14 1.0 0 0 1 1
h1l3uvsDWTTiZyPp0NkelyMKJ6JT77jn,0 0.2064 872 4 1398 324
qK1v86DWBataWVyaKYPqSxsV7VFYhPcR,14 1.0 0 0 1 1
JeJlPZDYwytlCUrlShBkgtfMk8P4gtz7,14 1.0 0 0 1 1
u3NI0CyWSLWqk0OM9Tc9cKF3KvK4IcDS,0 0.3875 1335 679 1694 1024 11 0.0668 840 343 1067 415
X2wuYhsUcavcYPhxfWw3j4tGBZvbtao5,13 0.6337 561 1285 760 1440 9 0.6138 1493 1745 1921 1970 11 0.5608 1263 575 1487 670 7 0.2871 1589 1837 1913 2050 0 0.2475 1119 889 1389 1193 10 0.1704 1435 1881 1993 2412 2 0.1661 1795 1918 1915 2046 8 0.1528 1830 1946 1881 2007 0 0.1370 859 844 1399 1411 0 0.1008 897 0 1579 377 11 0.0866 1290 561 1669 716 3 0.0760 737 2000 1947 2421 3 0.0720 772 1434 1611 1935 9 0.0608 979 576 1182 1315 2 0.0600 1814 1940 1889 2020 11 0.0549 1005 6 1545 74
HiFuwzDIVxw6Xpu1Vq3xiEnKUevddibF,0 0.4316 1219 732 1484 1090
2KtixfwBxaRNtPlbdqJmEuuJSHPdK6TQ,3 0.7946 987 1442 1816 1690 11 0.3755 842 462 1117 599 7 0.2565 1752 956 1927 1134 8 0.2040 1739 957 1906 1118
LhuwZTQPxbhG33JuGe3ujGMp90AOmmiK,14 1.0 0 0 1 1
2E9mumRNEMGCAYmhIMeSeFL0It02V7it,0 0.9944 1067 645 1276 878 3 0.9775 821 1238 1641 1657 13 0.7702 1600 1306 1732 1381 5 0.6196 1242 543 1745 1559 1 0.1459 1596 1298 1732 1391 10 0.1363 238 1724 323 1853 13 0.1117 1571 1297 1734 1423 2 0.0507 1157 700 1261 845
SbIVok7ujJMEMdKs17vtOvoYOMKxlZnz,0 0.1902 1050 712 1280 992
kSgk9fgZqi2SFdqNE9tXgQxlMFnlmlo8,0 0.7566 1147 629 1382 903 3 0.6853 812 1404 1638 1783
3tDOYlbaiq76iq5su48hrB7YZylHg1sK,0 0.9986 1102 455 1396 796 3 0.9967 772 1037 1710 1353 0 0.7671 781 430 1389 991 7 0.1368 1528 922 1865 1253 13 0.0564 620 873 748 1018
KuS3OjeKoQUFmtOKVL7l1c66rWpFtbs9,14 1.0 0 0 1 1
GjxWBBJbwkLsTNO1agMOO29bybSUbmBW,11 0.7661 558 617 844 685 13 0.6051 398 757 744 1120 13 0.6043 395 745 639 964 13 0.5984 414 784 586 927 13 0.2287 192 1162 370 1258 13 0.1670 510 764 649 938 13 0.1430 344 1295 515 1441 3 0.0894 624 1969 1599 2402 11 0.0846 492 613 843 725 13 0.0513 525 774 735 1043
1jBt1i4bYN2tVWr0jNy0xymmxIQ0Waae,11 0.4954 555 319 832 411 0 0.3128 1150 680 1442 908 11 0.1995 498 311 859 473 11 0.1277 618 325 829 379 13 0.0899 747 506 973 622 13 0.0676 1551 438 1656 604 8 0.0666 1735 1032 1799 1082
XUYQLKBiQZ0CyoNBp876mZUSy1lpyuo8,0 0.9985 1417 858 1685 1183 13 0.9231 633 480 774 726 11 0.9083 766 316 1073 401 8 0.7638 649 535 744 651 9 0.5221 661 552 748 655 2 0.3962 1562 941 1672 1151 10 0.3904 290 2506 487 2742 7 0.3610 633 478 782 704 8 0.2523 641 526 770 705 8 0.2144 679 658 728 707 13 0.2073 642 545 754 684 7 0.2057 646 526 755 665 2 0.1729 480 460 1135 1172 13 0.1721 532 452 789 808 11 0.1302 867 321 1058 384 11 0.0817 702 307 1104 442 2 0.0814 653 541 768 712 8 0.0787 560 504 827 784
GJrlrJHsr6BGz2HGYwybRmPjwR4FHDrP,10 0.1560 1618 1926 1665 2044
PVZdkL3DJt71zjghuWcgwKbaPkNlj7rc,0 0.0563 988 636 1178 830
pwP7eHPQJ0PFdBIN9diV4iLeoskwTGp7,0 0.9936 1338 659 1666 1040 3 0.9814 1013 1519 2067 1937
es6hBBDdvzWO1wKZUtGaMwHWRjH7TCD5,5 0.3135 147 568 1043 1753
s8RBGOiLpmo51tOJcQzO8rpDeCWpn9gH,3 0.5392 590 1306 1464 1777 0 0.0797 987 728 1238 1024
eaDpELSSbJ2sB786pqQl6VNP8BrrVi5m,0 0.9987 1345 548 1652 909 3 0.9673 1035 1287 1934 1665 11 0.3524 935 212 1164 292 9 0.3467 1057 743 1515 1846 10 0.1555 474 1749 567 1914
BcXNQID2C2oPRdnxxA8KSYqnQ8Ou8aVC,3 0.1150 744 1220 1550 1491
w8vmk2XEY571nCEfhgj9rgHe5dYCSbb0,13 0.9852 1536 1301 1749 1390 13 0.7154 1605 1312 1749 1374 3 0.4261 636 1094 1539 1443 11 0.1590 632 248 841 364 11 0.1224 535 219 832 343 1 0.0583 1506 1299 1774 1419
IRb0lc1LABlq03kYKjySbnavVY0BtVn9,3 0.9957 950 1815 2053 2498 8 0.9923 537 1304 648 1428 0 0.9593 1335 896 1641 1259 11 0.9092 1558 594 1864 699 11 0.7872 857 553 1130 640 9 0.5794 219 1905 934 2516 8 0.5777 726 2119 780 2191 11 0.3276 1521 571 1955 739 7 0.2574 356 1858 500 1969 7 0.0991 528 1300 644 1428 11 0.0779 1736 606 2031 822 11 0.0675 1458 563 1860 811 8 0.0614 366 1870 481 1966 7 0.0594 291 1890 971 2487
7CRZGjfy9M10bxonTiWMtvdqsRPSofMv,0 0.7425 1039 3 1367 181 11 0.5446 1222 266 1487 364 0 0.0701 925 7 1372 276 0 0.0598 1065 6 1354 105 8 0.0581 526 1128 571 1179
u1K0b6rcEV2Olg0bTJHoZnvjvgITO9i0,14 1.0 0 0 1 1
pg6pbOXUG2NZnBGsyU9HvOYslqYcuInC,14 1.0 0 0 1 1
1X57aVnTw95I0ci9hYZ23i4gsq67SQiS,14 1.0 0 0 1 1
I7trblOauiocX9OE192Hy3fLB1fvFzjA,14 1.0 0 0 1 1
IV7iR8n6VMLYP3lm9LUudfX09aNIGT5V,5 0.4588 1223 387 2110 1742 5 0.4193 72 309 1013 1718 10 0.1857 1882 2114 2127 2266 7 0.0620 1143 1433 2127 2266 6 0.0590 1451 1591 2118 2232 9 0.0581 65 104 1017 1267 9 0.0548 837 93 2214 2266 11 0.0542 1456 2156 2161 2266
ThWSh7BiOJ3jr5KVYIV3q6mUuBO5vOVu,0 0.9372 1243 765 1732 1252 3 0.1379 917 1523 2118 1954 8 0.0709 1842 1648 1911 1713 0 0.0666 1073 803 1762 1637
85tw2GnvszjH9PIuszRyzdFQmLNp6n0w,14 1.0 0 0 1 1
6NelbPJkz9Bqy1qBokFFzkrZlW1pB9pD,3 0.3482 1024 1565 2303 2043
KKoy1fqM3sMbCImBs2naROpKzHaW0X5w,11 0.0562 975 490 1318 560 13 0.0511 796 1813 1039 2044
sxeWq1kGsNDqNH2pVMc6fwu4kEi7YGRu,3 0.3711 1203 1581 2349 1983
wbVMTwCCpVi93ojJD0GNGVCz1RUm6Ry7,14 1.0 0 0 1 1
k9gxm5FqoI7rgGSDgnjE4TgGDRLro0bd,0 0.8665 1713 816 2031 1141 3 0.4073 1383 1385 2458 1910
qmoB4aWQrpy8SuJHynipWKJXZ5HTA2OA,8 0.9671 1997 1713 2089 1804 7 0.2981 1993 1718 2090 1807 11 0.0843 1924 314 2114 475
ncvpbLuwdB9BWnsCXkMdKiqSRUzvmt6f,3 0.3285 814 1248 1696 1527 9 0.0813 95 1049 883 2357 9 0.0538 251 1364 1085 2295
kjnRHGAsWymlEAfptzrSIhCgaNmwQftL,14 1.0 0 0 1 1
pqRdNvjSWwbrPXDweJvFqY5C28GWGn9y,0 0.9483 1140 677 1481 1009 3 0.9397 832 1455 1992 1872 5 0.8112 196 649 914 1807
lP7NujC7dEEcuUjT1oEaYzFd2Gyr4WTM,14 1.0 0 0 1 1
1MB3iOja3ryqbSoE8BFkv7XgRUBXjuSD,13 0.9017 308 466 753 966 8 0.7735 1736 1879 1769 1915 11 0.7332 1307 433 1510 496 6 0.1817 312 447 821 959 11 0.1422 653 414 846 504 5 0.1395 322 449 781 965 11 0.1069 1556 511 1714 662 2 0.0831 1723 1858 1799 1936 11 0.0742 1284 419 1567 511 2 0.0728 340 500 738 949 13 0.0655 1375 467 1465 611 2 0.0643 1735 1880 1772 1916 11 0.0632 427 395 810 555 13 0.0608 341 573 593 914
T9zuRDjepIU33SKCSRMJ6ddeNjYojgT0,0 0.9880 1374 896 1698 1251 11 0.8808 601 503 1124 673 3 0.8384 961 1670 2145 2092 2 0.7697 1531 945 1677 1181 11 0.4411 799 517 1100 638 0 0.2052 1053 884 1739 1547 11 0.1418 1636 521 1837 578 11 0.0586 857 534 1078 612
xjMIgLITh7Cf541IhZTOeIxD2pt7XpOX,11 0.9445 820 71 1223 205 0 0.5795 1440 549 1783 916 10 0.2106 181 2017 293 2187 11 0.1327 744 46 1239 272
uCm3XfZ2KGzHunbBFwXQgHtQcQWIJ5Xq,14 1.0 0 0 1 1
w1lDXgX94aiqcq5LLDkrxhd6cnFtpkLR,3 0.5737 1069 1404 1886 1735 0 0.1064 1319 769 1562 1067 10 0.0710 1898 1645 2024 1850
lvr5SEFGou3vOJDjLL2MuXVN2QOO2whL,14 1.0 0 0 1 1
odEi47U1AVILH9uoIrcZRFSPLyhbHzOK,0 0.9810 1083 814 1301 1016 3 0.9654 791 1510 1683 1913 9 0.9069 369 680 703 1277 10 0.8242 209 1839 286 1977 11 0.6833 209 1832 307 1986 13 0.5978 366 604 725 1305 5 0.1363 349 640 783 1257 7 0.1191 315 681 742 1297 2 0.1030 375 643 716 1297 6 0.0930 344 677 696 1284 13 0.0512 371 956 634 1216
808k5hsxKFkIQucRKQVTjZ5ygl9TjQX1,3 0.0732 771 1335 1501 1658
zdi606nSYQftkUqLL1t3cQQ1MYX03suL,14 1.0 0 0 1 1
UHSc4BT8bWoblpST2OJjFTOsYOg0gydN,11 0.4711 692 409 943 460 10 0.2003 1843 1689 1900 1821 8 0.0923 399 1589 1007 2435 11 0.0578 798 415 931 458
uWWJaHe6iKFfIWqHOOwMCexJuzvPzTo5,0 0.9964 1104 851 1375 1191 3 0.8961 695 1370 1652 1771 7 0.4627 808 744 1020 1216 0 0.1542 853 829 1377 1263 7 0.0760 1451 973 1842 1682
uhqExOEzGqOqD9QqLoHSUJ5uKcpS8rRS,14 1.0 0 0 1 1
jaAqj6zzBgTE90k6exwEHkr0JVeEbmm1,0 0.9188 1294 890 1651 1367 0 0.0795 1037 889 1665 1442 11 0.0504 1486 476 1657 572
EPfzUv1DHx1LuI9MOnC8gKBrkoRCznB1,14 1.0 0 0 1 1
HTzeSqmrCBIL7yw0bRWpk31f3hyQUFiZ,3 0.0756 156 1734 1789 2429
6NJtLrrvLQgdGeFqWAsaithZdjmmf8sX,9 0.1487 2 4 168 166 3 0.0906 824 1157 1662 1402
LBjqYuSTgKydMAFAQeOMHpegPKYWW7AT,14 1.0 0 0 1 1
pkJFxnb4Q7DsgiCgaYpsJDwooSh82UQN,14 1.0 0 0 1 1
JpDphIdp4HNbWvyEDrtIAIgpCKELqh45,7 0.8014 140 423 718 1286 8 0.6712 262 542 656 1080 7 0.4155 271 522 633 1052 9 0.2622 211 490 670 1156 7 0.2408 368 520 606 907 6 0.1699 321 531 685 1128 4 0.1154 347 517 631 970 9 0.1150 5 297 683 1232 0 0.1088 61 427 612 1164 8 0.1087 137 440 647 1250 6 0.0762 386 574 628 1023 0 0.0730 244 556 596 1024 4 0.0651 286 481 699 1119 8 0.0563 363 545 612 921 7 0.0514 1108 173 1328 606
gxMLM3Y7QiHnfhvo8waqHCPpfDl43X6P,14 1.0 0 0 1 1
3XJ2qR7njl5z6PT8bKBzFPGcf742HRjU,3 0.9990 962 1461 2241 1957 0 0.9972 1378 652 1723 999 9 0.2584 1854 1812 2417 2067 10 0.0910 332 1754 417 1906 10 0.0850 312 1699 430 1960 1 0.0501 1853 1781 2399 2111
adWL4yKlygZCCuiLNnZkPW7esDtC3Tx5,0 0.2739 1269 829 1561 1166 11 0.0598 772 485 1077 580
cmcsjfZgzMqHFcn5KY7v1oIpIEGqpgu7,0 0.4589 1577 818 1951 1182
lKplNvB429oKKdXHk76ipHuuDq3t3906,14 1.0 0 0 1 1
delf18Mztb1fOzU7SmDXT4xCZQeTujkV,13 0.1803 559 388 821 900 9 0.1626 124 249 1669 2336 5 0.1307 1317 327 2281 1874 9 0.0897 0 421 953 2266 13 0.0754 1402 379 2000 816 5 0.0747 217 555 949 1812 9 0.0547 510 181 1825 1032
bdEmdA1sRRoUW6Wc9022vxAxZMHCrWaQ,10 0.9441 205 2027 338 2254 10 0.8744 212 2092 309 2239 11 0.7070 206 2008 363 2275 7 0.6171 1505 1649 1844 2083 5 0.5523 1541 1659 1823 2110 0 0.2162 1184 0 1580 231 10 0.2119 202 2052 460 2255 6 0.1959 1531 1642 1839 2099 10 0.1306 231 2047 673 2284 0 0.1070 977 1 1585 302 7 0.1011 252 1417 694 2077 8 0.0753 1551 1642 1820 2051 11 0.0594 235 2054 342 2192 9 0.0579 1539 1664 1825 2049 11 0.0514 221 2071 311 2246 10 0.0503 182 1954 390 2236
KITsJRVHN4nMGhfwhHQ4RcwaV5vMvJXL,14 1.0 0 0 1 1
R0pu9D44jQ6rdVe4uG41rBcNjvFYB9Ma,14 1.0 0 0 1 1
p9SuqS4AU4Nz1tyegvwEk4Cc27a6hR4c,0 0.9942 1203 634 1476 930 11 0.1094 270 533 430 820 7 0.0925 1970 1702 2086 1815 8 0.0682 1983 1698 2075 1812
iOqYGKruXtXJ9bhsYActrGXtcAYztnol,0 0.9970 1493 1111 1866 1473 11 0.6427 1725 648 2011 743 4 0.6334 1782 1281 2147 1658 7 0.6119 1759 1263 2100 1640 3 0.3282 1252 1926 2386 2448 9 0.1245 211 2072 1255 2627 11 0.0854 834 621 1224 747
l1uWsnm2GTG3XjxmpzgOFgsFemhb2LqN,7 0.9510 2063 1768 2579 2180 8 0.8815 2052 970 2141 1058 9 0.7672 2071 1760 2518 2056 9 0.6178 2059 977 2140 1055 0 0.3373 1395 733 1743 1114 9 0.2627 2063 953 2186 1071 6 0.2515 2024 1726 2558 2096 11 0.2497 2062 1708 2603 2160 11 0.2398 1650 225 1832 286 13 0.2261 2049 939 2241 1099 0 0.1807 1206 750 1739 1266 4 0.1580 2033 1744 2549 2125 13 0.1351 1942 1684 2580 2199 10 0.1066 2180 1734 2585 2228 8 0.0803 2062 948 2258 1107 6 0.0546 2043 939 2264 1124
j8wkRKXI2o7JDOG34hHyyQEJe2MU6Vbf,9 0.0872 1383 187 1994 601 9 0.0597 1224 124 1793 494
z0qwRj3qQ0AFJ9IKQVYkjMNO2C6UNjv5,0 0.9703 1019 732 1271 1026 8 0.9545 457 609 536 676 8 0.8931 570 573 637 638 7 0.6273 423 598 547 683 11 0.5994 458 369 679 485 5 0.4748 179 397 916 1768 13 0.1889 422 607 543 681 13 0.1509 378 584 559 710 8 0.1229 462 704 492 730 11 0.1096 441 364 811 517 2 0.0787 456 609 538 679 9 0.0568 419 597 541 680 2 0.0507 397 594 551 715
qIFuCRRW7pF4QeOsNFgzMVD1gxYtlt4o,8 0.2255 1844 1873 1970 1989 13 0.2212 1904 1051 2020 1158 0 0.0526 1582 713 1891 1028
yHvxxKC39F2ZBLuqhPaim39HEH3dxb83,3 0.9971 1227 1279 2417 1787 0 0.9790 1707 476 2019 860 2 0.9644 1848 599 1955 741 11 0.1140 711 1734 847 1944 10 0.0947 714 1713 823 1932 11 0.0580 1187 207 1414 262 11 0.0508 684 1658 900 1985
manG6fVrT4RXoWjXz5u9646kwhNqnmEF,14 1.0 0 0 1 1
eVkDuaDhZOMyREtIIAg0TnBk4HtjtUXn,0 0.9281 1109 959 1375 1257 3 0.6990 782 1694 1826 2180 8 0.5914 1717 2141 1823 2248 0 0.2172 802 979 1414 1608 11 0.1345 1459 590 1624 664
DROa2rrlGBJLIr9IQUl6aTnB62X59PWd,10 0.0682 2649 2283 2737 2420
9uPWnZ8MMvyLJvdPvrZlXdESiVU3RcUF,0 0.0799 1087 930 1392 1339 3 0.0700 790 1632 1838 1952
lfigojYVc08ppZj6zTDN3ius7kz3RCyq,11 0.2566 1160 4 1607 111 8 0.1248 365 906 448 982 3 0.0929 712 913 1487 1152 9 0.0693 1741 0 1981 783 11 0.0647 0 4 362 99 11 0.0536 5 4 223 82 0 0.0512 1010 330 1252 561
RaYg7XzpezmJcplnKO6rxZerxtDrde2F,12 0.0983 1327 149 2251 898 11 0.0706 661 255 989 359
rqvIuUElfuphb5ZASCZSzok6uLe7Jyu0,14 1.0 0 0 1 1
fzKli2jWmiRryQF07ar8M5qUO45ZDAuM,0 0.8597 1286 536 1602 905 8 0.7292 2068 99 2097 125 8 0.2488 17 85 47 114
tVWLTwCfbBURTGLC70US6YyeIf0mKRwC,0 0.9840 1213 789 1490 1087 2 0.8055 1352 872 1470 1025 0 0.2721 950 776 1517 1264 11 0.2186 817 393 1007 464 2 0.2134 1299 815 1457 1030 11 0.0825 1348 451 1558 537 9 0.0801 983 664 1347 1579
Z8g62L1K6oi7aMEWpAwOLhIquUNlwDPq,11 0.5611 1145 549 1337 626 11 0.1985 587 565 827 622 0 0.1806 1025 879 1269 1159 11 0.1258 662 564 843 602 11 0.0804 594 586 792 619 11 0.0505 499 578 732 683
x2y3kmyWdQ30f37WIMLdDUZpb27lEBHM,8 0.9063 1113 1013 1285 1197 7 0.2740 1095 1008 1291 1212 8 0.2071 532 655 642 779 9 0.1248 1358 1972 1770 2387 3 0.1202 586 1403 1457 1950 9 0.0623 44 323 1051 1920 3 0.0618 439 2090 1766 2427 11 0.0598 497 456 678 512 11 0.0575 495 449 815 535
XjI8L79iNFqEl8PVB5Cl8Q11WFv90wRY,0 0.1107 1297 565 1615 914
H5oRBARAyHYGXubPlZT1KtN25HhATsiT,14 1.0 0 0 1 1
QEMOFHhUN3rFnDdj2OnQqAIBlK4Oxk0z,10 0.1841 1679 1930 1748 2048 9 0.0797 1741 763 1985 1802
MlSGVU8l4vjCaQuaWT0KsbvWemzIO6lx,5 0.7488 1634 1135 2203 2058 5 0.5161 1438 766 2242 2136 5 0.1987 121 1410 546 2265
NTRRJvB569uuGO8H1hsRhMzNnni3wp9O,3 0.9072 780 1126 1640 1490 7 0.5676 366 791 898 1381 6 0.4832 467 881 914 1346 7 0.4500 382 767 677 1066 0 0.2768 1036 741 1283 1005 6 0.2468 304 665 970 1432 13 0.2425 415 776 695 1050 3 0.2262 39 946 711 1445 3 0.2182 743 1166 1746 1702 7 0.1953 471 967 893 1307 9 0.1325 1711 750 1973 1686 7 0.1207 418 707 821 1134 3 0.1160 0 1059 851 1594 13 0.0892 421 799 828 1191 6 0.0753 381 719 689 1039 3 0.0662 54 1346 1994 2401 9 0.0642 11 413 645 1702 13 0.0623 567 1014 862 1175 3 0.0568 598 1293 1822 1905
FdYXZx7oOwJnYs1qGTI6rzgKSSQNdZG9,11 0.5526 1985 666 2180 825 5 0.0672 1795 842 2304 1709
29gfY8lirYwTqNrjlxRBlpPOTiUmNHTX,14 1.0 0 0 1 1
ITjClo1g4mYgl7476HTNKg6mZscoxl9d,3 0.9433 745 1401 1595 1869 10 0.7635 167 1926 241 2032 0 0.7215 1051 918 1256 1125 8 0.3729 1082 918 1252 1101 11 0.2669 781 507 961 573 11 0.2055 707 495 984 589 9 0.1568 1604 1674 1690 1800 9 0.0772 821 797 1115 1939
AUzkb6nSxP8jRs6cnkucSoveI2Nigc2P,14 1.0 0 0 1 1
0GdZASK3y6bpbnGbcw9bMLOGpytDcYB4,3 0.9740 643 1218 1409 1610 8 0.1913 356 1305 461 1395 7 0.1426 269 991 728 1519 6 0.1063 372 993 788 1549 7 0.0618 193 963 803 2044
tQIlqv3P702Jw57UwS0NNG56Z5ATHP0E,14 1.0 0 0 1 1
9x3w3SnyMMpVSCKbR4lRSX893Z5hN617,7 0.7931 700 454 910 721 3 0.3931 797 1352 1616 1633 3 0.3211 728 1412 1720 1802 3 0.1177 138 1613 1994 2394 13 0.1024 660 498 857 774 9 0.0809 51 280 960 1173 8 0.0683 699 472 872 730 3 0.0656 614 1567 1917 2135
Z8lzSVUaT47SiVlBsTBRRJ6kBZLDONGl,11 0.3374 592 516 833 683 0 0.2246 1297 922 1592 1232 11 0.1874 663 507 1053 629 11 0.0667 769 501 1046 589
Vp2NugzoWrhjaCUbk90PrIOPcyVm8k8N,0 0.1535 1291 722 1574 1025
uPSFHoJYMzVeBP43g2xwVgV1subPjQ0J,14 1.0 0 0 1 1
FTKOiAPSpe1oKJ8gDHC3OQ7Qgy4YG8BK,9 0.0537 1845 1130 2091 1494
YDOdm2GtpKELDlcpUB8GN6bORqTNBCEK,10 0.6790 339 1800 425 1923 10 0.5420 1746 1755 1824 1900 11 0.2998 1188 376 1372 477 11 0.2839 1371 389 1543 523 11 0.1946 1732 1758 1825 1908 10 0.0564 333 1830 398 1932
iWlhfLDTjeGtpvBtwwMkLjocGE71leev,0 0.7555 1092 1015 1350 1308 3 0.3278 714 1630 1648 2057
Wl2PBBLzZlC6HQtASZedOEkud3WgHvCP,0 0.3875 1175 602 1447 911 3 0.0720 814 1291 1761 1633
vStASkaEjCKh0uePROwYsd7wSqa1Ngdg,14 1.0 0 0 1 1
IOpJj9M03UwJ2podsIZk4YEihqURu6po,13 0.9581 1629 1387 1754 1458 0 0.8405 1074 605 1323 870 11 0.8216 1285 315 1504 430 3 0.3375 810 1333 1618 1640 7 0.1120 1637 1385 1751 1458 7 0.0650 1581 1389 1770 1618 11 0.0631 1354 307 1582 484 13 0.0569 1587 1490 1789 1693
cwWogLDB9cJnc14N8EtSEJKoE3SgWIvP,11 0.0862 800 538 1086 591
GZYZ6q50GkBRaHQ5qiDk2XaeOmdArjy9,14 1.0 0 0 1 1
zBXZEf8Xcqrn1ke3IKAfvznIX5GMeXwg,10 0.9926 84 1162 767 1778 7 0.9447 219 1120 699 1413 0 0.3416 942 681 1221 998 7 0.2413 101 1142 848 1885 4 0.1609 102 1147 822 1815 7 0.1158 191 1072 773 1567 13 0.0645 198 1323 597 1436 7 0.0612 191 1284 650 1438
MeyY7UAWymxyVAZzZeHIgLz0DTtqlDLx,8 0.0675 485 589 555 680
bPxKhdQAt6qpUwLUUgVVtXLBvHjYWbwb,11 0.1594 559 237 755 292
19RmfSmEbyfjS11HHhNItwpSUPekHHFT,11 0.9308 610 433 939 528 3 0.9208 664 1618 1716 2087 9 0.7629 359 1378 738 1917 13 0.4682 482 486 939 1050 13 0.3751 367 1331 759 1884 7 0.3424 584 473 938 954 6 0.2668 502 464 960 938 10 0.2318 171 2171 254 2302 11 0.2150 525 414 840 566 6 0.1587 363 1340 795 1922 13 0.0904 610 550 911 978 11 0.0815 541 1864 634 1958 11 0.0587 549 446 905 616
eFUtfkVSLI4VDywUCKRR6vxYxqwkZ3dm,14 1.0 0 0 1 1
JcgCOA6fHPVTsjSHljTvVXJGpbpm0qBy,3 0.1522 760 1389 1427 1692
9473Oz6KGzAmZbgocdD7BBrarcAKBysw,11 0.2306 432 613 607 732 11 0.1240 1648 1911 1861 2234 3 0.0826 691 1530 1585 1964 9 0.0788 442 610 592 723
B3mTn24BFWp7QMpDRQY39dGvQU4ss7L0,14 1.0 0 0 1 1
sulJhTLDX6mdFzUHdB8gb2b1Ucy77mU1,8 0.3724 409 867 504 946
DiLjmYeFLAErqE4BOHEULTAHeO99PqV7,11 0.2591 1136 380 1399 459
2Cz8yquHvdoWsqysP01gO4iZPy9tWpoJ,3 0.7262 930 1494 1897 1972 13 0.5833 1977 1798 2103 1872
xztK4Y9jqatX4QRuR0K4fv6E3DOHfcTk,14 1.0 0 0 1 1
fn2p06Yt09bx90lPKoRKywNUMhuqrzs2,3 0.9935 1022 1267 2042 1656 0 0.9915 1328 547 1597 847 9 0.2393 1104 298 1459 1454 10 0.0953 336 1657 386 1752 9 0.0550 109 1111 291 1353
LxxWLzUaDgXT2ye3ANu2taBrPERQFmCk,14 1.0 0 0 1 1
Lm7iFxpTGj88VtN0eUYpbNihRT1WMg0F,14 1.0 0 0 1 1
SjmCckqJvZfYjXck4ZSYaJg8hm3vAeUc,14 1.0 0 0 1 1
5vgD3testAyVF3NCbR4hBhGhWfK3I1ds,3 0.1283 698 1585 1401 1978 8 0.1184 1635 717 1986 1387 9 0.1003 1651 740 1988 1357 9 0.0943 1809 778 1975 1054 13 0.0534 1650 736 1979 1418
iRyeZ90iOMquTLgk5FQpzh6rFcE5ZzVO,0 0.4692 1116 895 1372 1192
OV6clb6KKmdmJVa8JnyAK60rlkLX9zy0,11 0.2083 830 268 1110 409 11 0.1304 871 286 1055 382 0 0.1121 1198 578 1531 989 11 0.0538 1324 268 1827 667
JQMaf8f6pw4LeI0GizozwJUUWQCASxed,3 0.9477 646 1266 1501 1706 3 0.8008 621 1349 1647 1905 7 0.7842 1281 1262 1741 1942 7 0.7487 1386 1234 1701 1613 7 0.7003 295 1213 753 1582 7 0.6217 239 1199 792 1909 4 0.5227 200 1227 834 2081 7 0.2493 152 1085 855 2361 6 0.2382 236 1180 803 1980 9 0.1239 14 598 643 2093 10 0.1141 161 1135 899 2310 9 0.1133 104 1070 836 2240 4 0.0998 343 1316 834 1727 11 0.0930 1063 434 1180 549 7 0.0923 380 1300 697 1504 3 0.0750 690 1327 1439 1551 3 0.0616 656 1307 1191 1657 6 0.0609 306 1198 764 1621 7 0.0573 55 742 739 1786 9 0.0520 1114 1153 1457 1645
o0QcVibuvInHoBX2D0ctiODgpg9tIdFZ,0 0.9715 797 939 1231 1424 13 0.6683 444 1364 621 1454 9 0.2097 0 917 510 2373 13 0.1193 504 1345 595 1379 7 0.0856 101 789 728 1848 0 0.0837 1014 959 1232 1188 8 0.0732 373 1483 432 1543 3 0.0618 710 1526 1448 1814
2TmzjSXBwTAVWDbHkeE2A3rPq3yS63Kp,8 0.0817 455 1109 508 1154
xPifrD1E8QwGgQ09Cdq7w0VmaWdO2feC,0 0.9962 1313 871 1632 1250 11 0.9731 1487 411 1895 587 3 0.7357 974 1780 2003 2311 5 0.5060 1644 721 2224 1638 6 0.3345 1523 943 2283 2255 6 0.1828 1554 555 2294 1823 11 0.1587 1587 445 1929 631 7 0.1066 1507 1052 2264 2296 5 0.0986 1559 872 2291 2222 7 0.0678 1670 1138 2162 1698 11 0.0594 1526 432 1839 529 10 0.0512 2191 2184 2281 2389
XeSGEJqXt0xIojde0EeeMktXUlKDcw4B,13 0.9364 424 455 857 820 3 0.9184 817 1378 1688 1850 6 0.7942 449 426 878 765 11 0.7094 697 352 903 415 11 0.5531 1225 356 1482 449 13 0.5207 439 516 662 750 11 0.3272 489 356 719 480 11 0.2638 1242 366 1445 415 10 0.1357 157 2043 229 2161 6 0.1005 1246 410 1689 887 13 0.0948 484 614 789 765 7 0.0572 482 439 857 766 5 0.0572 1262 427 1702 1090 11 0.0528 417 365 675 543
pSngIbb5fz2NtG0A4IkihoZVKHQpLikQ,14 1.0 0 0 1 1
KWLxNte9t0xZpmCFGC6kPnVEINNlKIsp,11 0.2561 1197 441 1405 547
cNknMdg48uo8adwoGTdEONfMpsvuDKvR,0 0.5845 1206 593 1480 909 3 0.3703 822 1150 1793 1610
DrD8ZgmmlqOCajwsuotCPryrLLnNoWPi,8 0.0886 649 972 678 1013
zU7kwK1tG5ZNe8TA4uccgQKzruyYJEyY,9 0.0704 2258 459 2343 544
tSCiZEaOLGhxPgq6MOxAmFtNoGHZrMGY,14 1.0 0 0 1 1
3gCY79EP999SWMKaRcT0SmaPFKTtZgPu,0 0.9948 928 432 1216 721 3 0.9727 664 1135 1579 1527 8 0.6809 621 307 656 336 11 0.4088 453 187 698 333 7 0.3555 1354 1047 1806 1695 11 0.2634 608 193 739 235 0 0.1464 819 422 1232 836 3 0.1432 589 1281 1837 1757 10 0.1231 1461 1207 1730 1478 5 0.0843 1248 957 1764 1670 1 0.0670 1121 1197 1779 1677 10 0.0652 1133 1142 1792 1771 0 0.0648 657 435 1249 1043 8 0.0595 1093 680 1226 819
t3Bj2OUedve1vqkcK04Hpwfu9fBvZrrl,11 0.9807 1640 415 2157 594 0 0.9734 1479 876 1864 1317 11 0.9690 667 478 1271 796 5 0.9650 408 1092 1249 2358 5 0.6806 1824 931 2531 1945 7 0.4008 644 535 1106 834 13 0.2801 1820 986 2497 1841 6 0.2188 1853 944 2514 1949 11 0.2127 618 545 1048 807 8 0.1929 1825 910 2589 1894 13 0.1870 542 1226 770 1415 0 0.0812 1478 1 1867 194 13 0.0792 587 1325 746 1417 10 0.0754 400 2628 512 2770 9 0.0740 1910 934 2508 1777 8 0.0556 411 1147 1268 2372 8 0.0521 322 613 1444 2559 5 0.0509 1696 640 2630 2371
anK52n57HsMXbqJdfoAjcLDlPpR5N2KD,0 0.9941 1068 664 1871 1218 3 0.9941 1058 1351 2079 1712 0 0.9468 1372 679 1840 1141 0 0.7120 1224 623 1867 1646 13 0.0797 1767 1393 2046 1565
1lGbXUMYvx5rhDrrksKnkFvyZhAQmMZO,0 0.7782 1112 623 1384 954 3 0.1408 848 1221 1634 1495 0 0.0779 1060 634 1399 1159 3 0.0581 294 1651 1942 2415
nfPYIAxjQP8Twy6JKcjx21rbfBaHFQaA,14 1.0 0 0 1 1
lKF7utKHtdxvFLDQTNIGCMenzzBs2cDZ,8 0.0653 1546 2289 1682 2464
cLNrtF8r7HxZLQsPdxo35UaZk3QBWtIb,3 0.9431 1385 1538 2495 1935 0 0.7591 1659 803 1948 1116 11 0.1184 849 488 1124 662 13 0.0543 889 602 960 772
SQYJTHcmnGgFNCcBsXchxCpumd3TUYJ9,4 0.9973 1442 873 1831 1300 10 0.9755 156 2423 283 2616 13 0.9691 1600 709 2081 1281 0 0.9575 1205 805 1508 1177 9 0.9436 912 1029 1387 2393 11 0.9361 734 329 1048 414 9 0.7729 1994 855 2033 907 13 0.7050 1690 748 2070 1090 11 0.6408 167 2440 281 2624 9 0.5681 139 988 184 1034 9 0.5353 33 684 84 739 13 0.4251 1568 841 1987 1151 6 0.3632 1638 862 2138 1398 11 0.1951 647 342 1003 451 10 0.1870 2211 2338 2266 2409 13 0.1732 2081 2118 2247 2266 13 0.1642 1640 895 1931 1107 7 0.1236 1527 899 1882 1283 11 0.1221 2216 2337 2263 2408 5 0.1210 1649 857 2156 1407 11 0.1094 2113 2220 2274 2410 7 0.1056 1394 802 1838 1330 11 0.0923 707 356 956 412 10 0.0878 2165 2246 2274 2402 2 0.0767 1980 836 2044 916 10 0.0755 2189 2284 2278 2436 13 0.0653 1749 811 2003 1031 7 0.0627 1640 884 1910 1088
KxWI9ANSFgmOrH5FjURVyCjdrK4UEKck,14 1.0 0 0 1 1
ZcAB4oaYQQqJ8GSNzWQIlGXdnnKZxg3T,8 0.4649 438 1136 506 1206 8 0.1979 402 1167 470 1243 7 0.0686 344 1105 543 1484 3 0.0532 830 1114 1559 1469
tgUOB9j7nLSe987dFj7nePHvJ1TXh4SV,3 0.8534 756 1242 1661 1585 7 0.2414 34 481 785 1502 0 0.1181 1054 666 1288 927 3 0.1125 14 1653 1994 2400
8AXXAgPOnwAvVUaYv1sdpktqCOcyDVyY,14 1.0 0 0 1 1
8OSCLokmRV2iJhMeiyJW9DTUxyk67zqH,0 0.9983 1275 877 1594 1227 3 0.8023 945 1787 1996 2288 11 0.2767 624 577 1039 770 11 0.2280 1389 597 1627 673 9 0.1498 724 705 949 892 9 0.1153 1331 892 1594 1221 7 0.1081 725 680 982 911 9 0.0864 896 819 1479 2159 13 0.0750 693 724 955 923
frvafqNdJdbIyhg5y74fDMwXGhClSI2p,0 0.9702 969 1142 1200 1395 3 0.8007 611 1733 1540 2107 9 0.4298 17 804 866 2043 7 0.3289 89 823 872 2170 0 0.2698 954 10 1433 321 0 0.2399 996 0 1442 178 13 0.1559 247 1830 326 1888 11 0.0857 113 648 753 1748 11 0.0515 46 978 541 1835
3ZHxaoWNxD6P6p17JGNKH2MZkOoSrXuT,14 1.0 0 0 1 1
de0qhonTBEOk0ECLJyg0CAj9fFJOvQZQ,0 0.9895 1470 664 1849 1143 3 0.6503 841 1570 2127 2190 11 0.3080 1877 336 2131 443 11 0.2270 1603 361 1989 660
6LcEud5YQYM0rTploi0TvFpkmctOtlpZ,8 0.1162 1732 1623 1817 1685
vmc4I6dHxZV8Dq2klfWoyxlhObvKkXHR,3 0.9764 935 1337 1882 1763 0 0.0849 1124 908 1426 1223
oG7li6lCU8u22WHDYZ49XHQshSptNLXd,14 1.0 0 0 1 1
0UFGJodXvlgKXMFtBYvQPfRtV16syP4s,5 0.1554 1539 889 2232 1963
EKKsPJSosXVzjS2iXv9eZQUhA30EjgRz,14 1.0 0 0 1 1
1fAxTpFnQUKuv9AQxF9RHOtmIei12JF0,3 0.0527 725 1393 1663 1763
XLjRBPKUrmNoTbTJTPtgI6TpxLTRsxOP,3 0.9956 685 1149 1678 1574 0 0.9923 972 619 1246 923
yC0TKqKYs7mXXslMU57DQ8eTujALtss0,0 0.9961 968 620 1213 891 3 0.9938 619 1322 1520 1707 11 0.9407 488 366 699 476 5 0.7464 140 441 772 1693 2 0.3197 1067 785 1165 868 11 0.1663 1127 390 1356 434 11 0.1412 552 350 826 463 5 0.1113 1146 506 1661 1644 11 0.1007 624 352 828 425 11 0.0990 1405 1552 1680 1846 13 0.0834 1069 801 1162 867 7 0.0755 1284 1523 1409 1655 9 0.0523 1293 1517 1446 1677
xNKLf7IvdPkQ7iBp8H1O2ladEAC3REmA,0 0.1122 1498 941 1793 1294
mB07SZpzLzY1RhEeuqrmHTY7hZXqYUiC,3 0.2828 633 1367 1495 1704 0 0.2082 777 671 1246 1144 9 0.0645 104 1502 873 2344 3 0.0557 91 1650 1947 2391
Y2GNfzgPKVtynesv03F5v6zfrqrAvCfm,3 0.2337 591 1469 1742 1953 8 0.1587 344 1977 461 2109 9 0.1037 342 2034 426 2111 7 0.0995 573 1353 917 1884
vdcKdBRBv0Zx0f0SAlhkyvJVVNJqOhaT,8 0.0952 1237 1821 1463 2179
02fQeJYiEhOeebwkwE8wsD0FPyz8EWHD,14 1.0 0 0 1 1
TA4nMfCmL76ILoeKZr2BMUP0Xo33leIo,13 0.2435 1635 1272 1878 1447 6 0.1185 1631 1275 1863 1456
FcitoGuI0uWfIx6aVJDuabFIo7mJos5y,3 0.9980 888 1431 2071 1886 0 0.9975 1215 733 1625 1168 10 0.1463 2076 1770 2262 2050 11 0.0693 757 433 1021 494
QULnSYUBSNyNh3O91ECyvzXnIucKtsiF,8 0.2534 1420 0 1535 50 2 0.1011 1420 0 1540 49 13 0.0618 1418 0 1539 50
E9GNSrmnuCo4e6Ki7gYH8XZrieywGoca,14 1.0 0 0 1 1
dsZAFFVqaMixPlvX9LXjqRXMsTjd5U3E,14 1.0 0 0 1 1
nF6tpXlxY7P5nMyU11bIGk9taIoTEWaT,5 0.1034 164 389 685 1293
BNMVLPRDWDCmGHPY3oDS2iZ5MI2W0wBL,10 0.3820 1674 1687 1749 1815 3 0.0772 687 1336 1444 1571 3 0.0537 692 1201 1477 1652
lBdhNHNxuriqBIVpqYMWUoWNJ9Ch9hnR,0 0.5844 1456 718 1783 1064 11 0.1117 891 381 1131 470 11 0.0517 1613 248 2064 457
VgkJWjwZY9p62B9PHTGIpvefQf8uLdfT,11 0.6392 905 281 1150 341 8 0.6048 431 1809 524 1915 0 0.4323 1331 743 1669 1105 3 0.3099 1019 1601 2178 2071 0 0.0980 1104 724 1671 1269 11 0.0784 1475 268 1684 429 9 0.0744 623 2065 1102 2425 8 0.0580 687 1911 1115 2275
k2YyncvSfXjgn5kVMaHE0AYQjTORD2r2,13 0.9828 1875 1265 2219 1364 0 0.3670 1292 887 1657 1312 13 0.3414 1716 1244 2245 1511 11 0.3051 729 372 1220 532 10 0.2521 115 2392 247 2542 8 0.0991 1509 1082 1726 1333 7 0.0901 1467 1049 1729 1327 9 0.0824 1666 1227 2349 1564 13 0.0616 1787 1241 2223 1404
TrIdU8RDYAgoGb9NMp98LbhMbCu9vCbU,0 0.9983 1187 689 1516 1114 3 0.9786 795 1478 1916 1880 11 0.9488 635 432 916 549 13 0.7539 414 864 529 950 11 0.4875 1389 395 1646 445 11 0.1714 549 419 954 623 11 0.1052 636 434 943 494 0 0.1004 866 683 1540 1380 13 0.0546 377 851 563 1036
LygRDKBYG0qIy0wvOGcA4YNHwFdXBkT8,0 0.9657 1012 631 1273 902 3 0.8936 774 1253 1596 1640 11 0.1430 658 314 877 392 9 0.0857 1335 2030 1564 2201
Yq1MWUb7kY7GLMnjXIpvmbN9VjboyX3n,14 1.0 0 0 1 1
pvxssoNSk5Vx1vOvKX5CWAfQbQGfbvQv,11 0.6995 1557 236 1901 370 3 0.0540 960 1798 2263 2233
EQfps4UxYT3PKtfqn3kiWhaOGABQ5Qyd,0 0.9943 1178 703 1485 1070 3 0.9940 820 1292 1839 1685 7 0.3147 378 1369 454 1448 8 0.2054 388 1374 460 1445 9 0.0932 388 1372 453 1449
4DPQR8t9UV8uYZmVd2LGzg554YQ6DHKT,14 1.0 0 0 1 1
vjtiTrv5XDEtRzwgoOUnTFo8AccC3fB8,0 0.9916 1011 670 1222 900
SuFd1pvk24hATe3KLRBMfC4BQVFRw2Sx,0 0.9973 1073 896 1399 1367 3 0.8359 763 1750 1663 2144 7 0.3308 786 690 973 1061 0 0.1269 873 888 1398 1587 9 0.0523 791 684 961 1052
xYHQyH5FAXGYs4YzPtMEgdosReMcKFMV,9 0.8008 196 1830 915 2318 0 0.6667 1132 639 1520 1068 5 0.3190 108 588 1026 2282 7 0.3054 253 1833 889 2187 7 0.1945 346 1848 731 2085 8 0.1769 355 1671 429 1743 11 0.0653 655 277 937 375 11 0.0500 1248 205 1534 323
HC70YHrkqQyg8Nip8FzzVgGPF115jyA0,3 0.9962 876 1351 1816 1728 0 0.9948 1200 688 1483 1025 8 0.0516 866 1340 1054 1584
z3BV9qPkjjIMBa8GW9TKV6SPLuevusiw,13 0.0539 1726 949 1954 1074
GuocMX2Hmuh0btCtbtSMTMR9VFAI5Luh,7 0.2091 1545 990 1666 1088 3 0.1274 870 1043 1501 1395 13 0.0554 1535 979 1669 1104
cchjhCwJ39KTVtYNiqNYWHvCjjvD6XaW,14 1.0 0 0 1 1
up5AcO7PmVGbddguvKgbC463GF7YyVjO,11 0.0713 1408 266 1571 329
wME9ae0CyW8SQshKoOnkKN0zv3ZqIdPw,0 0.6527 1142 744 1406 999 3 0.3193 781 1470 1846 1778 5 0.1292 1594 1143 2024 1735 11 0.0721 1570 502 1772 657
2yG44hAO35Y1BwcS09Ctvs4T1FL6WQWJ,14 1.0 0 0 1 1
mW36UHYn64OA6IejJRaRnaJfbz5snERg,11 0.1903 2135 491 2335 599
LnV2CKZPyGVhVTMwH5VXpreyYhkNVrUN,11 0.1880 620 308 936 413 3 0.1227 899 1600 1765 1907 9 0.1216 954 162 1349 1343
2PLCOolVm4s1msVgXZZHUsz7HOHdSUfb,14 1.0 0 0 1 1
WVWOHrxGkzmXYeKxXfKQKABWpSvw9csW,10 0.9307 2378 2574 2496 2720 0 0.9107 1431 945 1775 1357 11 0.4161 2412 2616 2489 2722 11 0.3397 1616 458 1942 581 13 0.3159 2285 2246 2448 2321 13 0.2868 2216 2218 2447 2327 3 0.2651 1003 2045 2091 2497 11 0.2306 852 450 1192 561 13 0.2163 2181 2378 2463 2530 13 0.1642 340 2457 480 2516 11 0.1442 2429 2637 2473 2695 8 0.1013 2148 1903 2235 1985 13 0.0714 2409 2623 2457 2673 5 0.0597 2338 2242 2462 2335
9YpIM1JIlkeJoazz2mIjeewy2GUmPcBq,11 0.8914 2091 402 2308 586 11 0.4062 1848 393 2085 464 11 0.0657 1924 403 2131 459
6pr96Pah7AsO91A99u8C4C74LHCp45mf,0 0.9879 1070 634 1286 866 3 0.9254 729 1187 1554 1512 2 0.8846 1218 755 1268 823 8 0.6473 362 1303 443 1390 9 0.5114 308 1389 698 1599 13 0.3541 1453 1359 1688 1518 2 0.2726 1188 723 1274 833 1 0.1995 1419 1365 1748 1606 7 0.1357 353 1305 442 1389 13 0.0898 1502 1320 1743 1578 7 0.0847 1379 1356 1766 1674 9 0.0774 318 1430 558 1590 10 0.0713 186 1553 275 1707 7 0.0504 1424 1345 1712 1568
zS1mKBOvWz2U8wCtYCKVAzzTnROUyCGB,14 1.0 0 0 1 1
Up3UHe2pYCoxTSj07lDLY2YusJ18qutd,14 1.0 0 0 1 1
HbdxxhVpQPV9YTralhINhAkeeAyAraSb,11 0.0822 1841 358 2041 498
fQeszDehbh7lKZcS8jNfrBb9A0FCf4h6,14 1.0 0 0 1 1
hKs0qQZkVRLqCCWU0mElYGXDcTylLR4k,0 0.9975 1139 990 1406 1329 9 0.1636 178 1885 765 2451 3 0.1391 743 1757 1663 2183 11 0.1145 683 647 938 765
9GZHx7fzpEimCKCD20AWku1gbKafbpHq,14 1.0 0 0 1 1
bVJy1vzTpV1UZh160Gs4N9sj12jIB8Fz,0 0.9920 1150 560 1433 859 11 0.4770 1351 194 1568 274 8 0.4139 697 926 958 1173 9 0.3265 335 430 507 721 3 0.2624 752 1386 1715 1766 9 0.2563 360 410 797 942 11 0.2281 666 187 953 264 9 0.1999 454 659 776 916 10 0.1978 1846 1777 1920 1908 9 0.1374 303 344 675 809 13 0.1156 283 969 429 1027 11 0.1127 745 191 948 237 11 0.0948 638 194 847 250 13 0.0895 362 413 756 840 13 0.0678 503 760 752 918 11 0.0667 340 415 472 552 11 0.0517 1313 188 1626 312
tvBaO3R20KwJNxqMTwMmmN60jDexbSRY,14 1.0 0 0 1 1
z9JEwr1ewpgIHqtrWBJCAQ27tUCNfwvG,14 1.0 0 0 1 1
VcYNqfxG0hvERXusfPYbolw90u7UhFTH,0 0.8176 1360 1113 1651 1440
l0Vl04d72ArBbAbpSbiJPoPjKDJLf256,12 0.9996 59 521 954 1726 0 0.9961 1082 839 1353 1142 10 0.9939 61 1634 865 2065 3 0.9543 687 1471 1796 1985 12 0.9201 230 534 939 1261 10 0.7016 81 1652 719 1905 10 0.4031 58 1548 196 1777 12 0.2476 45 1106 812 1692 7 0.1612 99 1684 953 2168 4 0.1434 117 1631 847 2097 10 0.1072 32 1644 695 1727 7 0.1032 718 1381 907 1680 10 0.0721 31 1022 889 2133 9 0.0548 72 1544 933 2027
af28ftYzg6udnyBAxPo1M3IUs8jeeVna,14 1.0 0 0 1 1
MrE025aW4ScYTQgbhvDhhRfGxvs0MG1e,14 1.0 0 0 1 1
CLletQRXGppdX66e0LGakehSToyguW1c,5 0.8925 215 797 1150 2275 3 0.2112 1023 1852 2165 2459
RyO8beO5678CWWIFvkbVHmvgUshSZe9b,3 0.9586 903 1402 1953 1796 0 0.5505 1302 795 1565 1103
EXjRimyEbVPfXWdOHdWuFjevmy3jgp6X,9 0.1727 809 768 1189 1972 11 0.1213 1330 371 1516 427 9 0.0522 210 1224 337 1400
Tpp2O13pKyXI7PiqG6GNmk5xGxikN5JM,14 1.0 0 0 1 1
TbEr43uVvHdFp9o4PZbi9RY1auK1H72x,11 0.9826 418 1684 663 2021 7 0.9793 413 1694 728 1993 11 0.6517 653 225 1080 449 9 0.4516 308 1613 898 2322 7 0.2983 460 1705 666 1929 1 0.2460 404 1653 850 2092 11 0.2131 433 1725 799 1969 9 0.1916 404 1678 677 2083 7 0.1894 336 1714 868 2262 11 0.1601 347 1648 885 2097 10 0.1437 240 2114 330 2336 8 0.0870 391 1472 535 1651 11 0.0838 611 240 904 440 13 0.0814 334 1138 524 1252 13 0.0810 364 1602 791 2050 8 0.0659 410 1486 509 1600
zyD6VqKYEQArknozKmmitQJEjhWqGxZI,3 0.3091 750 1244 1517 1516 7 0.0936 320 1350 744 1597 3 0.0614 37 1669 1993 2393
fJFQvPYYox45PLrSNA8NLUUWwpLbkj7f,14 1.0 0 0 1 1
dotkUqZRBLUFPI1qWxLLM593sxzfiAR5,0 0.9177 1398 935 1691 1217 3 0.0695 1368 939 1691 1221
8PofbbnRmhpNebiDd0qbl0ecF6HfciF0,0 0.6576 1451 789 1774 1125 11 0.5959 984 346 1244 443 8 0.4881 785 1025 832 1072 11 0.3872 812 343 1219 491 3 0.2693 1116 1807 2369 2178 11 0.1977 1682 350 2002 469 13 0.1465 2185 1968 2426 2183
JsqYuj4MXaT51Ik6blRLTplZKeLLdbhz,8 0.1628 1649 2175 1826 2362
eo2ivm6EVuMFlmqWkVz5I7nLL7IsUvpF,11 0.0760 656 740 906 1002
7UDihmu89PDm9qNbUXWjkiapdzxL9a1U,14 1.0 0 0 1 1
HEXk49VGfQyPk5dJYDrXNmVuwrE5PSJA,14 1.0 0 0 1 1
XaCR8QnKNkakLpG2viSnD1ZqSPj26VKA,0 0.3696 1161 770 1470 1074 3 0.1925 880 1324 1920 1764
WQ612PuCVvg2E2b9u9GjmJxHXvU3L1bw,13 0.9938 1808 574 2234 1044 8 0.5826 1904 856 2044 992 13 0.5170 2032 664 2151 755 13 0.4947 1901 649 2193 951 11 0.3421 1637 419 2046 538 11 0.3321 781 485 1174 579 11 0.2553 1582 374 2125 594 7 0.2281 1898 847 2051 994 11 0.2023 1636 436 1945 502 11 0.1817 1929 452 2181 659 13 0.1301 1994 681 2300 985 11 0.1133 967 503 1163 573 0 0.0967 1421 945 1749 1306 13 0.0884 2014 682 2099 754 13 0.0553 1946 654 2117 817
Gj8iyD5gSZDVdAj3GEaiQqjG0zPns425,10 0.9991 1153 520 2002 1993 0 0.9963 1067 762 1345 1099 7 0.9936 1274 541 1701 1187 11 0.9690 1248 485 1668 652 11 0.2903 1246 474 1786 738 10 0.2062 1244 458 1851 1150 4 0.1888 1468 1014 1731 1229 7 0.1247 1377 832 1724 1229 3 0.1039 618 1376 1904 2051 12 0.0746 1269 486 1818 1153
NlHEqYVwTzypGGyaopv1LQ2CwTf9QXhF,14 1.0 0 0 1 1
Cc8OQ3vd8rOGv66RQmRE7SvmyfBg0lUl,14 1.0 0 0 1 1
dF7mP2mzYESZcNybmuUOlRUhED5rnvun,3 0.7477 645 1539 1691 1958 9 0.2609 18 1698 852 2371 0 0.1257 852 5 1313 251 3 0.0749 683 1670 1669 1889
pxijbSMdCNfdQSrukvyysICoZ0SgwQlz,0 0.9958 1133 545 1519 988 10 0.9441 16 2054 144 2367 3 0.9108 633 1338 1921 1988 9 0.8470 858 141 1231 912 8 0.7870 256 1462 309 1529 9 0.5665 0 1641 885 2307 11 0.5613 606 208 923 286 8 0.5070 1322 1252 1364 1294 11 0.4780 5 2089 146 2390 2 0.2944 248 1462 312 1537 10 0.2195 0 2064 87 2397 10 0.1349 1 1866 121 2536 9 0.1104 83 1666 618 2143 9 0.1057 816 224 1120 782 10 0.0871 3 2146 120 2338 9 0.0770 904 85 1297 1442
mGhV9HVaJjHpgYdVZrd6oER8Ik7ksEC3,14 1.0 0 0 1 1
sXLm1Hm3sefzcAYRwR7AQyQ6PU1tSkLM,3 0.2295 800 1485 1813 1996 13 0.1931 1713 1768 1950 1960 8 0.1417 1225 2576 1270 2623
gZySMOOmvESbAglIwWrKRXh0HCW7l3j8,0 0.9957 1007 645 1312 985 7 0.9771 92 432 628 1471 10 0.9676 133 2044 259 2217 9 0.4568 1258 518 1783 932 8 0.3313 1901 1605 1942 1658 13 0.3235 249 1488 486 1620 9 0.2976 1902 1602 1943 1659 12 0.2689 1086 296 1833 907 10 0.2477 114 2011 316 2253 11 0.2063 147 2083 225 2195 11 0.1603 487 295 746 367 9 0.1506 97 1861 870 2252 13 0.1285 1251 529 1711 800 10 0.0968 148 2079 229 2195 11 0.0962 603 297 771 356 12 0.0754 61 313 814 2007 12 0.0695 1253 480 1780 936
88UJMRNsIYFlS4woTenByRs1staPyVvC,11 0.7063 1346 267 1556 321 5 0.2956 1324 483 2146 1932 5 0.0587 1714 1451 2025 1738
bJUSZznuZakzcpeAMg2BKvHidk1brODj,3 0.2160 894 1051 1904 1453 0 0.1787 1098 402 1556 765
MxfqcopgNz3L5GmGnNeusEaKOOuTm8xZ,3 0.2020 687 1208 1456 1669 9 0.1219 32 159 940 1622 7 0.1154 21 307 639 1710
TLv5RXx2hvhIkrZfdOOISb9BLzmnDP1k,14 1.0 0 0 1 1
TXVQYqabtvugQA0fVkygRRhY57R9H6D5,3 0.3965 764 1381 1695 1840
FOJ248uP3J8zmlmOAO2YEPNZBzYyEL6f,14 1.0 0 0 1 1
F5nXFhMP6E0KxRDpW5olicSF7Z78CtJK,0 0.9830 1046 962 1339 1263 3 0.9752 707 1559 1725 1942
CiQ1iaUjJYiRpq6L7Yxb95eSM0ybjDoj,14 1.0 0 0 1 1
JhLNMywQqYbqP0YMzKfhZWhWiirq9SAu,13 0.1546 2049 1065 2172 1165 8 0.1148 2057 1067 2175 1159 9 0.0771 2043 1056 2156 1171
HWiLdBb2ZtEroGQLGppJ5b3IbMvwhHKg,14 1.0 0 0 1 1
d5ZbNSd7r0510F8EtJLv0VHv1t5Bsh5m,10 0.9836 1502 869 2294 2057 3 0.8620 804 1272 1799 1830 7 0.5836 1698 980 2172 1600 10 0.4923 1700 921 2247 1728 7 0.1641 1450 1130 2032 1743 7 0.0917 792 1077 1067 1389 7 0.0664 1607 1062 2065 1501
htspftObRpD6LB5hl59d4Z3eU7spdLY4,14 1.0 0 0 1 1
3oCtKchfKXCoI4pjGlcXBTtubhfxGZNV,14 1.0 0 0 1 1
WGl6SCvEhccssBVwnh76rpw4XeuyLqsm,3 0.2932 745 1346 1471 1748
9iV1CqrgKjEbAQFDRg1BVCEbZs18AZpr,14 1.0 0 0 1 1
ghPNLO1DIJrsVa8TPvOKmsjXNLeCBjkr,14 1.0 0 0 1 1
NZevAANiPRTBwVa6PM4oOPON2DSqYPza,10 0.4774 1719 2060 1810 2201 0 0.4238 1020 855 1234 1092 8 0.3662 570 756 639 846 8 0.1666 1057 848 1248 1091 0 0.1086 884 4 1375 229 13 0.1018 554 743 662 864 8 0.0853 355 1495 421 1558 11 0.0799 1064 430 1273 1030 7 0.0798 571 746 646 853 10 0.0706 1660 1981 1845 2314 7 0.0602 1066 836 1228 1129
0kj8UXQxWICPYTELadsoEj9MBfwqyBd4,8 0.9914 374 1544 435 1604 9 0.1271 1608 634 1993 1301 13 0.0609 369 1541 440 1614
6u1JAToQdjXxYmHJv9Fqbve3RkYmOPS8,0 0.9961 1471 567 1820 903 3 0.9617 1099 1336 2180 1701 8 0.6785 628 949 939 1278 8 0.4492 700 1065 740 1099 2 0.3245 632 948 883 1289 2 0.3231 589 874 1043 1258 13 0.2020 630 922 904 1203 13 0.1439 2248 1422 2465 1564 9 0.1358 625 886 991 1317 8 0.1102 663 1201 700 1232 8 0.0688 507 860 1035 1482 7 0.0618 1802 541 1984 753 13 0.0580 612 890 1005 1283
KyUgPZebNwCH0Q7vc98cuJqgKkyCZGjp,14 1.0 0 0 1 1
pQFNLlg98KDdcYv4r9UZs24KKRbQLW1i,0 0.3134 1043 885 1286 1163
ZgdQwwNMv93OT8mGT7vHq4xemVkU4q2J,0 0.9916 1153 874 1471 1238 11 0.4578 803 472 1046 580 8 0.1035 837 1009 912 1071 13 0.1032 1424 580 1567 803 3 0.0543 813 1664 1718 2135 10 0.0541 90 2215 172 2321
jggaaN1eQZ0MUcoaFP6tQWWu4UZJg1oG,3 0.9982 989 1173 2313 1796 0 0.9761 1217 528 1744 1035 2 0.9067 1305 548 1634 899 5 0.7693 258 297 1292 1866 0 0.2588 902 524 1781 1275 9 0.2557 568 199 1605 1756 7 0.2356 792 502 1207 1629 10 0.2027 2149 1219 2318 1413 2 0.1356 1105 491 1638 935 2 0.1076 1353 710 1554 888 11 0.1017 2098 1183 2382 1609 6 0.0724 742 627 1247 1677 13 0.0627 2114 1268 2304 1400 0 0.0540 1306 509 1952 1736
DAeZ1Y0kNDOx12VyDC4tFMI928hDSzlS,14 1.0 0 0 1 1
va2jkcwIpRf7c7PsCFVKLcsNorp7DWKz,14 1.0 0 0 1 1
UPpWHaxIjjcQ09XX7a12e6ho5ruAS557,11 0.5141 754 569 922 625 11 0.2209 730 550 950 641
rzrTHMOctqXDVaEVFhSVITfAXL9crjy8,14 1.0 0 0 1 1
X0N45nTswtLeFssbHnRs4hzAhYS2BXEB,11 0.3022 1659 277 1860 346 11 0.2313 682 262 1102 449 11 0.1380 1643 261 1926 377
TIl6zOkVtYsVnZYPbJX6kBDtMt0oLGm0,3 0.0688 1256 1354 2402 1865
rqc6yA8uAxUUEj6ZT0JnPhBx4p875Z1V,9 0.1889 0 340 973 1333 7 0.0570 0 378 892 1415
v198yaZ6ADcFifhTVcQs5M92SDr7pGJ2,0 0.9764 1106 792 1361 1064 3 0.8788 823 1446 1771 1816 9 0.7544 1446 545 1511 627 13 0.5128 1438 545 1505 641 2 0.3228 1433 544 1503 626 11 0.2204 1278 468 1535 560 8 0.2036 1439 544 1502 619 8 0.1413 1460 545 1499 602
XCJCfk4CAhhCHtkUwB0YFIUyLxhLomUh,3 0.9554 954 1279 1803 1631 13 0.7480 789 1099 947 1435 0 0.6290 1235 623 1491 953 13 0.4554 826 1125 916 1416 13 0.1789 736 1027 966 1507 8 0.0550 1699 1463 1795 1575
TOK3AtIHohHF68Pd3eSBLh1LgbZMVDjp,14 1.0 0 0 1 1
QNKlynJ3bRzT1kUMta0bDLaVJrnHyPLd,8 0.9879 802 1364 1041 1628 8 0.6015 697 1039 735 1082 8 0.1468 705 998 867 1083 9 0.1353 671 963 929 1101 13 0.1323 621 971 939 1105 8 0.1092 764 2090 908 2252 0 0.1005 1354 809 1652 1130
hAKJ4Rm7EuHeUDisHxuaqCtwftejWHSr,9 0.0692 837 1522 934 1592
mV9ls2QbD62bNqIrcCaXpsA0EuWvgqwy,14 1.0 0 0 1 1
Nbn45WsdDx4RCJNz8yU4dvWDLiZevxlI,0 0.9781 1303 804 1584 1133 3 0.5655 867 1490 1976 2018 11 0.1941 1395 418 1693 540
yMZgPL66GJHfItehA0g3NM4lVO34xNmN,11 0.1451 695 248 1072 341
XSm4T0VjDH4GwhcsUIQIqeuCMD1hzCtT,14 1.0 0 0 1 1
x77MTBz1f2CZ4eSKCkzrRjgwvRydfZ31,3 0.5352 699 1254 1387 1559 9 0.1288 1656 643 1975 935 9 0.0832 143 1074 315 1830
06u61ecP4nFLivkbx2jzdEzhhQNYm4cA,0 0.9749 514 310 982 749 3 0.5962 448 430 1183 998 5 0.3142 835 310 1266 948 3 0.1035 489 642 1123 946 7 0.0939 524 342 703 636 6 0.0546 840 287 1263 977
qHlg6p3dMZhG1E7e8utKZ5Wyapsa7zQe,8 0.6638 343 1368 378 1406 0 0.6362 1276 908 1605 1311 2 0.3212 330 1360 386 1409
chCYvlVjr9wycmXdeowzdyjHPVt6JRtD,11 0.2149 1164 406 1428 526
148y0i1x4u6dGkmZnRyzrEfhc1h4kqv8,11 0.1654 215 232 750 842 7 0.1422 69 299 831 1581 9 0.1298 40 296 569 1250 11 0.1178 43 196 732 1103 9 0.0879 31 1156 804 2257 9 0.0733 70 1108 1923 2330 0 0.0564 45 379 604 1098 3 0.0513 0 1694 1968 2398
nDZTVgY1675U6Rouejc5vcTlRuyQLNGk,11 0.0879 1335 291 1686 365
LasHQmznlcJW9MX7TSUlLRxRbiUrap1D,10 0.9843 1432 1326 2097 2055 0 0.9472 1118 942 1447 1297 11 0.7536 440 594 720 793 10 0.6928 1893 1280 2058 1600 3 0.5238 652 1632 1800 2125 7 0.3733 781 619 986 1030 9 0.3637 173 1866 989 2314 10 0.2153 147 2087 217 2246 11 0.1515 1253 531 1638 648 7 0.1096 1476 1388 1972 1655 11 0.0876 162 2015 235 2199 7 0.0649 136 1773 285 2147 10 0.0635 135 2029 236 2257 11 0.0588 464 576 865 742 11 0.0541 116 1742 290 2259
A8MdU9CYfKUoElqyMZds716YjEZ2LDST,11 0.1537 628 426 876 531
YnNn0Fa17OTZAg9JA3ROEbryhY6Qqwym,3 0.6083 704 1544 1557 1828 0 0.4892 1045 935 1317 1260 9 0.1466 123 1629 819 2380 7 0.0739 101 1590 841 2430
5pOb5QXhtBRaIlp9oMbf33ccee3rwSQo,0 0.1882 1372 753 1698 1119 3 0.0748 918 1641 1930 1958
ZK5K9L8ZrDDZpAVpb4OrMBBa51cslMUQ,3 0.0593 1196 1619 2152 1979
abvJ6vZsZa4tTlZOsutOYf8GXWaxHPqc,11 0.4151 1686 475 1886 625
s8qsQwJOjSUZluR2goilwzJ0zLpG84Zv,0 0.9814 993 591 1261 878
gILxsOip7wiMZTfWw5MFUKcUmPhHvmwu,3 0.9979 993 1839 2387 2383 0 0.9972 1432 788 1896 1377 7 0.3952 166 376 1299 2447 0 0.3667 1154 802 1902 1572 11 0.2397 1655 364 2044 502 7 0.1076 1551 410 2118 1174 7 0.0736 1072 331 1396 1514 11 0.0688 1575 340 2069 686 9 0.0550 1048 353 1506 1396 9 0.0506 1100 450 1721 1722
dcN0PocTP6jLmr5dWEPeUF6IMJn9sayx,14 1.0 0 0 1 1
2Wn7QgS6CFq9LKW5Oj9uSbIVxirE5fqG,3 0.9930 803 1317 1999 1784 8 0.7592 2007 1607 2108 1733 9 0.5528 959 385 1310 1453 9 0.1023 2007 1606 2099 1745
dbWg5XGxwG6Q57xAjENj8AhHtDaq479p,14 1.0 0 0 1 1
bYdo7YahxVXfYosS7hWbtT6dC0OP40cI,14 1.0 0 0 1 1
cYU1U4w7L7FhTWcvqvTNGuokpsfG3hho,0 0.9985 953 614 1248 929 3 0.9984 603 1268 1539 1619 0 0.2533 619 625 1271 1256 0 0.1427 716 583 1248 1022 13 0.1409 286 971 537 1126 13 0.1185 275 960 442 1061
vBAdMjFkZu7bKkwoa4VC3P1E0az0ZcFg,0 0.1137 1457 602 1793 994
gtVWQbBmi1DH1hOkGvug2l2FEu3wtOSx,8 0.1177 2427 529 2484 590 0 0.1089 2298 1777 2517 2070
6heBa56ejrWho1YdacElK4g8T5oqUjd9,9 0.5013 1328 1882 1839 2279 9 0.3111 1362 62 1964 466 13 0.0849 509 1188 597 1237 7 0.0697 1353 1863 1815 2323 9 0.0516 847 0 1970 557
Ma5FUYTrgdi0afVOq57LRyn9Egstbt2D,3 0.5472 803 1196 1620 1527 0 0.2985 1084 501 1297 763 9 0.2674 216 1368 919 1903 7 0.1222 221 1273 932 2339 5 0.0795 317 892 753 1422 10 0.0735 277 1398 348 1521 9 0.0653 41 704 618 2258 7 0.0526 230 1383 901 1918 10 0.0511 193 1313 803 2214
EDWLYCvZJTZGOtXLQ4Dt0DUGZnEG6u6Z,0 0.8664 1679 782 2000 1151 5 0.7563 846 708 1479 1977 3 0.7480 1365 1588 2382 2024 11 0.4131 1339 432 1570 516 11 0.1643 2125 420 2308 571 11 0.1376 815 1450 911 1795
WTxtAnTEhIm6RhD5e6tT1nVZ7axUkbCf,14 1.0 0 0 1 1
aGnKGUkITevvXmgNjPpGBguVaY0LlV1x,0 0.9852 1135 715 1430 1029 3 0.9662 770 1450 2017 2050 2 0.9129 1458 488 1582 584 8 0.8377 1461 482 1572 589 11 0.6850 1237 398 1593 539 11 0.6670 1337 408 1614 476 11 0.6568 1510 416 1659 482 11 0.4261 1455 405 1641 463 11 0.3622 1376 411 1573 458 13 0.3286 1444 457 1581 594 7 0.1986 1842 1079 1970 1216 11 0.1330 1420 397 1578 444 3 0.1167 799 1586 2093 2389 8 0.1095 1531 702 1578 780 0 0.0942 833 723 1431 1363 10 0.0920 2013 1694 2138 1905 10 0.0786 1214 1560 2122 2432 11 0.0746 1464 404 1699 507 9 0.0712 1640 1647 2144 2192 9 0.0657 1459 489 1574 595 7 0.0549 1570 1612 2110 2161
JUjOupTKueAgGzSIjoRzcyPCOgSrqK6H,3 0.3789 1144 1586 2319 2055
j7kwSf46NELoTgV8vhYyKzXKNUk2f0Qq,0 0.9991 1167 889 1517 1281 3 0.9990 692 1377 1971 1924 7 0.9638 258 1062 843 1826 7 0.9396 1495 949 2176 1966 7 0.6147 176 676 1019 1928 6 0.5537 1611 999 2073 1600 6 0.3320 1373 816 2178 1928 9 0.2955 293 1175 855 1752 7 0.2472 1492 1005 2096 1567 6 0.1461 193 809 942 1935 9 0.1284 43 549 1174 1952 4 0.1179 1527 904 2198 1915 6 0.1109 364 1179 904 1769 7 0.1102 1656 1262 2193 1936 8 0.0878 1192 904 1551 1351 5 0.0562 160 705 983 1927 7 0.0552 1804 1044 2040 1360
ApJ6OGTF5XZPNW47duKPEDdpMp4lEr4e,14 1.0 0 0 1 1
nDYlxSulkIhKa2hjVF1vNVywaKIyl3tm,5 0.4500 81 600 1114 1845
1UJc3yXPMrfELXzYOLJSLR0fArqnpax2,14 1.0 0 0 1 1
wQwbTrfkuGOHosHPdwkrnWyRNOfaeOVK,14 1.0 0 0 1 1
SvDtvQuL8ULjy82f0PoFw8SOiOVeNgnr,0 0.9548 1338 873 1585 1163 3 0.1370 941 1494 2020 1963 10 0.1362 2136 1941 2220 2069
v99SRNwER5zM6Np5Epow8OaufiDKCbPB,14 1.0 0 0 1 1
VrtPI9n31hhTtEA1hAwR3829HRK5DVfF,3 0.0583 1158 1499 2032 1964
AXp4yCPPfBZvo7AxiGHmUmCMcg0rhszp,0 0.8128 754 1042 1386 1686 11 0.4134 536 722 828 827 0 0.0965 1071 1019 1362 1346
iC2cidAykAMDJKxWrGylQZsWWpKWLvVM,14 1.0 0 0 1 1
5kcF8ctsCV6frk9M9enRyuKEWBXPpm17,7 0.4600 188 561 646 1426 10 0.2600 205 1367 415 1686 6 0.1313 192 564 635 1421 6 0.0988 231 640 556 1186 9 0.0557 196 637 507 1110
M1tkpucCsI4MivxqxyxiP8JnFjJqViO5,10 0.9554 204 2304 336 2490 2 0.8230 1508 888 1594 1049 7 0.6493 354 1965 834 2323 0 0.4282 1246 780 1647 1196 9 0.3145 348 1991 795 2334 11 0.1403 215 2319 342 2502 9 0.1246 233 1924 997 2445 13 0.0912 1515 904 1600 1052 10 0.0761 254 2376 315 2456
ltZn0G0k41DmxlLEXI3i0U3uSiBaUARw,14 1.0 0 0 1 1
cliTvhBmJHjNni5fgQnkntdJq4aGub47,3 0.9122 937 1366 2123 1798 0 0.8328 1380 584 1746 991 6 0.7863 1865 557 2168 859 0 0.1346 1049 650 1750 1193 13 0.0534 1981 653 2165 842
098RJayLq9JCxAGK5XSEJWZGO0bN9W6j,9 0.1141 0 1796 97 2259
JpmW2eFkz0gdss0s1TyMpFxudJuVQCgi,5 0.7258 0 148 1081 2006 3 0.5334 706 1223 1784 1822 5 0.4474 1234 694 2021 1865 2 0.1754 1244 532 1458 833 5 0.1225 245 255 1904 2004 0 0.0613 1066 522 1483 946
16JioGV7fc2XTQAMxQosCaDHP6k5Z3md,3 0.4860 1109 1410 2099 1817 0 0.0762 1416 795 1683 1057
z4OcRCUBCbCyF7Iv6T4etbUMXjN2i2qD,5 0.0780 2012 730 2651 1898 7 0.0710 1414 293 1631 905
iMrZKCW4LPQFf92wVg0SIzh3Q1SJB7Gu,3 0.9654 995 1433 2093 1826 0 0.9244 1309 786 1579 1090 2 0.3650 1446 844 1561 1037 11 0.1755 1556 440 1783 490
XODNX5vYIz6iJuzWBgFaA9Ck6HwVHy8U,0 0.9787 829 995 1055 1265 3 0.7074 538 1632 1333 2029 11 0.6860 933 808 1237 906 11 0.0911 344 754 682 888 3 0.0630 528 0 1302 163 0 0.0616 933 4 1375 153 0 0.0521 1113 2 1345 145
nN4EzAZJawjTW3j3gqREHMWCwaW3vuCO,14 1.0 0 0 1 1
kYo6i7coECN6m5OEMPhF84NqNF5pSh80,14 1.0 0 0 1 1
hhYaUcDP9bqOuoWUxkuatTsM5xvWHpzA,14 1.0 0 0 1 1
gu3Vf0Aq5KCxTtkOxG1FCyFrq9BqMW9D,11 0.8578 710 367 857 417 9 0.2591 1689 1812 1750 1900 8 0.0518 1263 1855 1344 1958
qjz0nj3WmvCNOITJrBmYbOzpEVfb05g1,14 1.0 0 0 1 1
8X5jOXpgEjQsSLXo3gdSzrWuzvz9uqs9,14 1.0 0 0 1 1
ugaaaQ75KO1zx1GfHvIuqQAltHJYYlqg,11 0.7298 1701 342 1989 452 3 0.5177 959 1715 2231 2232 11 0.4759 1786 348 1968 427 11 0.0890 1832 360 1947 414 11 0.0583 862 324 1259 474
pW8Ga94uzl61VA6kDyLj8g7pDTCT1B3M,8 0.0528 550 629 591 676
wA3Brf1jAyFHMm5dzmOFdVgH5yljPbDm,0 0.8480 954 915 1594 1611
BQQUKPyT5ThaSzd23B3jOJzjWWf3d0XD,11 0.6425 663 85 1006 201 3 0.1173 926 1589 2133 2192
TbbbZF3sQCCkLQlHwIyMNYQHDp0NvF5M,13 0.0523 465 819 685 966
7oRppCw4KLxR4LCXLcW5ijv8DRKZ3EQ0,3 0.9326 809 1596 1654 2029 11 0.8021 1379 524 1604 587 2 0.3480 417 1484 502 1566 11 0.1294 1384 571 1558 633 10 0.1044 134 2105 207 2248 11 0.0727 804 499 979 557
wGNpUWymqzfJqtpt1qy6177G0Cqrr5Vn,11 0.0780 344 242 723 615
3auKmTQUQNcKzR25AgYnmlkQ3BHCETrZ,0 0.4316 1202 635 1417 876 11 0.1554 1444 278 1690 399 11 0.0526 848 305 1043 385
AHHCESaOcoTLjPeWQjCYnam5iKAIKHft,11 0.9755 892 435 1286 627 0 0.9161 1620 973 1905 1258 7 0.6800 1930 1715 2591 2478 10 0.5888 2340 2104 2558 2388 11 0.5649 1827 505 2134 603 3 0.4896 1337 1766 2305 2330 5 0.4879 1847 1444 2519 2316 11 0.4647 1910 516 2104 593 6 0.3395 1904 1644 2593 2311 13 0.2771 1169 497 1415 971 8 0.2595 1976 1671 2178 1866 2 0.2314 1781 1046 1875 1173 5 0.1916 1962 1818 2561 2493 7 0.1705 1872 1654 2380 2217 7 0.1570 2077 1976 2545 2519 6 0.1045 1993 1823 2526 2458 7 0.1043 2212 2069 2522 2356 8 0.1020 2026 1750 2145 1848 7 0.0851 1900 1871 2476 2303 8 0.0845 1836 1676 2259 2172 2 0.0753 1889 564 2163 898 11 0.0735 2377 2131 2573 2450 1 0.0701 1853 1959 2615 2492 11 0.0617 956 452 1326 568 7 0.0599 2317 2075 2559 2456 13 0.0586 969 493 1272 678 9 0.0581 2277 2133 2615 2426 10 0.0530 435 2491 537 2634
NxGBKChvUoPMOtgCZcvGLvfsfYUGAZOQ,3 0.9326 692 1515 1840 2033 11 0.2701 644 423 813 479 0 0.1338 1130 813 1420 1122
tajzv5VNPEdgiD1vU5C58WR14o16BOrS,0 0.9783 931 699 1191 977 8 0.5047 154 902 588 1696 8 0.3759 362 1365 431 1437 11 0.3646 551 422 757 470 8 0.2819 316 1281 391 1368 3 0.2244 691 1273 1520 1618 8 0.1480 336 1199 388 1253 9 0.1453 37 1345 870 2385 8 0.1195 280 1414 341 1491 9 0.1009 766 708 829 818 8 0.0789 355 1321 388 1358
uquNaIUo7qUQt7HG82coa9QHM2bsGNFl,5 0.0680 151 347 1068 1792 3 0.0501 847 1376 1956 1821
SVwUWmJv0JPnyN02rqxQX4UehFlMgOkK,14 1.0 0 0 1 1
3hrqI7YLItEVJGseZwH3sbb2aevETBoe,3 0.4083 683 1231 1483 1490 9 0.3915 14 512 701 2177 7 0.1420 46 215 838 1561 9 0.0653 0 67 726 1337
06bE64CZAu3P6nVrDpIbjVV1VVwEyW8n,9 0.0855 1385 449 1860 1140
u8UqlhLWD3jOFE0EohXlwiQVB35232j8,8 0.6208 2400 2299 2445 2336 11 0.2675 821 420 1106 474
2axaQ0QZ0Vd43YXYFVpFSsJpLONh06BF,14 1.0 0 0 1 1
P6iLyiA3jVACwyoZP5chzTdZ4bZ1t9oh,0 0.3608 1287 757 1591 1155
1Aa7fiSjcG5iTcrMvfrHNLplGtvwvSSJ,0 0.9945 1038 596 1373 993 0 0.8823 736 604 1380 1167 3 0.6558 725 1297 1793 1796 11 0.5916 659 320 894 434 0 0.1017 804 528 1446 1495 9 0.0564 0 1 551 194 9 0.0518 423 0 863 316
AFh2rSYNhh2BDecveUDhcEhYpNvURtzn,14 1.0 0 0 1 1
QVh9HH9Ntzo2WflR4eKBekGReupzVTjI,14 1.0 0 0 1 1
yV1d3JZj94X9rZQBUv320gF38eksnqgf,0 0.9691 1197 829 1517 1206 8 0.7846 1867 1843 1968 1951 7 0.1229 1862 1853 1967 1948
XqpvrNuH5yopubE5Y7ZMMiJwHoT3OwWD,14 1.0 0 0 1 1
4TZfh180vX2vZwM8osDM8JaecJw7PmBv,5 0.4368 78 232 950 1804 5 0.1101 1211 329 2043 1917
Cq41kN1Nu6voDjWRXq2sxkIuCGthdmiE,14 1.0 0 0 1 1
6ZclB17FWUXAnG1SRenW47Uvgtk1BtnW,3 0.8399 643 1570 1485 1992 8 0.1071 339 1643 411 1719 2 0.0558 1071 1050 1124 1126
5AXHMYnb42a8nbJm24o0q6zC4SsXB7z9,14 1.0 0 0 1 1
DnBpZSrgKdPGBYknmPjwWi711bb6Rrrp,14 1.0 0 0 1 1
Zz4ZAeJLR6WU3gwypDI6LsvWZVyCBA3V,14 1.0 0 0 1 1
sQiaFASDpppmezrlyPijoIcsoaOQh6ip,8 0.3640 1725 1049 1770 1092 11 0.2064 651 469 996 566
TcVZBCljxzTsyxzjxQgbdcct2lLvRGPZ,0 0.7146 952 776 1512 1442 0 0.4160 1196 764 1535 1154 11 0.0592 520 255 909 497
BIW8b1TVKcMzdVHDaY9D8dcTKlu496DS,9 0.7295 1549 1043 1781 1354 3 0.6268 1115 1425 2102 1872 11 0.0613 1614 645 1824 694
ys0H5K7RGsr3wZcSAG8OY7iLBR8A88k6,0 0.7320 1085 635 1355 922 5 0.0629 448 463 842 935
ajpNNLUjwdSLdWqX6Cl7Qw7aD1a8EYvM,11 0.7441 744 326 1021 435 9 0.6945 103 1838 877 2406 11 0.6798 2146 1793 2347 2116 3 0.5990 902 1544 2059 2060 10 0.2123 2177 1850 2333 2106 0 0.1914 1231 679 1592 1041 9 0.1837 897 1322 1447 2685 11 0.1536 1419 319 1747 415 8 0.1033 1746 2721 1915 2796 11 0.1016 1529 338 1746 404 10 0.0556 2111 1775 2325 2120
jivgfeIDxGpeZEglDogs8w0TnGtBDTQj,14 1.0 0 0 1 1
MAw6HTa2RPj3N74bHZUS7uWLCxqE5Q0Y,9 0.0716 684 729 745 768 8 0.0656 685 725 742 770 9 0.0531 208 1637 995 2356
kgjG4l2FLEsDy1ZIXabkrDPJVYMq5669,14 1.0 0 0 1 1
kFN8cwQHiFNXcCDp55HC4iCmn5NbJP6j,0 0.9815 1153 703 1394 970 3 0.9765 918 1333 1798 1747 7 0.1050 1655 1332 1923 1779 7 0.0857 1697 1468 1904 1751 5 0.0778 1515 1288 1923 1788 8 0.0541 456 1209 495 1245
hwC6TgdTiB7BRuOTJSWIjumTmVS4XMyi,14 1.0 0 0 1 1
ce5aKtBTKoW1MJnNf0tSMO1KlUZ6YWLG,14 1.0 0 0 1 1
hZ17T2FE0XgoWoFiSa5KSTSnKj7jMSCB,14 1.0 0 0 1 1
jnXA72TxJSWy69F1tqRyQFYpfdsvRa4M,3 0.5843 871 1401 1935 1902 0 0.1253 1235 671 1535 1011 7 0.0623 523 235 940 636
ifBJsoY38aM7zoiucT6zvhBexyHxHRND,0 0.0716 1246 747 1554 1048
0flLH48vhlBrIkcnoxSzuCRMMhmrIiLo,8 0.7651 322 1387 418 1500 9 0.1863 90 1413 898 2425 0 0.1463 926 0 1388 329 7 0.0631 309 1391 422 1503 0 0.0561 945 1 1342 169 9 0.0511 123 1541 893 2014
xzW2BkwC2yVVymLaAGkAwg3xEEkTWTOy,3 0.9953 674 1330 1803 1815
ltP6DN55RrvYjcwowklV9mRW2LCdqeI3,0 0.8511 981 10 1432 312 10 0.6503 252 1857 326 1991
sxZJBiP4XvoMK6f6t1upr4bYCkSPFMm5,13 0.9555 1560 931 1610 967 8 0.2351 696 1049 754 1108 8 0.1779 490 1712 546 1747 3 0.1544 760 1496 1534 1790
xWUbCQegUIwIxHlHf1yUBdfBZZMlxKhq,14 1.0 0 0 1 1
IXEzKDBR09p3YvwMusYPNvInWeOJcK57,3 0.6500 995 1620 2045 2006
lSFIIu5kc9hlr5l84En4TyC6KACVsjbA,11 0.8198 559 360 1000 568 11 0.7639 662 379 1000 474 11 0.1718 1373 322 1708 438 11 0.0880 489 390 820 614
nUeSRJskTWWLPxRuuwW1ixUyvob25zKh,8 0.8182 1692 1494 1762 1563 11 0.4803 647 458 878 529 5 0.4380 325 551 800 1953 11 0.3847 545 475 878 540 0 0.2805 1065 783 1334 1052 9 0.1044 1205 1886 1694 2051 10 0.0773 216 2199 313 2322 11 0.0524 529 487 757 548
UMIIo08pW33vykwbf09ljcMlhxQYGlfx,14 1.0 0 0 1 1
Yk2rckli6r9p5MezRUP1VhIdV772pNAt,14 1.0 0 0 1 1
Gqzv9IC6K1tzXIzShsPbI4wQsyMkm57M,0 0.4875 1379 849 1641 1140 0 0.2756 1132 856 1695 1375 3 0.1364 1018 1560 2019 2021 13 0.0902 1987 1514 2245 1651 13 0.0728 2044 1525 2233 1605
HMXRqljtLAKzavdGdBbSDx7Rni5KjJwV,14 1.0 0 0 1 1
MiSJ3FS03dYZcpwSoQ6kAy9McmYvxCYi,14 1.0 0 0 1 1
Qvnz2Q5H8pw3rOD287OWoqM6ElCmAebJ,7 0.1164 17 71 352 728 9 0.0858 2 0 365 146 9 0.0555 4 61 377 704
PPdDW6EEC7sbpPfyC3f2lFf31SoobG9J,14 1.0 0 0 1 1
zXwIIBTQEsjHkw0jNJzfaQa91WFsdABj,11 0.0569 886 484 1155 559
FDl5Hj9UysgHkCSKso8lVgpfPn5cy68d,14 1.0 0 0 1 1
9YgSOQLit28jXw1VDwsVW7bfquEa6uv6,13 0.1978 137 1127 302 1193
q7dcRfbUDNrLPrpcQOpz15s9ZvZ6KemG,0 0.0508 1274 867 1505 1114
bX8jJY6Y97PajMCckbjnqD8Lu1JCvV7c,11 0.2578 885 184 1228 312 13 0.1209 415 1560 819 1804
2VuqHz99xtdtyusva9WpuP3Rm9nGsXxH,11 0.8886 1035 568 1433 719 0 0.8850 1667 952 1917 1217 11 0.8447 1181 575 1424 637 11 0.8281 1918 585 2170 653 11 0.1875 1870 591 2045 634 11 0.1095 1283 577 1442 661 5 0.0992 686 780 1424 2059 11 0.0970 1952 579 2218 697 2 0.0695 1773 1030 1900 1210
NXj90tk0tK0zTjjejZxXbnFl2Q3uuryF,13 0.0689 1563 641 1715 823
IyJ9qV0D37ksnjdNF6gXmXixOdNeLST2,7 0.8183 1640 1582 2139 2056 6 0.6479 1732 1551 2148 2038 4 0.1431 1710 1484 2105 2028 7 0.1404 1798 1675 2122 2007 13 0.1127 406 1359 507 1416 9 0.0836 446 1726 547 1828 9 0.0694 409 1709 761 1904 13 0.0556 1599 1532 2110 2021 13 0.0537 1778 1699 2121 1978
ylhbdvEO0GZPRkurVP1l78R2OsfvrGYF,0 0.8001 1140 548 1425 797
YKuUPrIW0CUNflLqjbbqOTWJBlZg92GG,14 1.0 0 0 1 1
QZf4dvPr6cAj1fg5tWO5IA9IrfCZr4Zn,0 0.7167 1422 781 1743 1174 3 0.3949 1085 1460 2106 1885
OcSdhnyoH74jQHwVxbLiOFvlfAKoB1Vp,0 0.9945 894 611 1126 888 3 0.9566 589 1312 1539 1767 13 0.1003 990 1170 1217 1849 11 0.0724 338 279 625 344 9 0.0625 877 1280 1205 1827 8 0.0616 117 1567 180 1640
FF5ci5hzWRKfsHeMqfq86YQxxBQP2aZO,9 0.1052 1676 716 2410 1266 6 0.0935 1704 674 2377 1436
AlJ8JOuOUlFHnVMgohmK0goEH8ZE6nV0,3 0.9638 803 1174 1758 1567 0 0.9512 1093 698 1322 949 10 0.4616 1905 1424 2003 1567 7 0.0628 612 1013 940 1408
JP07E3CLdqQBk5lx5WgZHCrhu51Vf76B,3 0.9917 717 1027 1528 1325 0 0.5914 970 441 1175 646 8 0.0517 409 989 491 1073
30RciF5PA9RVumNH3COd1ckwM7thH3aM,14 1.0 0 0 1 1
u62oehzCQRsSfYvw5v13Phvxuj26Je5c,3 0.6479 652 1359 1538 1744 11 0.5920 743 244 880 312 11 0.4221 628 224 862 303 0 0.3811 1005 587 1274 883 11 0.2577 696 237 859 292 11 0.1378 589 215 866 356 8 0.1101 359 1459 444 1550
UYFFNmNnfBxYv6PSMRGQdJtT1s3NY7ja,7 0.3965 757 1446 1076 1840 6 0.3232 750 1447 1100 1829 9 0.2720 681 883 854 1094 13 0.1289 707 851 922 1074 13 0.1173 771 1430 1095 1794
UmsXMhObLuTkayrbhTK7UBSXwgRQLuiJ,7 0.9523 646 467 992 776 9 0.9069 604 503 916 774 13 0.8655 1669 1616 1872 1761 11 0.8637 666 411 1009 538 6 0.8518 645 583 865 776 7 0.7976 679 637 789 737 8 0.7911 420 1470 477 1535 3 0.7670 863 1570 1706 1911 6 0.7625 623 404 1010 813 8 0.5300 688 652 777 737 0 0.3282 1165 813 1419 1100 7 0.1833 631 552 863 759 7 0.1664 414 1462 485 1540 13 0.1397 615 425 1005 830 11 0.1177 1342 463 1610 578 8 0.0993 781 593 869 686 9 0.0793 686 654 779 736 11 0.0783 636 434 829 546 11 0.0711 713 432 980 503 8 0.0578 444 1091 496 1144 13 0.0540 1617 1593 1900 1810
sgezu0DCZkmfLQT0tbdP9jeZ5Y4BTvSw,8 0.7307 401 998 452 1068 3 0.2060 930 1546 1802 1947
MFTevXhWXLERZkCQkSNNpLfKw9VysGiW,0 0.8943 1406 739 1743 1126 11 0.1572 659 175 1126 386
soTVj0vLzvVWokUIfXYg6vrXFFIo7B89,13 0.0531 177 1154 317 1198
S7aGV3Hm3JqTb77ngqR5fTygPWrJuaZE,3 0.9605 1233 1597 2419 2139 10 0.0774 2300 1814 2565 2165
OQnhEArOPeA4XK5lgdiudumVtrSFH1Az,3 0.1721 809 985 1524 1295 9 0.1214 0 281 719 1700 3 0.0877 219 1326 1869 2403
KdXFDvT0rVa3iQ8HHwvsekvVRJw3RHxc,0 0.0932 1213 1003 1557 1370
ykwLxAMS0ESEzT14R7GPfJpgwyVhPs11,14 1.0 0 0 1 1
fJkwpw1NRQoTEwdzRx6ZMJp0l551lGWE,4 0.9653 335 1077 888 1784 3 0.8444 575 1217 1524 1779 7 0.6795 396 962 889 1458 7 0.5989 261 948 954 1892 6 0.5952 391 945 902 1536 9 0.2172 184 468 1071 1888 6 0.1810 286 873 925 1858 4 0.1305 412 1205 800 1656 12 0.1095 150 466 1029 1923 7 0.0976 428 1054 833 1335 9 0.0909 1121 572 1903 1695 4 0.0714 538 1140 864 1575 10 0.0704 241 816 994 2070 9 0.0697 1234 806 1689 1581 9 0.0693 802 417 1208 1370 4 0.0607 256 1002 1123 1934 1 0.0524 416 1155 830 1668 4 0.0515 571 1094 889 1418 7 0.0513 1218 904 1677 1755
Kp68LxlDRpNTeOUnA3yI8lI7yN7QunRs,3 0.0873 1369 1278 2462 1856 9 0.0638 1415 105 1973 1690
lI3DhKLgbo25zd395t0rKJfMghBpX5KE,14 1.0 0 0 1 1
Yp2Aq0jZHrAfBpAmEQ9AbiZJOeWyKWNW,14 1.0 0 0 1 1
VcV3kZzuInFwpaYVvXPrTg9DN1OsvNQ6,8 0.0729 1070 576 1169 689 8 0.0682 1726 2127 2004 2416
NshSMoNLJTX8jAQHax4iJEN1AxzqeBZe,14 1.0 0 0 1 1
IMdwOEHh5kVRG8x0qU3X9rCjHyTQCe6g,10 0.9854 1032 694 1794 1755 10 0.9779 57 1667 499 1907 12 0.9413 1027 368 1658 1004 10 0.8926 40 1655 217 1904 7 0.8748 1133 922 1553 1108 13 0.8661 113 1490 495 1694 10 0.8636 45 1592 180 1842 11 0.8414 51 1633 191 1871 7 0.7594 70 1512 520 1775 6 0.7239 158 1427 583 1733 10 0.5562 30 1563 545 1991 0 0.3430 851 761 1152 1064 11 0.3253 1031 402 1191 562 11 0.2579 1249 341 1529 472 10 0.2453 1119 818 1742 1439 10 0.2304 11 1513 281 1937 9 0.2119 4 967 99 1893 11 0.1990 40 1528 228 1909 7 0.1788 112 1681 501 1826 0 0.1435 598 761 1164 1192 9 0.1394 121 1512 518 1741 7 0.1308 107 1375 614 1754 10 0.1282 60 1656 153 1824 3 0.1109 484 1248 1930 2048 8 0.0883 868 765 1152 1183 8 0.0788 687 755 1164 1327 7 0.0734 94 1547 241 1738 9 0.0630 1032 367 1670 1000 5 0.0619 98 1358 532 1727 11 0.0587 72 1502 245 1727 4 0.0551 1132 883 1523 1144 7 0.0526 1156 929 1626 1248
RmDND10ThKshLkTTDpQoi08CROuRue73,3 0.4273 747 1259 1664 1635 3 0.0836 118 1514 1970 2397 9 0.0616 166 1403 1110 2260 11 0.0545 1323 468 1500 518
UpbtMp4BqatnextyvaZzIaMTwPBfmfSk,14 1.0 0 0 1 1
Xz682CQI2FC9Asea4a3Fp0aWtptm6caU,14 1.0 0 0 1 1
BrJY7l4Js1wdXhx9xj1y1qa6pj6TEnWM,11 0.7162 392 1729 1073 2123 0 0.6656 1212 733 1502 1012 9 0.6407 265 1748 1022 2312 9 0.3328 420 1767 833 2126 7 0.2364 237 1781 1180 2414 9 0.2314 979 661 1545 2305 7 0.2149 428 1803 962 2148 11 0.1348 874 258 1068 312 11 0.1131 770 253 1022 327 11 0.0836 779 273 960 325 8 0.0764 241 1720 1158 2444 8 0.0742 890 1510 1574 2345 11 0.0740 424 1798 836 2108 1 0.0630 224 1592 1213 2330 9 0.0595 162 1875 738 2358
hm758dfvffNsddX3XUGsJwXa6XkBsuro,14 1.0 0 0 1 1
shLS1RRpmd1J3oDxm3ASNxOttfiSOphT,14 1.0 0 0 1 1
EPUiPhrPqemibB43BvpGniiBVOFtl8e0,14 1.0 0 0 1 1
0uPs2X9nxL45xEzUsq6VSsuBz7qq2Hmc,14 1.0 0 0 1 1
Y8f0NGNWXCOyBmTJ1HFAtOplvzdpzChK,5 0.6317 1176 345 2111 2322 11 0.5084 1245 371 1562 478 5 0.4389 1487 1139 2111 2200 11 0.1451 1245 355 1634 530 11 0.0881 1298 390 1537 457
xjJRqEGH2COBcpJwVVmvF4GnhQAG57rW,0 0.5550 1030 493 1201 673 3 0.0584 57 1889 1994 2430
WirMKjoF1SMmaM1QvHlu8vnylnwxkcIk,3 0.5844 829 1215 1584 1510 11 0.1649 1615 1352 1870 1674 8 0.1428 441 710 622 877 3 0.1258 215 1538 1919 2403 7 0.1199 1492 1358 1860 1794 10 0.1176 1627 1357 1859 1672 7 0.1049 437 730 620 877 10 0.0949 1351 1313 1895 2269 9 0.0910 1503 1388 1866 1774 10 0.0563 326 1417 821 1763 11 0.0546 660 252 866 306
hXfG0W2LyzSRvxa0qpcsngZthfYjyEB0,0 0.9589 1027 642 1302 929 11 0.2006 1125 374 1253 462 11 0.1658 726 371 856 418
YKBt1wmbuCrZENhKfa17LLEfpANjI4vA,7 0.3300 244 643 718 1227 8 0.1818 214 510 737 1235 3 0.1024 827 1545 1671 1814 9 0.0720 0 243 787 1292
74TqDoyuiI36AnQ723fJaEbeUe5bkEuv,8 0.2578 2237 1631 2450 1813 8 0.2140 916 1159 1033 1253 7 0.1252 900 1165 1027 1259 9 0.0782 905 1161 1026 1264
WEeIXHjvxSSqTDAAiFng69iFAKWWOeER,14 1.0 0 0 1 1
WF9giHILt0VMNNVZCRrbuCF8RRFDjMBS,0 0.5889 1198 595 1527 964
KM0BnbNcsKmEsbeDgiMrMcgL1Phw8etc,14 1.0 0 0 1 1
UXBfWNxLYkwiMr5wPvuiqWzH9kgbe1ss,0 0.3543 1685 821 1960 1075 11 0.1069 1065 407 1366 478
GiMImCVIRZWrQ3IkQHp15ji53RQib394,0 0.9957 1290 701 1531 968 10 0.6604 221 2090 311 2212 11 0.2764 1629 341 1863 457 3 0.2537 1030 1540 1945 1955
53gSNHYI23CcNns0vAmCS5TGUro3B8Os,14 1.0 0 0 1 1
Gj11fSYtj4eHRwjmVVLzWgR001ZuDtaH,14 1.0 0 0 1 1
aYi1SsJDvXO7ehq8Ia07qRxjVRq1IMgX,10 0.7255 2108 1888 2226 2063
1Gb5fUM44LNm0c3FVjGTwJcVvf9X3Ahp,0 0.9945 1096 937 1414 1302 7 0.9920 734 656 968 1008 3 0.9214 643 1532 1924 2049 10 0.9164 1373 1339 2103 2043 10 0.3136 1321 1420 1850 1922 11 0.2947 1373 526 1591 638 11 0.2269 396 715 509 811 10 0.1286 1865 1328 2058 1654 8 0.0931 285 1826 343 1886 9 0.0897 735 638 961 1086 8 0.0640 744 688 948 948
J6wpcNMHgo7Es1chyS3l9TQNrbeXKRUp,14 1.0 0 0 1 1
ac0vAyKCcVhcmadzI5Qg9a71S0QHEFu7,10 0.9655 521 2137 604 2298 11 0.2381 513 2140 615 2318
mm4VMgj3yHm7RPAOqdFCoLANlU9KCY7P,0 0.9976 1119 967 1415 1331 3 0.9707 781 1633 1752 2021 11 0.1563 743 642 925 695 9 0.1010 122 1294 157 1349
KsnJwOziqcHwxcwxrTEX4jh1CdKtCwXc,7 0.2207 898 759 1186 1669
h3MHzJUGa2NdqmLgcnJRkQ9DB0u4cgJQ,8 0.9820 1820 1512 1963 1672 7 0.2773 1822 1507 1968 1684
zJB2WUkwduTXD8MSqxf5TpANOucs5uqL,14 1.0 0 0 1 1
52aQfFNwITwq9InwIDIcDd4leGlfydnc,0 0.9854 1029 487 1329 882 3 0.6412 725 1325 1589 1726 8 0.4062 146 297 882 1852 7 0.3997 549 341 750 493 7 0.2277 620 1065 817 1413 13 0.1693 411 920 663 1052 5 0.1657 198 423 865 1746 11 0.1360 729 196 879 250 11 0.0807 1179 210 1351 271 7 0.0702 1348 276 1608 488 13 0.0669 510 792 745 925 10 0.0643 102 1742 212 1886 5 0.0565 163 763 638 1727
75FolLcDUEhflRgKYg04goSeZZ0hL6L3,7 0.0719 2138 1499 2272 1620
cIaYoc7yTBT3pxiodeEr83AY2thImt2M,14 1.0 0 0 1 1
5wTIUK7y6dsgzQXjmyvrWd9crnqTi6y9,11 0.4422 1924 392 2225 494
ebIj5nkDtF7etIz5t23R4SYxxdNUoHHg,13 0.1046 536 1507 849 1837
KjQMt4HTtaN1G61TZGGfTT1qyJnuzGuR,0 0.1975 968 781 1174 989
FC5MrfRVEBE4hNaoo2IkDIvVfULjww4F,11 0.8383 521 400 869 501 3 0.3734 823 1696 1803 2200 11 0.0643 428 402 755 549
2NqAgypcrrAnlP0TZg42JnPKRkPDgWcx,14 1.0 0 0 1 1
gitTDNvtYj92xpQanC5JtTCfuEYYwFo9,14 1.0 0 0 1 1
g9O11lqmRxK0JQRiDEeFyUxxirxo9PN0,13 0.5267 563 1128 644 1198 3 0.1628 764 1007 1506 1293 3 0.0542 206 1396 1901 2396
PGQLdYxgR6VKBSRpMMOikmdYS3j1NkZx,3 0.2771 740 1190 1749 1625
U0PlLj0yMVCVADsHWFS47b9WXAr6Kc22,11 0.4337 1498 302 1685 452
qtTNEy8DtmxyFESyzWqL3Fa8DMLwrUCP,14 1.0 0 0 1 1
YEdch91Ej9nMJwShceIOilOcnAIONj4L,0 0.7956 1285 830 1560 1154 11 0.1906 1720 524 1880 651 11 0.0675 1530 472 1878 638
faSQHofQPTBMqohnbIhjmnSCYj0EmwRz,0 0.9944 1200 847 1441 1090
XnPoC9MNkeEcLQNKmRO3ofnN6CZqhX0u,8 0.2467 429 1679 542 1785 3 0.1183 1063 1525 2088 1957
mjHixbutqEMGliNndZhDN97aoZ3uOAOH,9 0.3339 4 0 233 122 0 0.1699 1527 714 1878 1078 3 0.1539 1016 1691 2385 2258 9 0.0935 1831 0 2557 319 11 0.0516 1656 363 1926 514
g6ALzfpALH4qj2XrsIgjcgOuKtejSuR4,0 0.9842 1334 667 1631 981 3 0.9629 1002 1529 1983 2019 9 0.5476 2077 1377 2154 1516 8 0.4582 821 1574 975 1759 5 0.3714 1696 1081 2175 2017 6 0.1472 1716 1335 2169 2015 13 0.1301 796 1711 1006 1845 7 0.1209 2084 1369 2160 1503 5 0.0847 695 1446 1056 1911 8 0.0691 712 1778 765 1847
Y4eXFHlBUWskKBjcriPlaTPPQyQegQZw,11 0.4590 1169 510 1319 566 3 0.4019 715 1552 1515 1828 11 0.1891 1151 497 1354 580 7 0.1100 257 1328 594 1794 11 0.0937 1052 484 1292 762
2Ql1CNzZpvUK8ZK21gHFapP7bCpQkYzo,0 0.6614 1098 797 1343 1062
V8HLKIAs7Ng7YJAyyaEngsofFDKC8aja,3 0.9539 737 1426 1548 1759
03VzPTx89ZfZ6CJO8W3lcIH96lycrvh0,3 0.4090 1068 1516 2092 1971 13 0.2625 886 1467 1175 1677 11 0.0631 1642 393 1834 462
zwXOiAmxceDTVYJRqteDFwsB1RW2SBz9,3 0.9833 881 1324 2069 1789 0 0.7922 1034 642 1582 1139 8 0.2380 367 1447 453 1508 8 0.1161 419 1470 461 1513
kHYxWUnBWCQxtsQqMqXQLHbSvQBOmJHB,2 0.1253 700 1171 851 1357 8 0.0833 696 1119 906 1376 8 0.0802 707 1392 874 1541 7 0.0757 705 1140 878 1367 6 0.0565 421 1195 912 1618
1VF9dbANweZeLftStE3tIYFAf0lFIK8y,14 1.0 0 0 1 1
kguZZP3H5NIGVoAWaAOyymE4WxrW0zWY,0 0.9943 1468 906 1786 1295 3 0.8568 1090 2093 2251 2520 9 0.0917 1517 922 1785 1273
ULtNqIeLU1ehRAfXQvMzzaUdCD8Z6MOO,11 0.0591 750 357 878 402
PpaIIgEtUffF2O49Uwo4DM5G8lbiNtS0,14 1.0 0 0 1 1
9LC0mgDJnkBobJPbDUotaRxHdgdm3vrU,0 0.9983 1327 824 1798 1420 5 0.9659 142 619 1065 2487 11 0.8076 758 402 1125 512 11 0.6771 591 355 1121 617 3 0.3958 818 1835 2087 2495 9 0.3199 1043 403 1451 1391 11 0.2177 1810 389 2079 554 2 0.1674 689 701 890 972 8 0.1605 701 703 893 932 11 0.1390 642 380 1087 535 13 0.1299 776 385 1174 1043 0 0.0746 967 749 1818 1494 7 0.0695 797 414 1123 633 11 0.0627 1509 383 1857 540
lMKPGUPAfNhNVeQTEnUxo0rlqc7otijV,11 0.3018 387 336 738 491 11 0.0669 496 355 745 422 8 0.0661 1615 2405 1771 2503
efHaOMUHaDheXmgx7v5YvvQJLb4pN68y,0 0.9855 1003 594 1247 859 3 0.9732 657 1239 1568 1718 7 0.2712 112 1362 795 2169 3 0.2256 380 1488 1728 2504 5 0.2252 168 1264 653 1910 5 0.1996 148 1271 726 2460 6 0.1589 252 1231 761 1684 3 0.1245 598 1323 1681 2003 9 0.1108 154 1483 713 1913 5 0.0587 110 1437 751 2064
hLX89DiJ957Eey6jw0Irsis8KH6VrJzJ,3 0.5820 1062 1620 2120 1981
CpG5oDmrYRGlSkXPpM8DU0NF0H40mN9r,3 0.9947 1056 1325 2230 1854 10 0.9912 430 1314 1200 1963 10 0.9750 1839 1363 2438 2007 7 0.9428 1794 1339 2320 1838 7 0.9094 596 1391 1157 1726 10 0.7675 445 1363 781 1811 10 0.3097 456 1409 639 1756 11 0.3067 770 427 1074 611 10 0.2687 1985 1480 2412 1927 4 0.1576 560 1394 1209 1888 10 0.1515 1508 1281 2445 2142 7 0.1049 548 1307 1085 1617 7 0.0596 2107 1029 2361 1372 4 0.0528 1721 1367 2278 1843 9 0.0522 2140 1035 2378 1409
p9O3vVHRlMmZGwgQGGnIY2F6GyFSDM59,10 0.1862 231 1841 337 2018
Ao9VLRV0k0AyNqesnK1c20xZE6n7BEgB,0 0.9947 1420 715 1726 1069 11 0.3302 785 343 1179 474 9 0.1843 1544 1087 1712 1456 9 0.1493 1044 635 1653 2214
wpb5onZ87kYnzgeWhxq7MtBVzqsKQnGg,3 0.1199 811 1600 1562 2119 0 0.0619 1129 1008 1345 1237
QTeEpt45asRzwCDODjS6FWoYuA01Fgff,13 0.0507 326 1309 416 1410
h1V29e7IGZK3Rnw9QkaCAwqEzKkb5j3F,3 0.1406 624 1370 1434 1649 3 0.0862 0 1619 1903 2409 9 0.0861 48 1441 791 2412
l6tR6wEc8NfonOGseYN69K4qHRKyGJG6,3 0.9957 912 1329 2073 1835 0 0.9905 1272 659 1731 1151 0 0.7905 921 623 1713 1255 5 0.7167 169 430 1126 1753 2 0.2166 1416 679 1710 998 11 0.1028 1658 387 1898 530 11 0.0883 1441 336 1850 533 5 0.0871 1430 525 2239 1851 0 0.0814 1342 668 1808 1645 5 0.0714 1776 1450 2249 1901 9 0.0676 1003 481 1503 1596 1 0.0551 1730 1652 2230 1973 2 0.0503 1315 652 1760 1102
N9pVpvJcRNLoFeMtT821C9TzcaZiATAW,0 0.1621 995 663 1213 848
0XdkP9oiHz8wxu1gNUr3F3CGFsSEuiKj,3 0.9949 580 1024 1928 1893 7 0.4457 1254 703 1986 1748 0 0.3737 1046 519 1365 837 9 0.1840 1218 1005 2013 1782 7 0.1086 1356 969 1968 1516 5 0.0976 99 308 894 1907 10 0.0960 1268 885 2026 1732 4 0.0828 1186 900 1885 1794 13 0.0737 1706 1146 1906 1220 2 0.0727 1146 524 1358 737 3 0.0550 694 987 1803 1487 9 0.0534 997 586 1997 1917
YI9d8nRDl8GdX0tj795U8iXo7VvzFqmc,3 0.1824 1307 1703 2381 2082
RWfd4tcFjhzP9iqZ6ItF7XA93Xj5PP3o,14 1.0 0 0 1 1
2DH5n9FKAWWdBtm6YZJWNhj6xEJEK5wd,9 0.9464 138 1626 627 2031 10 0.7591 119 1868 246 2052 8 0.4119 755 494 846 582 3 0.3683 684 1395 1658 1795 11 0.0985 587 438 834 511 11 0.0804 124 1874 248 2074
uTQzHZD8SfAfupZ3Gnr0BkG6tpGK8AO6,14 1.0 0 0 1 1
WWEsqj02KMoX0zt08l4ZWXoiCh3sc8ju,14 1.0 0 0 1 1
cJ8sOqrHSPQsVFK6RyVBMHqMHd8AzMuc,10 0.6955 186 1833 265 1927 3 0.6782 710 1353 1535 1834 7 0.4243 237 1193 773 1810 7 0.2633 187 1151 877 2239 6 0.2485 252 1186 840 1977 7 0.0779 213 1277 526 1746 9 0.0709 360 1186 849 1766 7 0.0631 72 798 807 1817 0 0.0526 889 2 1360 224
hDhP7s3YUAIrljlo8xvGHZvg694pAxVj,14 1.0 0 0 1 1
wlUDgqxiinuYcHGIaG08caRGs9l4Clcp,0 0.9992 1625 676 1952 1041 13 0.9635 915 397 1345 911 6 0.7069 958 378 1431 828 7 0.1514 976 367 1422 854 11 0.0696 1830 284 2053 323 13 0.0637 1002 412 1342 730 9 0.0584 1338 309 1821 1582 2 0.0520 897 335 1420 919
xAb49YWObUhXBDdCiz56IzNsceewKpPO,0 0.6459 1245 769 1810 1251 3 0.5282 1155 1436 2089 1875 0 0.1567 1422 777 1787 1149
EoMPCARkVApCVEQilWoKeTzyaMKgjJMf,11 0.8409 1282 572 1556 686 11 0.7180 1336 581 1542 645 13 0.3214 380 789 541 921 11 0.3067 643 552 866 615 11 0.2834 349 707 502 835 11 0.1680 1228 581 1509 724 11 0.1380 372 607 525 838 0 0.1246 1053 897 1343 1239 13 0.0909 413 796 516 898 11 0.0536 1554 561 1736 711
PKYwpBNovk7FfHkE2ZSczqc8d76Sydrr,8 0.0967 765 2731 828 2792
ybcJLCYBFAPHta2IsjBEji7cIyisWMU9,14 1.0 0 0 1 1
ee25xxogBegs2VfAQnZbLpjft2QwGQBa,3 0.4737 848 1160 1623 1452 3 0.1061 664 1937 1992 2430
deyyeezl1ac6S9HM35d3fBXCJyjMLUxE,14 1.0 0 0 1 1
nCEJsx0U9bzd0Im3faYLI6QmlaCDeCQg,11 0.9445 549 268 740 387 8 0.0676 515 509 571 574 8 0.0567 1568 1394 1617 1441
Tnc7otG52IyzUdQzmQUsVgDURweqpMuD,3 0.9595 972 1678 2084 2210 0 0.7447 1277 857 1601 1231 7 0.2285 1994 1886 2193 2101 11 0.1813 816 536 1044 611 7 0.1675 1889 1872 2245 2351 11 0.1447 626 526 1053 699 11 0.0932 843 515 1088 643
ouLstrk5q7jCFr7pm3U7g3OFsMkH6rXC,13 0.0982 511 866 729 995
uH9qTISYT9rSLMLQMMXkd4CQRDdyntAO,9 0.5681 1445 1683 2065 2169
fk7xqxcibdMkShpyO9KMJGRCYMklmiHO,14 1.0 0 0 1 1
HkdjyqXJnXCuIHvMmQCXeRfer7yLY3OU,0 0.7873 945 763 1254 1153 13 0.6929 286 1705 603 1821 13 0.5618 254 1667 665 1850 0 0.4866 1057 1 1361 231 11 0.4340 395 175 932 541 11 0.3218 434 273 848 499 11 0.3212 586 325 802 385 11 0.2818 555 302 832 405 0 0.2508 664 733 1252 1396 0 0.2489 904 14 1374 324 9 0.2365 80 350 949 1846 9 0.2323 125 1749 871 2326 11 0.1369 279 249 807 666 9 0.1335 236 1625 814 2164 0 0.1278 1185 8 1355 153 0 0.0858 829 9 1361 181 7 0.0741 348 271 744 552 13 0.0684 214 1579 808 2084 11 0.0624 460 305 749 449 7 0.0621 441 57 938 696 9 0.0595 1308 1744 1797 2133 7 0.0576 112 76 922 837 7 0.0552 446 177 822 507 11 0.0505 1219 368 1483 479
geWpYqLbNKmAgRbGxChHWtpr5Ga3g64a,11 0.9789 602 272 896 417 3 0.1251 905 1524 1687 1896 11 0.0566 1296 226 1597 332
Ywhy6py0k2fRvS06k1SUa455XNPY6MNR,11 0.8460 368 559 547 705 7 0.5295 270 1507 625 1777 6 0.3735 305 1484 654 1768 1 0.1114 292 1505 645 1773 11 0.0725 337 540 631 719
yd0tWDKbcouE1wEADwbinzsJmg8pHPsf,11 0.5924 1200 366 1401 412 11 0.1657 1294 368 1372 402 11 0.1046 1172 342 1389 405
IBZoK0z4WlVbTZKiqLt6TxJflj6IYdAs,0 0.5818 1399 994 1735 1354 13 0.4871 435 1027 552 1179 11 0.4260 2377 2287 2511 2470 13 0.2657 2032 852 2227 1043 2 0.2523 443 1038 576 1190 11 0.1361 1950 580 2164 726 2 0.1320 459 1066 544 1184 9 0.1228 1113 919 1563 2587 13 0.1020 421 988 590 1212 10 0.0899 2384 2281 2505 2455 13 0.0825 427 1004 538 1103 9 0.0798 2397 2309 2504 2454 13 0.0786 438 1017 510 1089 13 0.0585 415 944 608 1091
LVUyq0ooCOAbjcNSSFOL2mjJC87jwjJc,0 0.4070 1609 956 1898 1249 13 0.3698 927 1225 1187 1374 3 0.3149 1226 1544 2228 2064 2 0.1786 1724 1007 1868 1247 2 0.1333 1698 1125 1833 1233 11 0.0839 1285 589 1461 663
9ByZyfuHvX8K7U7mOYgfs5847FeP8IXQ,10 0.4334 132 2274 253 2433
RcDeAiYZ4IeJqLlMh1HIwv8M64lfzAvq,14 1.0 0 0 1 1
VfjanJdz74hY0hjo9TBeDwBk27VVfGTi,2 0.4377 1321 938 1415 1074 0 0.0703 1200 7 1649 215
jGrbl2bOUhMnq0df2vNbIEc8ju7OUhIX,14 1.0 0 0 1 1
OiaFqpmACTyilqYeS7ukyiZ3OXPbwxnP,10 0.8086 104 1912 218 2111 10 0.2737 123 1992 230 2145 13 0.1467 1559 1000 1666 1059
9vOTHipjUteMgaAqBWamzNvJwmDHetFi,11 0.1715 660 303 989 385 9 0.1693 1 241 153 379 11 0.0834 607 282 961 418
74CaK6v6wwAjqzD8ifYMwrq2QSlRmKMj,14 1.0 0 0 1 1
OVqSC8lntDs3qWVv9WEBR31IqqhlL1Ic,0 0.1001 1003 443 1183 639 9 0.0604 151 1329 872 1894
EcxQYBp9iLldi5kT63JeOE2yOVN2qGpD,11 0.9486 515 240 1021 386 11 0.2765 693 263 999 352 11 0.0920 781 272 983 339
FFvDq1nDdPeTxx4te1XQf0KQ5qKNOKfm,3 0.9998 800 1699 2223 2374 0 0.9949 1367 863 1692 1187 10 0.2689 2288 2335 2407 2527
mk120Pog649s2ADt30slgmxMaOz2TD0m,11 0.3823 1961 509 2238 683 11 0.0671 1932 481 2307 776 6 0.0501 2197 1994 2468 2195
woGv9Cw9SRYQrrQAaxz9cPrAn2HvjqyM,7 0.2540 352 640 625 1150 8 0.0548 409 767 589 956
e0qnCasIYwJpehvZsA9KUXgU1xx5Y0Ox,13 0.4977 2207 1002 2386 1091 0 0.3590 1449 649 1808 1022 3 0.1750 964 1426 2294 1966 5 0.1345 1906 793 2516 1601 9 0.0871 2226 1006 2384 1092 0 0.0554 1159 635 1841 1232
mmn0r0WnlzckYl4c08SWSHY8JrGtXTrD,13 0.7289 2192 1725 2332 1782 0 0.6617 1344 935 1645 1265 9 0.2448 191 2394 767 3094
NDSJuwPRKnpTn4OJQIORFp1YOZeLW4nF,14 1.0 0 0 1 1
qgSLZDbrAKmjlslCmUIqdZ9YY0qgahbB,3 0.0994 619 1239 1414 1516
MofB8yY0YGNuFhbNV19j588VtIeCxofQ,10 0.8220 40 2192 152 2330 9 0.5943 1253 1866 1917 2241 9 0.3734 1192 1868 1556 2028 10 0.2881 1807 2076 1937 2273 13 0.1482 1616 1272 1758 1341 7 0.1313 1374 1907 1910 2277 11 0.1057 607 470 794 516 11 0.0761 45 2195 155 2360 10 0.0670 1833 2109 1922 2236 13 0.0581 1329 1850 1941 2332
w88VQnzexZisG0aouSK7SAxIrEu115Va,14 1.0 0 0 1 1
K6hTX1YNyjPnj5e1ndTzCg47RGzbgV36,0 0.9621 1316 674 1572 995 3 0.7769 946 1261 1983 1683
eFuCq3ggeTayZZfAwClrP0M0jl8B9kBb,14 1.0 0 0 1 1
0zeFNWSbydIhRpAbwCfxgFQccqWA9CS1,3 0.4463 706 1419 1669 1889 9 0.0769 280 1134 450 1274
vgASj2iZe8utaJd74gVhI3ACJxA0lEkz,14 1.0 0 0 1 1
AipPfdPPMNz1QT51WOEWP6exM9GePDRA,14 1.0 0 0 1 1
niviweobHVkVrd94o9iqjXwmsXticm2c,0 0.1511 1049 795 1293 1046 0 0.1129 865 15 1365 248 11 0.1007 1271 444 1437 498
PclDEvOQ3J145fh3Cu8miGcnvE0fCdDD,13 0.7316 306 1437 438 1535 10 0.6634 1851 1729 1899 1837 7 0.1761 350 1439 420 1519 8 0.1443 345 1438 427 1531 0 0.1246 1109 608 1307 840 9 0.0708 341 1433 421 1522
GHyb04wLvI7jPqYnOKrckeHa92DBvZsY,0 0.9922 1608 808 1923 1137 3 0.9910 1246 1639 2549 2161 5 0.7799 470 805 1379 2173 6 0.2979 498 891 1339 2153 7 0.2740 1286 860 1491 1180 8 0.2626 355 638 1373 2285 13 0.2115 763 892 1173 1303 9 0.2015 1291 838 1497 1205 13 0.1613 695 1485 1093 1631 10 0.1275 2512 1880 2764 2244 6 0.1191 724 895 1167 1308 7 0.1165 500 731 1333 2169 8 0.1131 2254 1446 2362 1524 7 0.1087 724 846 1147 1300
W4uE7qFhirk57O3L6amP9xpuvHDtX1Rb,3 0.1890 664 1531 1449 1922 7 0.0781 0 482 709 1870
5dPrJKrvzL0RFdnmTu4bWi14ncuvHWLP,14 1.0 0 0 1 1
X7FYUzfqvw0YWXUjTxUZeERP5y0wyZTY,3 0.9868 1109 1423 2172 1905 0 0.7198 1390 876 1647 1149 7 0.1077 1640 1308 2247 1931 11 0.0979 1554 431 1753 492 13 0.0915 559 1521 953 1627 6 0.0606 1756 1011 2047 1277
1q36WoS12MQP7FpNnpC6QWQ5Ti3SMqZ2,6 0.8462 1563 621 2060 1154 7 0.5490 1541 620 2045 1204 5 0.3146 1561 498 2052 1189 9 0.3136 1561 588 2055 1120 13 0.1266 974 543 1181 662 3 0.0943 1156 926 1971 1294
3FHRF2pWc0CVOK2Fq6SIhvrsdkdp2P41,3 0.3567 590 1435 1536 1999 3 0.1849 619 1393 1345 1807 0 0.1494 913 897 1158 1170 7 0.1010 101 631 762 1800 9 0.0834 0 440 806 1767 8 0.0562 363 1211 476 1314
Uhbaj7NtmdsSg70enNN1n1046uOXyYvQ,8 0.2191 915 1128 1005 1221 7 0.1013 836 914 1205 1388 7 0.0579 1435 914 2206 2285 8 0.0567 862 1113 1026 1284
9uVdBCR87J7UV1VBIHtuKIBPQD6npp14,3 0.7499 1377 1524 2418 1942 0 0.6222 1532 682 2056 1114 13 0.1058 1997 520 2371 894
uCvlFECXSxTH0RexjHcBp6GCO8Xoo2Pt,14 1.0 0 0 1 1
TJuj3sr3TLgavRje1cJpzv4NpWCP4B2Y,11 0.8265 469 364 732 540 11 0.3787 505 346 905 511
ubs43lu2bu6Ni5m9HZoFaAJw75GufhGZ,14 1.0 0 0 1 1
zq1HshawbPip3hdsgMalMza2faGm4Rqe,14 1.0 0 0 1 1
el4xcFj7RPrlhx9qENf3za7GojCAFW6w,3 0.9974 816 1493 1862 1983 0 0.9974 1129 827 1430 1216 8 0.3979 1522 888 1612 1014
47gZFXazQufFpfBhp753evSxGPFZ69eH,0 0.9915 1268 630 1571 980 5 0.2172 1578 530 2075 1237 2 0.1088 1456 719 1553 928 9 0.0828 0 25 265 282 3 0.0525 857 1295 2004 1891
p4UOCQzhsO79VXn2hTKuYXT0qKn5Yoo4,11 0.9829 498 439 838 636 11 0.8838 597 422 865 552 0 0.8493 1154 732 1513 1167 11 0.7723 1252 446 1544 760 11 0.4896 1291 478 1581 636 11 0.4892 556 416 944 601 11 0.4467 1392 435 1789 660 11 0.3323 1594 466 1786 628 7 0.2329 1257 418 1528 734 13 0.1434 743 488 868 626 11 0.1406 1283 419 1695 708 5 0.1209 1684 904 2067 2129 13 0.1140 540 522 824 721 11 0.1057 628 437 898 509 1 0.0782 1266 403 1529 792 5 0.0590 1775 1263 2068 2053 5 0.0549 627 417 913 520
meaykEsh6zylYQLrAAm2p5CkLXMyVs3V,14 1.0 0 0 1 1
HFuo49oSsBVXvVnR7tFcuckfhOsEgOyA,3 0.5605 994 1383 1738 1783 8 0.0904 611 1468 704 1558
Ro3GYjPClmzkCPW0bEpygvDaMVGiE3AN,0 0.9779 1289 599 1596 897 3 0.5593 1005 1330 2117 1755 9 0.1636 14 15 348 297 9 0.0557 5 83 174 278
IPWtMk9UQm8WrDnexcxKPjb7pjbJH2fU,11 0.4065 1541 360 1798 425 10 0.1256 293 2103 389 2271
0mRtNlaYXqDATgihiDVQdRseZgo8rCba,0 0.4726 1035 719 1269 969 10 0.3562 1728 1751 1825 1928 11 0.2746 491 354 795 471 11 0.2670 1720 1695 1817 1890 10 0.2044 1716 1685 1816 1867 7 0.1476 1532 828 1649 935 3 0.1383 815 1459 1632 1743 8 0.1380 1542 828 1640 929 11 0.1108 1728 1731 1840 1974
q1N4iphiqmL6YOwy4BMKn2KRv0zWLeRj,11 0.2312 1554 366 1743 414 0 0.1285 1313 714 1536 956 10 0.0963 331 1750 380 1845
MnQKHNCojQeW8d54m3LvDpr48CHnbERJ,14 1.0 0 0 1 1
QCsNW5ulKzFCHAqe6vfaSIc69JM8FMlb,14 1.0 0 0 1 1
1DjmNkSNTqBEJIb6xGU6iTLtLt6louhZ,7 0.0965 2018 951 2204 1223 8 0.0907 2024 961 2212 1199 9 0.0733 2022 955 2196 1226
SvdEciqFNDPosS3ovzIZjbh0PRkvhsqi,14 1.0 0 0 1 1
o02Z1351TUDMIi9TgcHjyURdQjqqldYD,0 0.3490 1378 718 1644 974 3 0.1086 1014 1514 2062 1910
XXYmjxuV4XaeQZk0cML6TcxrPsdmUrFI,11 0.1254 1292 414 1648 498
qSU15UgNXHFvsOjeWBCcAL603FJoRT7e,3 0.7172 1121 1457 2164 1759 0 0.4787 1459 753 1747 1044 11 0.0878 1097 395 1307 468
bMkRJeF6l9TVT60SDEWnMl3GEVhLnTL5,0 0.9899 1594 764 1905 1121 3 0.5644 1199 1637 2321 2032 0 0.2012 1457 772 1914 1262
qLkwlQVE33kmW8HEhiP0RY9ciEhu4KtV,14 1.0 0 0 1 1
juogYOE1hq2KhvWAGPNS1ENMZ4Zexqbp,3 0.9882 961 1453 2235 2000 10 0.9286 389 1507 973 2035 0 0.9240 1345 774 1665 1088 9 0.8777 475 1496 823 1732 4 0.7173 1447 1318 2288 1935 7 0.5658 719 1348 1118 1692 10 0.5457 382 1568 578 1893 9 0.5414 443 1504 982 1874 7 0.2378 1673 1389 2404 2019 4 0.2302 425 1475 1171 2044 4 0.1648 684 1326 1241 1785 10 0.1498 399 1516 551 1795 7 0.1290 377 1534 1008 2053 7 0.1243 810 1190 1205 1698 7 0.1218 468 1539 813 1767 7 0.1077 604 1432 1082 1778 3 0.0961 952 1531 2206 1792 7 0.0905 1880 1326 2326 1841 7 0.0706 447 1546 975 1831
uFxhJurTcnbFCg1rspEN373jcbMvcWLb,14 1.0 0 0 1 1
y4F3AIxqq8pzICVy4jASwc07D50PCvVW,14 1.0 0 0 1 1
YASF80koTJCeSoWKo6fkkPVK9DnPxV2H,0 0.9978 1063 652 1371 974 3 0.9960 689 1172 1742 1522 7 0.1929 1669 1269 1811 1428 7 0.0677 1621 1212 1826 1505
yrMoTDmkALMEEeOdqzGOzaGbbByubrpi,11 0.1543 1128 393 1426 437
P5GB8X75XCVPR2KnQStb8Nx6cuRU5cbc,3 0.3684 860 1672 1887 2041 7 0.2231 1621 2520 2108 3028 0 0.0590 1172 761 1467 1188
F4lilu52AhuGNyzblUbnoymNDnCBZYgg,14 1.0 0 0 1 1
sIDoxqnx5G5BCt8Uwxp3gacK7xWYQTNK,0 0.0735 1493 682 1778 1010
7mQiODHQ6Z0wXzgiuZIt27RMYPUnSDw2,8 0.9190 1539 1469 1636 1567 0 0.7489 1070 614 1307 850 13 0.2998 458 976 706 1169 11 0.0530 647 270 887 320
j3UIeBf6gVdfZ3U96aVdSQraQAT9qOa6,5 0.3425 1416 718 2152 2237 10 0.1319 138 2128 244 2268
RcCZCn7cbvCJDrAA42kyhoUBRaONMd2K,14 1.0 0 0 1 1
e1HNAaK7O3a9r7xxK3EtR6DgYFzOqWeP,6 0.8662 1789 357 2302 1014 13 0.7802 1768 364 2316 906 7 0.3484 1837 416 2288 887 6 0.2924 1884 439 2306 824 11 0.2890 1796 289 2097 373 11 0.2126 1174 295 1413 363 6 0.1706 1929 472 2356 1106 5 0.1138 1831 392 2427 1297 7 0.0570 1793 354 2367 1146
t5sFkjF7irJqygJ8RQgMUGcXTdOGPLUD,3 0.2833 738 1206 1627 1580 9 0.0503 749 14 872 136
n8Fd9B0gz9nkpVyzjffHROeld0oAZRHk,14 1.0 0 0 1 1
mYc8eCtTj8BAmAh5uzAaBLSCgs3iR4tM,3 0.0948 787 1246 1640 1476 9 0.0549 30 1154 750 2351
ukYudpIMH7ikx0zqAtoRzn92WDturtXf,5 0.1802 1242 386 2172 1922 9 0.1558 912 271 1185 814 5 0.0695 94 430 1204 1920
eN6iykaSuZCVRV90Hub2VJqzQvqp9kQi,14 1.0 0 0 1 1
Zuuzf5c2Uw7y1oO9DTwQvMxzXmYGQpuf,10 0.9959 52 1308 823 2011 5 0.9751 138 464 895 1738 10 0.9743 57 1405 491 1913 3 0.8459 640 1315 1942 1774 7 0.8309 245 1444 706 1816 7 0.6969 288 1333 868 1861 13 0.4134 174 1131 688 1351 10 0.4025 22 634 854 2102 11 0.3232 31 1381 516 1850 13 0.2141 195 1225 438 1355 11 0.2113 115 165 989 1020 4 0.1935 296 1457 849 1867 5 0.1726 1131 225 2192 1785 11 0.1325 231 1460 624 1823 10 0.1116 138 1356 679 1809 11 0.0768 34 400 766 1896 8 0.0767 60 1080 1080 2300 5 0.0755 1409 555 2113 1605 11 0.0681 306 1559 787 1809 11 0.0668 419 294 854 416 11 0.0583 345 259 893 512 9 0.0574 1 1296 15 1789 9 0.0507 0 1325 36 1791 7 0.0505 314 1557 789 1861
KrK4dYlOtWgDOy2FWUKLV5vWy27J7kpG,0 0.9706 1078 741 1341 1022 3 0.1340 735 1323 1621 1709 9 0.1226 819 573 962 842 11 0.0650 115 461 761 1035 13 0.0566 289 656 767 1036
Z1qIYdOEjPYrs7Xb8Ljwr3jCCbl9vBVk,8 0.0913 1628 1814 1701 1897 9 0.0616 749 1712 1484 2154
aN7GMwzALDVv7ssGpKcjRAxQda4AX4rb,9 0.1397 2903 1400 2987 1554
pSMAnMlp97Jc2sGxIeQJU81jysvRUDn8,3 0.9985 1383 1301 2469 1764 0 0.9982 1707 511 2059 893 9 0.6883 1341 1240 1553 1648 11 0.6611 1227 263 1412 348 11 0.5410 1273 252 1536 338 11 0.3100 1864 245 2164 347 11 0.1579 1394 263 1547 341 9 0.1360 1391 391 1957 1798 9 0.1120 1236 1271 1493 1640 11 0.1025 1206 269 1368 379 11 0.0589 1967 221 2217 363 9 0.0571 1412 1347 1604 1578 9 0.0531 1413 815 1821 1688
wh5Pl26yhTosYhRdP5Cq9IUUNTndHCS9,14 1.0 0 0 1 1
AacvVDETd106gMLJa21pJ5XDqqvfQLMC,14 1.0 0 0 1 1
Yk9D6YUBDEHd0vV5TiULJToK2G6hCX8z,11 0.1933 503 463 821 540
0IcnJsUp8SGPKqHQRkOrlkuV3wiWXKox,14 1.0 0 0 1 1
aVTjO1PTawtBoNFz4FkPUBPOb9GAeqQp,11 0.8825 695 382 1007 470 3 0.8579 805 1580 2150 2098 11 0.3474 614 376 1033 517 0 0.1597 1266 669 1657 1115 8 0.1149 1957 1887 2009 1949
tILx6OigAHccd2fcxj9m19if2GI4GjZr,3 0.9988 945 1570 2048 2095 9 0.9979 589 937 694 1067 0 0.9911 1341 814 1679 1204 13 0.8105 580 876 866 1091 8 0.4535 1613 1801 1708 1920 2 0.1574 590 967 684 1067 13 0.1018 580 928 726 1064 9 0.0874 568 950 687 1125 6 0.0803 571 769 890 1103 7 0.0678 593 944 700 1063 7 0.0578 600 912 883 1099
E5hyTdPFJ49RQvyccBiz15g3GvSK1C6j,0 0.8954 930 675 1191 936 3 0.5973 615 1270 1512 1675 0 0.2226 902 9 1445 234 3 0.1070 620 1380 1449 1570 9 0.1039 14 1369 1835 2286 9 0.0920 1432 27 1969 412 9 0.0618 968 1418 1779 1991 9 0.0566 710 111 1184 1357 3 0.0512 51 1429 1837 2297 7 0.0511 1174 1404 1743 1966
NYR4N5QULm4t0K5I5b6FbQiiCPekz4Db,14 1.0 0 0 1 1
6hWlYQRzRcEf4eM6ZtOOXHm7vfzDKBUX,9 0.6901 2776 1527 3072 2678 0 0.4342 1803 836 2134 1215 9 0.3188 169 630 837 2825 11 0.1499 1974 341 2253 439 9 0.1009 2639 2563 2729 2718 9 0.1004 367 1100 799 2593 9 0.0948 853 2086 1269 2334 9 0.0576 1990 2125 2473 2311
Cnn8n0drebnBPqupEslRmYkEhNkQYabC,2 0.1332 1276 1607 1350 1728 9 0.0722 76 1010 183 1230
onICqRwyItyLEIcmxRV5zBCotHOdvcZO,14 1.0 0 0 1 1
IXPdcEsbSetzOnrp0gMrJm8WSQuVmbFQ,14 1.0 0 0 1 1
ct9DUkY4upwuKXd1BwUE76ngwR2UJDBf,11 0.2458 1480 360 1590 461 10 0.0941 127 1808 210 1942 9 0.0644 467 454 879 871
k89jkpL4JGEdkC4aDvytlsxWZX6Al4aS,0 0.9650 1182 775 1451 1073 13 0.1062 519 1961 789 2109
HPlTSwdD1ONNybveAJYZfgQqUmp16s3y,11 0.7254 1801 565 2023 618 3 0.6309 1170 1842 2220 2388 0 0.1462 1627 999 1865 1253
YExQkqBHYl9OYyJRnSvHAfKczCXVzyYW,14 1.0 0 0 1 1
mhlrAX9kf8BnRFmyAWbthhhrAnBIwU1V,3 0.0995 1304 1362 2225 1782
JIgLSZwvCbElIuRLrc7jP8xiiQ5IPPkJ,3 0.9735 756 1273 1651 1668 0 0.7319 1069 704 1308 983 7 0.3240 362 1216 706 1534 7 0.1009 234 1163 790 1726 3 0.0806 77 1596 1919 2377 9 0.0567 0 298 657 1599
cDRIR3UfOl72LFwjFljZzUww6v5nKzhI,3 0.9982 917 1353 2255 2127 7 0.9279 374 1459 975 2029 10 0.8795 312 1547 1031 2257 4 0.7838 468 1546 978 2018 4 0.5568 1405 1167 2275 2001 10 0.2977 307 1691 552 2133 6 0.2541 463 1455 1016 2010 7 0.2395 1544 1233 2314 2062 10 0.2167 360 1470 803 2032 8 0.1617 1499 1297 2239 2092 10 0.1612 326 1509 597 2040 10 0.1255 325 1879 489 2081 10 0.0729 261 1744 834 2217 11 0.0589 326 1318 485 1948 10 0.0580 257 1884 580 2171
4lqWYlgh7EqlvXgAE4AOUhvfqBTNP2Pu,14 1.0 0 0 1 1
uqecs6yNfFW5WIQtf7w54el2hb7RdLPf,14 1.0 0 0 1 1
gDxTz62WJD3bTo2nxpJnHsTXisOmRFTi,3 0.4819 815 1431 1939 1938 10 0.2206 135 2017 294 2264 10 0.0772 114 2047 348 2382
6RUTqIj9CSZnYC7NGLWqFW9VxR2o6Kgk,0 0.9673 1143 927 1387 1244 5 0.7062 343 1044 985 2025 9 0.5664 405 845 950 1505 10 0.4704 326 2147 401 2259 11 0.3301 546 698 761 879 13 0.0841 440 903 882 1433 6 0.0593 455 1281 629 1424 11 0.0542 319 2152 407 2268
2QPJ65nvPtVZOkczOCND6BVDHQfXS7RT,14 1.0 0 0 1 1
FdbkP9zJuu0UqG7H0uCtovV013fyaSo3,11 0.0791 337 527 642 782
RXupN1U9rqSx10VChHk1XssrN2EGgiRz,3 0.7938 750 1203 1589 1497 8 0.5797 374 1198 479 1316 11 0.4313 558 179 790 268 11 0.3996 1147 170 1365 256 0 0.2312 997 489 1252 784 7 0.1399 83 1234 881 2200 9 0.1277 826 448 917 606 7 0.1187 370 1189 483 1322 9 0.1064 102 1288 875 2016 8 0.0987 383 1221 427 1280 11 0.0899 543 157 824 307 3 0.0716 44 1449 1937 2365 4 0.0554 44 1306 877 2110
aTeiuhmm8jlB5mFyE6cpTMYmzteA5gnh,3 0.1010 656 1214 1380 1680
pBGrXOJR8NM0KqrMNiGJdRXu6RCwPOPm,14 1.0 0 0 1 1
jomaFlg2IaTtLj1JWw9RNaZZWFQYsOCY,0 0.6956 1146 668 1350 879 3 0.5944 803 1228 1636 1495
QemisA4GXRlEsd6ugb2mL0JqeIFzNOth,3 0.4953 788 1368 1542 1649 7 0.1263 0 342 707 1397 0 0.0654 21 321 715 1334 9 0.0602 0 51 881 1258
u9IPpyjni6HvOU1weskyARrUeSYqhpZB,0 0.9277 1495 712 1894 1168 8 0.1337 457 1750 539 1844
Uf2SZi5m5MohE2kuV7P8ZHvBbf0r0g7d,14 1.0 0 0 1 1
nZUM9D1fMlwK45oRKaezLGrYJmAeh1eC,8 0.7000 2152 1606 2454 1866 7 0.2099 1989 1550 2471 2048 8 0.0849 2204 1632 2375 1790 7 0.0663 2136 1615 2498 1875
ufTroLDaBK3C3BRYKEqmcQ7qnhs9oOk8,11 0.9926 855 176 1194 335 13 0.7815 971 230 1106 325 10 0.6556 190 2227 328 2395 3 0.6270 1110 1629 2091 2081 11 0.3806 1692 162 2138 391 11 0.2990 1708 179 2052 307 5 0.2256 203 287 1275 2041 9 0.2083 1083 591 1618 1945 11 0.2018 180 2221 340 2423 11 0.1902 802 139 1204 414 11 0.1899 1932 229 2247 486 13 0.1715 1981 460 2118 561 2 0.1400 987 227 1096 324 13 0.0932 967 260 1129 433 11 0.0679 920 208 1142 307 10 0.0615 154 2192 354 2428 3 0.0565 873 1407 2130 2128
iIJRRQlMTEVNMOebANGlXEej6EkTBZnf,3 0.3160 1084 1812 2119 2459 7 0.0813 524 1591 1185 2347 10 0.0713 2265 2546 2317 2690 5 0.0577 519 1586 1131 2364 6 0.0510 543 1564 1219 2398
ZvKyh2dOHGNQs1Q4X8mz9VUs2JFs7Y5M,14 1.0 0 0 1 1
LzPu4NIjdUYJYR5ATiCZsEO63c8kRdnw,11 0.9934 1391 552 1743 647 11 0.7715 1589 513 1951 798 3 0.5877 818 2023 1908 2568 0 0.4672 1182 1002 1511 1403 11 0.1630 1540 559 1745 638 11 0.1344 1411 547 1713 609 11 0.0782 1450 503 1874 734 10 0.0743 120 2695 223 2850
IWkZR1H0wB4JsfZwuZgi1a4VDv53YwDb,14 1.0 0 0 1 1
gYH1CpK5X3VMLMlYaapzCkNXawgfB3SI,8 0.2188 2187 1997 2251 2068
U7ok373fJ28S5lNMQ64XemWIt7hKbMuG,3 0.5702 1345 1417 2323 1850 13 0.4677 1285 1329 1396 1583
mzEzr60LlJyQlKI0TLvrFr1Ims0u3tyr,3 0.0585 822 1336 1547 1697
Zg9cW1UhcvyhZKEmL7YMCYGFYKgYEKQl,3 0.7475 878 1526 2022 1904
4YJr6nU0W17WQ5p9kzDPtI55fpPEfhkq,5 0.5427 1275 263 2288 1988
FlVRZhrJcEQBPG0nkZF72NB0FbS1Gtf3,0 0.9968 1415 525 1721 916 3 0.9842 1057 1306 2046 1750 9 0.1785 1083 709 1471 1753
MjlngcuhXJhQx74UHTl4xxMD9MLVKEWa,14 1.0 0 0 1 1
jEm2srfozZSckGxwWrMd9VRo2UWYcdFf,0 0.8924 1314 643 1671 964 6 0.6375 810 593 1157 1200 7 0.2868 1571 529 2252 1482 0 0.1362 1071 657 1692 1280 7 0.1353 656 555 1144 1186 3 0.1178 1011 1089 2006 1656 5 0.1016 653 548 1115 1234 9 0.0909 802 647 1144 1127 9 0.0855 625 541 1102 1212 2 0.0786 10 2311 88 2392 4 0.0754 1459 388 2251 1473
GRZeTeaEfmarUnranrD9RJ3C8oBKDfgR,3 0.7614 1035 1460 2125 1960 0 0.2127 1445 741 1669 963 5 0.0992 393 606 1247 1981
cqFnN6yk5TFDSUk1PpbXfRI16x3bojrC,8 0.8702 773 933 896 1066 11 0.7199 695 766 956 889 4 0.4255 771 908 930 1071 7 0.2411 767 908 933 1086 3 0.2010 804 1521 1578 1926 11 0.1624 769 762 971 852 11 0.0884 998 7 1474 70 7 0.0831 780 946 894 1066 9 0.0795 1153 323 1664 794
WRZqEC6nv7nrTpt5gwDUkzfkup3m5wb7,8 0.1716 45 2120 134 2226
aiNF9pd0FzAW0SjoKNXw3tYHQhCrBBCG,10 0.9760 1362 1245 1923 1743 3 0.9682 660 1295 1729 1733 10 0.8908 1575 1342 1882 1674 0 0.7140 1064 687 1335 977 11 0.6710 1554 1362 1938 1725 13 0.3969 1586 1063 1808 1164 10 0.2250 1701 1365 1908 1659 13 0.1967 1540 1298 1793 1483 11 0.1205 1646 1408 1898 1665 10 0.1145 1778 1377 1905 1596 9 0.0696 0 184 237 356
ymc7mhiTLfLzM9U78B0UaE73dwGsmsYy,9 0.6935 231 1486 762 1941 0 0.5951 1174 594 1404 846 3 0.3446 888 1324 1794 1805 13 0.0931 442 1296 851 1561
Wd4wjGOTaHmh6Z9Mmi7PtRSWNj5y5sf4,14 1.0 0 0 1 1
4PsjjuwOcK1ccka9wKsaSEaoRNlTI0vN,13 0.9487 403 472 552 629 11 0.9250 1279 192 1553 296 2 0.9199 323 304 858 726 13 0.7925 1325 269 1474 444 13 0.7013 390 278 832 680 13 0.6870 1317 290 1587 545 13 0.6319 381 413 592 662 11 0.5153 453 207 763 312 8 0.4089 425 491 533 611 11 0.3828 441 1676 550 1797 11 0.3223 1241 170 1623 344 13 0.1858 1362 267 1527 493 10 0.1429 2 2066 67 2190 13 0.1332 443 1644 554 1800 7 0.1312 413 471 547 623 13 0.1127 474 397 620 578 11 0.1011 502 199 838 282 8 0.1003 550 462 611 516 13 0.0978 516 406 602 508 8 0.0875 423 542 489 612 11 0.0870 1372 204 1696 397 11 0.0862 401 191 742 362 11 0.0725 365 1657 502 1793 11 0.0643 329 220 732 505 6 0.0615 345 261 910 808 2 0.0591 422 479 536 624 11 0.0545 426 1706 524 1812 13 0.0539 1349 302 1451 418 11 0.0513 1229 204 1486 279 11 0.0502 610 222 839 278
efNBxBYzodJZjBT3xMhKSdY7M4sdoyOv,13 0.9853 1206 599 1676 1544 5 0.7813 119 639 812 1743 13 0.7291 239 732 615 1033 1 0.4174 1153 673 1694 1475 11 0.3948 1215 486 1523 614 7 0.3890 1229 748 1681 1489 7 0.1932 1183 629 1575 1235 6 0.1597 1190 614 1721 1521 13 0.1523 1220 561 1605 1137 4 0.0843 1213 762 1674 1445 13 0.0694 262 792 549 967 6 0.0673 1321 856 1701 1413 13 0.0611 347 831 399 884 6 0.0544 1155 632 1545 1233
efsR8lEnEv7r0TRPMuK8kE06sfxgVELA,14 1.0 0 0 1 1
tRgYTCfL2Ure8HZOeCKmRoknC5NRHSKu,14 1.0 0 0 1 1
ITksZ7gU7TWqQcNtlDIt18izHvXTsAvQ,11 0.2451 687 53 862 94 9 0.0636 187 977 1966 2391 3 0.0602 107 1675 1921 2400 11 0.0594 665 56 808 87 11 0.0503 1207 62 1350 115
5MBVSKbnj6zlKk4umfBhSYntfeFrQPwz,0 0.4717 1350 751 1648 1058
EzDJ9U5ObvohpmEkZgDk5K7whouGGZOV,0 0.9809 1094 616 1425 1033 5 0.9776 1230 380 2094 1791 0 0.9659 851 598 1435 1130 3 0.8477 756 1334 1791 1765 5 0.5081 1524 666 2038 1708 2 0.2912 1195 631 1377 804 5 0.2446 1585 801 1935 1559 5 0.1540 1606 665 1874 965 0 0.1292 924 639 1539 1493 5 0.1221 1640 1210 2025 1666
Wu2VsydTRvnUtN3dEkIApeNoC4Ih33ll,14 1.0 0 0 1 1
5000c9EOMgVpJNkJziJ7dR6KL1sBspTy,3 0.5216 654 1260 1513 1638 0 0.1962 1016 741 1273 1043 0 0.1436 766 731 1278 1263 9 0.1342 182 1449 916 2031 13 0.0810 473 1416 659 1475 7 0.0660 179 1386 949 2245
aF9Q4Cl3pDGTXOtgZ4R5fECIUFgl5NJw,3 0.9940 1083 1630 2112 2203 5 0.9703 1698 592 2392 2180 5 0.7843 1839 906 2318 1887 6 0.7290 1953 1537 2266 1825 13 0.5422 637 1997 1107 2289 5 0.3699 1939 1528 2246 1846 7 0.2701 740 1991 1208 2379 7 0.1905 1918 1560 2265 1845 9 0.1609 672 2007 1263 2415 5 0.1608 689 1135 1271 2100 5 0.1309 1815 1159 2360 2298 13 0.1309 1709 655 2319 1525 5 0.1126 1843 1312 2267 2010 13 0.1108 1929 1623 2251 1812 9 0.0895 1813 780 2384 1781 5 0.0886 614 727 1387 2243 6 0.0784 1825 780 2388 1839 11 0.0565 863 433 1087 603
oPLzerPImcTnkzOojqbyqziolbCOQYBN,0 0.1666 1150 788 1937 1259
WTEFZ5WB0T4jpnEZx83jM9iCIIWX3Oht,3 0.9980 817 1532 1972 1956 0 0.9961 1236 534 1607 977 0 0.7387 1014 497 1620 1051 2 0.6192 1322 667 1513 856 11 0.2953 723 215 940 281 2 0.1578 1287 547 1532 845 13 0.0646 355 1438 467 1511
loN7yt0qAcISxWKrnicSKjfp2sp9jwSI,10 0.2026 2282 2496 2356 2634
6yAFGkiF5qaYgR4a8zFEnMBt6RBhfrmy,0 0.9482 1050 475 1269 726 9 0.5805 783 168 1232 882 3 0.1856 642 1216 1567 1607 9 0.1227 0 1297 768 2028 8 0.0876 1069 473 1267 700 9 0.0691 711 57 1253 1341 7 0.0543 724 200 1080 818 3 0.0537 578 1658 1900 2396
t48THLRfNyQxsqOl4TQTliqtBS0FoE5W,5 0.5067 234 880 1033 2347 3 0.0765 961 1712 2065 2324
6vOEHrpWRAupDwAePXAHKhxEC1AqJM29,3 0.1561 801 1322 1622 1735
bEQPTPAAFjLTK88Qq7spu7i5l38Rd9UG,14 1.0 0 0 1 1
2KqGtR3P6sVNrCxTzeFMW4GHRp0VSyeg,3 0.1795 984 1378 2044 1806 0 0.1305 1071 673 1677 1086
99Gb5KCN2VuNGLHrpdEvWUa6zdO1oMBW,14 1.0 0 0 1 1
2v4UTMPRv6VnPSju9XPnzSjJdWWpik6v,14 1.0 0 0 1 1
nfrmF6rsBDg58BMAcJc1QLlIuuwdXxZY,3 0.2786 826 1550 1972 2070
nCDGq8xTW9gzzud5cDucbSCtsmdF6Jbs,0 0.1287 1258 675 1635 1032 3 0.1261 896 1457 2072 1972 7 0.0973 2004 1205 2325 1574 6 0.0706 2015 1178 2317 1621 5 0.0541 2009 1233 2296 1590
mLmKPK83kEytkM0ZQexwhqrJsuQUWfpr,11 0.6318 859 214 1165 320 11 0.0666 1898 218 2198 377
R9FnxSDWkChgAbeVH6lklE0ABFWeK809,3 0.2745 904 1413 2045 1841 0 0.2026 1302 777 1677 1162 10 0.1497 274 1641 385 1804 0 0.1128 969 725 1666 1317
NXmEFu9iqMlygh0YS53rr57ElEt7m2rf,10 0.0504 187 1900 275 2021
14WnMrY4qRuXllxswYW1X9kMdR8rHeIk,14 1.0 0 0 1 1
hofTCceyxIfLkfJZzzw3mtjg3LXBmZaR,3 0.7778 869 1556 2051 2114 5 0.3500 131 473 1142 2135 11 0.1807 1553 199 1841 319
HusdKHlYIojlq7PcnGxBaUOkap77093v,7 0.1103 30 294 583 1754 9 0.0603 1094 1605 1835 2321
hARxc1G11qBZ7MLQmkMiqxOy8wDs8R65,14 1.0 0 0 1 1
t11BmfLhCqS7l3vG7ET0QNnCuk1x93Zl,8 0.9704 1592 1496 1675 1611 9 0.8773 1600 1500 1670 1603 8 0.6743 1682 1438 1720 1471 7 0.1914 1595 1508 1675 1613
xIMO8HrNX4YzsK2WjaQRXLxMnGwUO6kg,11 0.4558 1249 311 1438 409 3 0.1416 733 1295 1479 1580 9 0.1288 1612 474 1964 855 9 0.0777 1621 430 1969 1202 7 0.0692 1636 340 1985 1324 13 0.0619 1877 598 1993 635
HvJsmJVo7JgWmGnYpqmTVYwvqQU9TjS0,14 1.0 0 0 1 1
c6tBg7xSYBTTOu82UifMhU4TsFy6hwzE,0 0.9727 1245 1077 1493 1343 11 0.5747 1534 671 1766 808 11 0.1775 1866 891 1915 964 11 0.1176 830 671 1026 732 11 0.0648 1311 681 1462 831 3 0.0626 1040 1719 1817 2066 11 0.0547 1509 690 1722 762
MCSFg4xnKESiAXgC85A5079G4uQrLOcH,3 0.2727 1187 1664 2332 2157 13 0.0785 2247 1791 2417 1949
XndIalUf33tEbj1BWsu45qCZVmUL2Qqx,7 0.5906 432 344 1058 1387 6 0.5860 577 344 1056 1227 9 0.1127 1619 2102 2035 2722 13 0.0536 1638 2215 1869 2547 5 0.0517 614 484 1045 1135
LnWhpG6Zga9g5GfAK2KltuiK4ubDkUIB,11 0.3958 1331 409 1568 503 10 0.0725 1973 2186 2083 2366
nWKW8b0OdCKZSZ1ZzxuW1irgoxsj4eLT,0 0.9942 1054 775 1319 1075 0 0.9220 704 853 1286 1555 10 0.3818 14 2077 89 2210 3 0.3742 694 1718 1544 2084 2 0.2763 1199 823 1297 1021 13 0.0625 376 1699 625 1864 11 0.0522 555 420 775 488
ZvNGKyagY0EgA6mLrmg5l671dkpFQtSU,3 0.1027 728 1562 1434 1855 10 0.0540 172 1945 257 2121
F2qo6OQUv9DkTOhwRawFwjWkDOqEHtb6,14 1.0 0 0 1 1
jz4uGf2ZaKsquxfkUqENM36nHxse2I1b,0 0.3902 1807 0 2178 303 0 0.1106 1748 1135 2068 1507 10 0.0854 2551 2805 2704 2941
XVcLFPrt7lGUtBEMtXwbvHmS6egxwM26,14 1.0 0 0 1 1
nnyvrLuqN3XCBFJHqh8RMUGa4JRW7Rys,0 0.3071 1708 709 2013 1016 3 0.0583 1403 1630 2375 2031
4mL8zk4eJso9zGBv8fi6oe0bnSDpaZOJ,3 0.1793 657 1296 1492 1778 10 0.1289 1771 1762 1827 1874
jr7oi8Huj6leD2nzABJIC4EyHQsIWJuz,5 0.6675 1178 335 2023 1696 5 0.2260 1386 975 1949 1647 0 0.0978 798 577 1389 1140
eQuyLhFD1YLw9i2Sl48U6JXjLpp7OS27,11 0.5834 1555 2141 1964 2459 5 0.2319 1190 483 2037 2602 5 0.2271 16 356 1154 2480 11 0.2144 1871 2326 1996 2573 5 0.1213 198 281 1995 2548 9 0.1013 1167 1932 1967 2492 9 0.0884 107 317 1288 2540 11 0.0797 1893 2350 1980 2516 5 0.0673 8 1174 874 2532 10 0.0533 1889 2340 1998 2559
qlZDnlPIvoDrVNW3nq53dLpjuIm1ttjR,14 1.0 0 0 1 1
TvIo7deEXY9qM63OdIlJD9sUnGkzokud,3 0.9938 929 1251 1962 1693 0 0.8617 1222 704 1486 986 10 0.0695 1871 1529 2173 1912
r23xdR5ydqDWt7spFbqTCojpvkga8uVi,13 0.2901 1785 602 2288 918 11 0.1270 1625 141 1981 272 5 0.1044 1588 899 2446 2444 13 0.0625 1590 1000 2134 1547
q1ou0VnaQhtVkiF2jHIxvIRz65XYak0E,10 0.1967 2051 1988 2135 2118 3 0.1711 948 1583 1853 2001 8 0.1197 1802 1587 1867 1649 11 0.1067 2052 1992 2137 2116 0 0.1067 1194 754 1473 1070 9 0.0730 69 53 242 197 8 0.0632 663 1848 712 1900 7 0.0625 2 1039 40 1127 9 0.0549 1 1036 38 1130
02j4dwKHm8evenI8kZpGEHIxrfUtIMCz,3 0.9930 902 1338 1993 2001 0 0.9912 1212 750 1497 1052 5 0.3585 1437 820 2058 2010 9 0.3582 924 332 1463 1851 11 0.1653 712 234 1059 417 9 0.0772 934 554 1305 1625
3cLFBpHRoxSGPPJxXy3FDEhzKNqPjZUq,3 0.4352 809 1228 1656 1719 0 0.1424 1078 577 1319 791 13 0.0764 422 492 666 633 13 0.0576 440 512 725 688
YpDsSKiR6uI47MmPmFEw1DgxvfR7KbRy,14 1.0 0 0 1 1
LyBH6oNTCx5hJdkyATXaUOrMhoHSAsIh,3 0.2573 924 1655 2140 2168 0 0.2040 1380 801 1758 1194 8 0.1475 2204 1576 2324 1719
swBUIkfjlaAwWfQT8qDFF79wr5FkInSi,0 0.9396 1025 837 1219 1033 7 0.1972 1482 808 1613 1037 9 0.1100 77 550 1064 1915 9 0.0846 1500 791 1601 1022 9 0.0509 154 1684 878 2353
79tq5BUbfAMecmbKGbg5apeVD7c0DcxP,14 1.0 0 0 1 1
8C6SVzNNlloFzt2BlpnBoBUcpY2gEK3C,0 0.9822 1307 991 1637 1402 9 0.5080 468 1882 964 2067 13 0.1617 444 1866 956 2038
ixaTEf3iHmBMt0wP8aSaBwv37cbsZIas,3 0.0586 932 1631 1887 2093
aO5blwfbZjtyFWrF4t3vxDtQ9wnoa7kI,9 0.5469 570 2096 622 2147 8 0.1165 567 2094 622 2148 3 0.0668 802 1271 1631 1621
GBq1LXPQWO0xNKjXsPQLjZfpHLm4a9lW,3 0.8007 1135 1751 2198 2059 0 0.1381 1405 962 1668 1273
PM347ysEKjhycimMTOjyz5ouLTPkKroV,13 0.1451 1193 1513 1278 1712
I4qe85HjC0GRUhnutYF4kOJaH0MQRtBV,11 0.2126 1177 343 1352 391 0 0.1156 989 657 1228 908 0 0.0535 1008 5 1304 157 11 0.0533 1226 345 1399 402
3bEV3rl8f0HZBka41JT9VtI2IWdxbt9W,14 1.0 0 0 1 1
Sn7p5QuTv5XBcI0jxqJeVXsT0FOqPlEf,11 0.9683 469 343 679 512 11 0.3924 1207 337 1411 387 11 0.2544 508 346 771 486 11 0.1678 524 352 666 455 11 0.0939 1232 329 1472 415
yAc8cVMubFmWTdiNUuftI7WKaTGeRsMT,14 1.0 0 0 1 1
vp08BifE5MEqh3gWUmBsQ87zmGudWfmi,3 0.1946 1038 1389 2081 1780 0 0.1579 1269 775 1580 1128
nKhCJ6uNiiz4SdsqL14ASsc9bOJCEByV,7 0.2856 232 533 776 1511 9 0.0532 74 498 667 1379 8 0.0525 442 796 688 1082 7 0.0504 435 682 688 1143
kZOJtDAhfamKUkDGu1WZyiESKN112Xbu,5 0.4631 1665 1184 2101 1677 5 0.1088 1507 931 2127 1737 3 0.0697 897 1358 1977 1703 7 0.0622 1750 1169 2136 1656
cwcAquoJtu4Nj6aFNyVxtmFoCenEKtuB,3 0.2599 785 1572 1656 1880 13 0.0804 1647 1196 1738 1257
lwoqdYFYPGeOvshTqnZJklrWR9UOJKTg,10 0.9393 555 2054 644 2202 0 0.8758 1323 703 1543 958 9 0.7263 1102 723 1454 1995 11 0.6106 560 2084 639 2218 3 0.5986 1035 1586 1917 2066 2 0.4264 1485 821 1528 910 7 0.4239 712 1824 1110 2076 11 0.3786 847 367 1029 473 9 0.2169 544 1792 1145 2232 9 0.1402 686 1818 1041 2060 10 0.1273 545 1956 638 2220 11 0.1045 962 375 1158 419
pAm7neeUwq8qLaQEa7d5dwlOKvagScKG,0 0.9636 1656 826 1999 1207 3 0.9065 1339 1819 2356 2259 4 0.2461 813 1821 948 1993 0 0.1852 1501 837 1997 1350 5 0.1197 2290 1897 2676 2298 0 0.1179 1270 830 2047 1542 8 0.1081 834 1838 938 1954
ZUtHL76vfWQCDwrMiHVJG5uTxSj2UPXK,8 0.9624 1985 1809 2090 1921 9 0.6302 1954 1798 2093 1931 13 0.0614 1966 1783 2105 1923
at9SFYyMKEDyi1yalpyZsVrbtgqIQ9mj,0 0.9895 1193 682 1461 966 6 0.5855 639 527 847 727 3 0.4641 929 1342 1863 1767 13 0.1653 661 513 817 700
VYag3uPgmtoSTsu6oQIRqgtKKbP2jpQw,3 0.3648 982 1665 1897 2062
wgzBoVY3JqoRGz7JlOdWFVpfi5QQDJDo,10 0.8380 1642 1765 1747 1911 11 0.5202 1647 1788 1740 1920 11 0.2664 1662 1806 1729 1887 10 0.0699 1594 1725 1752 1926
EQAFwpEEhLm4Rvn73YgIOQ59lXIzHZPQ,14 1.0 0 0 1 1
Er3qq5MEyQ6nVfqoPFbSErHHoLG1bXsQ,0 0.2129 1521 612 1820 923
Snb0TudloDvRWYPgYCqXSFlWcRYaE8eA,13 0.3203 1841 462 1921 645
6viuP8GNbNq0RgnkKE5D0lEIRrei4POS,11 0.4315 669 212 994 319 2 0.0726 1554 1808 1667 1921 11 0.0719 1568 1816 1616 1880
vdBfs1Xvkt0WwHKIBWvLLBrsu8MnEHFj,3 0.9152 1021 1345 1989 1720
DkyukIQ8T4SUEICdkM0QI5t6NoVoATJz,2 0.1048 920 1702 1378 2713 9 0.0608 943 1628 1394 2758
dMSf7GHMl3H3SKZknLtvkkcpEK9qkY2Y,10 0.1686 115 1757 189 1853
jRVFv93fBX4iSx334FuMJjWDBuY1jnck,0 0.9338 1097 799 1341 1064 10 0.8208 28 2280 145 2422 6 0.7871 376 454 919 1155 13 0.6789 363 448 912 1164 4 0.6740 458 463 926 962 1 0.5506 438 402 909 1025 7 0.5313 394 471 914 1087 11 0.4331 475 425 730 564 11 0.2493 29 2283 144 2437 3 0.1430 746 1688 1704 2194 11 0.1118 543 422 843 528
Kfx0PSoNv50tQ1XyxNssQSdrqWbnYf07,3 0.4405 940 1440 2078 1937
WKURO0Ru5FAdxR4GBPnijGT7Fo1oTSWj,3 0.9725 1266 1676 2368 2106 0 0.3152 1645 923 1939 1237 11 0.1305 622 1987 747 2161 10 0.1126 618 2004 731 2173 2 0.1020 1817 1081 1889 1152 2 0.0738 1782 1072 1898 1168
6Fw2axQM7nHt4L7JS3wGlvEKpuGJvrfo,3 0.7225 778 1352 1517 1615 0 0.2625 1027 709 1252 945 9 0.0839 0 461 438 1158
XuDeoPRXw17t7aNze9vV64XNbUhhygmV,3 0.9967 1031 1864 2382 2501 0 0.9937 1549 831 1890 1210 11 0.9757 826 360 1254 526 7 0.9632 2204 1808 2610 2547 8 0.7413 722 2060 890 2222 7 0.6762 1973 1358 2623 2466 7 0.6278 472 1234 1192 2376 5 0.4785 1931 1216 2648 2556 6 0.3747 1953 1341 2631 2552 6 0.3390 545 1430 1155 2416 11 0.3317 1642 325 1953 642 6 0.1734 2172 1780 2605 2558 11 0.1310 1683 312 1913 474 7 0.1293 2293 2086 2528 2475 11 0.1211 926 362 1274 457 11 0.0802 1849 287 2199 467 7 0.0636 1125 565 1484 1517 0 0.0513 1128 805 1935 1575
LMfgcPacBDI4aSOp2Slr6G7bos6uW67p,9 0.7700 1306 0 2179 367 9 0.4111 8 710 217 1730 9 0.1448 2185 731 2328 958 7 0.1132 2181 735 2335 960 9 0.1092 1264 1845 2136 2528 9 0.1054 2055 754 2331 2389 9 0.0815 884 0 1960 434 13 0.0685 422 387 971 986 8 0.0602 1594 2486 1665 2560 8 0.0536 550 2657 773 2822 9 0.0513 872 353 1457 2405
SfDAWqSgjoyE0ymzIs2wROQ41UFmuNHJ,13 0.5039 1946 2056 2088 2120 8 0.2660 1934 1907 2012 2009 3 0.1310 815 1591 1958 2162 11 0.0785 1412 335 1756 432 11 0.0618 1508 337 1743 405
eal8udTYImuvkL4kaN9kkwp3qN6u5SLZ,14 1.0 0 0 1 1
5XNDgJAnasJYfH9DNlOIoMFQLfOZzzcV,10 0.3894 109 2371 283 2572 11 0.2256 583 123 815 179 11 0.1888 551 117 861 206
LHfsr1kc63AiiuYVFurRuIgqOdGe3zUE,10 0.3646 409 2180 517 2313 11 0.3158 1101 468 1383 544 8 0.1832 1396 660 1432 697 8 0.1395 1314 570 1351 606 0 0.0820 1572 954 1872 1312
RTafeXtM8Ihc6Xhrq4NsyLfcdj3W5Im5,3 0.9966 798 1256 1650 1621 0 0.9896 1042 660 1299 951 7 0.9708 1578 1366 1732 1598 7 0.8638 1552 1298 1754 1651 11 0.7582 190 885 353 1645 6 0.1338 1533 1351 1756 1648 11 0.1314 203 1178 315 1540
zXDTQyp2UZezxjvtpYW7GhaIX1vMOrg5,14 1.0 0 0 1 1
xD6vXs6qXA74Pw7jiwp9qTwerwn3GVCO,11 0.8810 599 293 911 385
aNS7X4trMfQaEjj8kLcu6ALy5kjmVAyY,0 0.9261 1011 637 1223 840 3 0.8101 744 1305 1595 1635 8 0.0852 1423 786 1478 849
P4JJlkomXHu64ftDefJGpCNihxgjB1s1,3 0.9898 1328 937 2368 1463 0 0.5949 1603 353 1886 623 11 0.2745 1742 95 2040 287 9 0.2065 1524 1357 2414 2029 11 0.1423 1708 92 2200 414 7 0.1406 2277 1022 2430 1267 9 0.1110 1414 1325 2039 1943 9 0.0694 1794 571 2047 848 9 0.0673 1317 0 1830 949 9 0.0645 1800 80 2048 265
fpLOmTNJK4TV80dofRDq41A5ribkjn9K,13 0.7187 642 434 839 785
wYAcZBTsugKKQtPuLmpTpPbI5KOCXM22,3 0.7625 830 1364 1495 1679 0 0.3985 1115 794 1296 995
POVtxRtwc1xZC4yraqoJbN5SsNmrsI4a,3 0.3088 879 1548 2060 2157 5 0.0861 1527 305 2386 2086 0 0.0796 1307 689 1626 1050
EJ5tvfJkF1aq3e0kZNidjaiCARTtPVnJ,3 0.4233 743 1402 1917 1874
yuFpLuQeSUGJsdyUWs0FLOu6j6WoJ1ES,7 0.1615 550 719 603 839
dEzdg8QBDizKx77fGtI5qjqXWkbyrbf3,14 1.0 0 0 1 1
yki4qgKK7WZoFQB6kAUB9RXXtmHHKBUB,14 1.0 0 0 1 1
wnPqn6DXRjNiEcjx5C7M6PeaV2P0ZXYr,14 1.0 0 0 1 1
ImWtLhLQkrpugET4DkyPpbQq4vqJOi84,11 0.7344 1543 459 1721 572 11 0.0962 1491 467 1678 526
asIbuFesl1OifnseLbVacqDgAuIeZnCc,3 0.9976 893 1698 2173 2262 0 0.9785 1207 1029 1512 1325 11 0.2144 553 650 907 734 11 0.0935 1368 619 1589 677
lfIaPWTMwpj4KmvZIn1KqHVKJDGnAojM,11 0.3388 843 297 1240 410 11 0.2009 758 274 1253 494
drSs0hxajhWSBp1OvlMwyjGKveMmadSJ,14 1.0 0 0 1 1
4STTlOrhXxFJE9kpKLX1w3IYnwC7Oph4,0 0.4708 1360 868 1668 1249 13 0.1229 1624 629 2052 1015 8 0.0876 768 2223 827 2295 11 0.0700 856 534 1115 616
bV3kwK7fFTUmcg1Ft35WrbehM9qLraGj,14 1.0 0 0 1 1
dPjGPHKh9zkIW1fpAZXEakAlS5irEyuc,3 0.1411 960 1629 1909 1980 12 0.0539 307 97 1198 2071
QepZv7OjXRlpbQ3Bnn4hJ10DbHCrzXRj,14 1.0 0 0 1 1
VIdKSl9OwPyN7g7QHJjYjCHB6l6DQTJ8,14 1.0 0 0 1 1
6WOfYbc0sUrryQwanuwAWcOAGbT3B04S,11 0.7431 1433 420 1725 488 11 0.3401 457 443 711 768 11 0.0761 1409 418 1787 529 9 0.0634 443 414 712 770
4PKv5IQ31992wESAknKYHkgGmSmMv8XS,0 0.8295 1190 772 1523 1123 5 0.1018 300 548 966 1373
yyQ9GfUEwvc3yHLnEkKhsfkVViZ7wtdB,3 0.9592 1011 1824 2195 2285
pCYJYq6SCxdbDOvKUo1c58yonMdYmNKv,14 1.0 0 0 1 1
CseunrmY9r6CdZxKDkNtIzSwd4UmsVMf,10 0.2512 149 1983 249 2165
6csGdo7Km7cIH0mYO5YBKXqjZG3J36HZ,3 0.9662 929 1743 2115 2241 0 0.6260 1345 678 1662 1068 11 0.4309 828 296 979 378 2 0.3110 878 1396 944 1458 8 0.0559 1364 2335 1909 3023
TARFBLG2qCSd7NkLTKrr5uijbanlsFhr,14 1.0 0 0 1 1
Ty7WGUPLgfNtH7fpCscro6VN93LKoX9e,13 0.9037 489 671 865 1053 6 0.5745 515 661 827 1020 11 0.3937 620 403 811 552 7 0.2517 496 680 816 1025 13 0.1794 479 545 997 1126 8 0.1575 538 648 783 975 9 0.1052 579 521 900 702 6 0.0862 431 473 949 1013
e2YcRXSiTuPtWhA9ScGh7aBYkoDjrwek,14 1.0 0 0 1 1
srvJwhnnjLWA3b0x8gC8U7SSML05KGDg,3 0.1538 1090 1264 2150 1661 0 0.0598 1394 501 1676 829
0ng7zbNdD7ztJQTjJhoooJlhZLZhrn0T,3 0.1072 636 1408 1436 1867 0 0.0996 1032 7 1431 372
02kAZa2prVWknnNS94mjwf9YORoLbuMJ,0 0.2086 1010 662 1235 917
LDFGlBTEEx2brAah2imPozdTaNhwMQmb,9 0.3137 1020 1626 1654 1789 10 0.0800 96 1919 152 2050 8 0.0530 1449 851 1550 953
j8hRe5ptYEt9D00hH9JyQSRjOKLTD7gC,3 0.1645 841 1237 1639 1515 0 0.1489 1039 676 1310 990
keLwgV0h4BhYuBYR7N7XxK8iHKiTfR9s,3 0.1163 1009 1488 2095 1853 0 0.0956 1350 759 1618 1098
hGaIuWKXLqooT7p4xzHPdAjjDwVMK3mh,14 1.0 0 0 1 1
Xzd7ai7qepRiI1IpvBBrQVUg1gjUeoPP,11 0.2194 1645 2192 1776 2265 9 0.0948 1427 1880 2175 2382 7 0.0591 1410 1730 2210 2426 13 0.0547 1597 2051 1830 2226
LdIuXk0X2rt6NtoxNIjwCX7df7zTypEs,3 0.4878 717 1486 1631 2101
Uo4r9sSowCBQBfriWYhDcUpm21AMAH5d,3 0.9778 750 1546 1628 2015 0 0.8536 1031 941 1278 1235 0 0.1375 887 929 1282 1350 9 0.0828 775 2 870 74 3 0.0738 531 1452 1661 2208 10 0.0625 1733 2090 1805 2219
3KVhVRXIaAHApDWryhTvZzxJcUCGda6i,3 0.9989 1094 1653 2284 2142 0 0.9987 1489 698 1839 1078 10 0.4470 2354 2092 2507 2283 5 0.2067 478 1322 1008 2064 0 0.1882 1307 671 1833 1166 0 0.1757 1109 731 1908 1534 4 0.1555 543 1683 1362 2278 2 0.1201 1615 870 1729 974 8 0.1168 675 1963 799 2068 13 0.1054 671 1783 829 1886 11 0.1018 1767 365 2072 522 9 0.1006 546 1732 1411 2323 9 0.0803 669 1953 785 2082 11 0.0775 1664 388 1944 450
JBMoM9Rm144yKg5TVZXeRXoTgCvRYuyH,11 0.1518 690 381 1059 462
6cydgpdvyYsb30HuaZINXPGwcfwOZuOr,13 0.6737 583 1457 687 1617 7 0.1698 1531 977 1729 1276 9 0.1243 1852 381 1994 700 9 0.0742 120 1550 913 2184 7 0.0543 197 842 595 1614
5fihHmScxSp1qVkusE0E8op9IxlByOj6,0 0.9982 1348 763 1644 1083 3 0.9939 981 1517 2045 1967 11 0.2978 1503 449 1747 497 5 0.2956 613 1517 1034 1942 10 0.2883 2132 1751 2251 1898 11 0.2651 1507 441 1721 480 13 0.2615 1849 1731 2253 1889 11 0.1989 1424 442 1735 515 7 0.1910 917 1329 1152 1592 9 0.1591 1822 1753 2288 1954 6 0.1120 704 1587 1065 1909 10 0.0799 2169 1753 2279 1921 11 0.0739 892 472 1061 528 8 0.0613 939 1358 1123 1556 10 0.0536 440 2015 615 2252
FH39W0HhWGFpPHBHQ3dcZNUeeRUeJtCc,0 0.2087 1377 741 1777 1149 11 0.0865 910 280 1222 401
cEUpmGbYqFCsrRmK2jVt7WB8zp32GteX,14 1.0 0 0 1 1
OVnjzQOXYZVwphSs9aRzkyoPMDNEwJS7,14 1.0 0 0 1 1
hbwPzuprqfUmwwsjz498gruGBUilPwcP,0 0.3816 1016 986 1231 1245 9 0.1618 0 537 866 1511 11 0.1470 612 684 813 761 8 0.1412 652 1068 686 1113 7 0.1394 366 873 654 1368 0 0.1196 890 10 1343 343 0 0.1195 872 0 1398 173 7 0.1134 89 760 752 1405 9 0.0799 383 883 642 1309 8 0.0543 870 12 1357 338
34bpY0qv7hc58RmkLqtl2sgmEpjZoaO9,5 0.7699 140 229 1065 1906 5 0.7413 1297 289 2174 1847 5 0.2032 1597 940 2058 1703 11 0.0754 1391 234 1629 275
FWFpwDHFCnAMx9JGhNZJDSxAY1rqld6S,10 0.0640 230 2439 321 2553
0ig1kgl4DGwQy3BZrF9obcD96Jcvm0sn,3 0.9983 853 1603 2048 2197 0 0.9948 1219 766 1611 1245 5 0.4258 212 1270 877 2075 6 0.2070 219 1341 963 2090 10 0.1338 2100 2092 2211 2410 3 0.0933 923 1551 1946 1804 3 0.0787 855 1425 1982 1948 5 0.0566 150 557 1015 2066 11 0.0505 1387 427 1595 486 13 0.0500 2034 2088 2112 2152
B0OqRAeLJIXXSaHRYB4TYLtvKaGURKET,3 0.3626 774 1488 1979 1967 11 0.3322 1907 233 2184 476 5 0.2316 1724 818 2372 2099 11 0.1036 661 162 1024 266
eWFNth0X0mzAliqke3nAhXacsPIQKSLd,3 0.3245 595 1297 1507 1762 0 0.2168 907 0 1314 198 9 0.0757 30 1586 752 2369
EDO0skpZiwc9dmfQEBNsC94zHo7KIIoT,3 0.7535 1350 1529 2446 1892 0 0.1046 1733 772 2027 1048 8 0.0540 1123 1535 1378 1713
1hDH9sc90v7CgxJ2lNuF8XpUWhrHH02C,3 0.3989 826 1074 1628 1328
o20Pxc0WUmwUukSBHulaIpJSrqUHnFcE,0 0.9871 1342 765 1700 1169 11 0.9802 719 318 1162 489 11 0.9009 1553 297 2105 575 7 0.8502 1552 347 1995 545 10 0.8203 249 2625 364 2786 13 0.6765 520 849 670 1021 9 0.4105 1711 563 1750 607 2 0.2903 1687 546 1762 612 11 0.2181 670 338 1220 614 2 0.1401 1706 558 1750 604 8 0.1389 1710 561 1749 604 9 0.1306 1950 308 1987 350 7 0.1103 767 338 1197 673 9 0.0874 491 1320 631 1451 7 0.0678 1529 269 2070 595 13 0.0529 429 744 1018 1299
ZzciHfJHBEpcjSvxNpDJwjmFHVdV9eIR,14 1.0 0 0 1 1
dEnM6jegbWaTljP7rbOqtVxj9gvDYQIU,13 0.5847 1642 1307 1904 1689 11 0.5243 1804 479 2007 656 11 0.0607 718 537 1136 635
ZGtAAKRUBsiY9NbCzC5XDNnH85m0OGF7,3 0.2983 743 1150 1674 1552 9 0.0690 944 194 1164 844
quT33oCn9TJEeP4dQXG1UaQdjqXD6gkd,0 0.9601 1025 600 1310 883 3 0.9010 699 1222 1698 1687 3 0.4835 344 1285 1752 2035 3 0.4787 0 1364 1942 2376 7 0.1590 182 378 956 1672 9 0.0782 793 88 1231 1183 9 0.0768 843 347 1113 1014 11 0.0746 43 283 829 1593 9 0.0622 48 1242 940 2391 5 0.0550 1280 1290 1939 2430 9 0.0526 1165 1299 1945 2348 7 0.0520 117 1000 895 2046
bsJZc7vIJgkC3LtZlyzlhDYqlklCPX7R,10 0.7051 41 2079 145 2175 9 0.4354 1200 1699 1617 1897 11 0.1489 1236 449 1395 497
qeJqeBh2RApKqx8VBxflZU7zQw6WbdNH,0 0.6555 1043 808 1269 1064 11 0.3013 586 441 936 566 11 0.1255 1265 486 1483 538 11 0.1239 614 476 839 528 8 0.1155 838 647 934 765 3 0.0894 659 1471 1561 1929
HApZ4xGPQNXMfjheev0qsCmD4nxEgspr,0 0.9941 1419 885 1820 1339 11 0.8546 1620 476 1935 549 3 0.2912 1034 1838 2112 2226 11 0.1733 760 408 1224 589 5 0.1640 351 589 1226 2300
aLcdJp3ervQ8KLPFSSLzHZm955M5qDBk,8 0.1798 2020 759 2077 812 10 0.1396 244 2431 353 2548
9oTUyRFeMGzJql1QuJvkKDt3G4fs3jFP,11 0.5978 1442 396 1622 507 3 0.4850 832 1506 1740 1904 11 0.1615 568 409 749 484
50clXpVru1Mzs90gabSV0GtAQSR49ty6,0 0.8089 1320 802 1608 1138 3 0.3443 950 1667 2018 2153
Z8xyU37cWnKIucVAO4n2K7utVAaA93eg,14 1.0 0 0 1 1
gbadgqItE236rI33QaGyEqPmasitTYxH,3 0.2561 986 1476 2184 2091 8 0.0883 0 40 47 109
GLCAlXpFo4EfkqGY8ffLCzp0ocWnkWUx,11 0.0694 675 384 926 453
m9hivkK8LPyrtlfcyNyxNetewzNIY00G,8 0.1901 796 1811 870 1897 9 0.0518 785 1819 866 1891
MgAz0PhHNH4g2lVPvb90pKtjPAXma4dS,13 0.4837 1936 1370 2075 1424 13 0.2587 1866 1324 2064 1427 0 0.2186 1182 722 1442 984
Gs4x5Rg8YJSzjRWmIUZLq5nbK12dZsOK,13 0.9738 2076 685 2360 1026 0 0.5375 1653 1003 1973 1304 13 0.4712 2144 833 2366 1030 8 0.4669 2177 858 2343 1011 6 0.3320 2163 846 2370 1023 11 0.3120 2080 596 2406 746 7 0.2278 2169 849 2351 1019 11 0.0677 1972 607 2277 693 9 0.0607 2165 860 2344 1035 11 0.0566 1936 582 2333 729 13 0.0501 2144 796 2297 993
ZsODKXE4hTfXmAnCKJPh7j2NfnOTu0th,3 0.9815 732 1790 1723 2222 0 0.9732 1133 975 1418 1352 13 0.5984 1693 2114 1937 2208 4 0.3575 624 1789 911 2126 11 0.0690 828 545 998 621 0 0.0669 971 963 1403 1454 7 0.0608 640 1823 893 2088
kpHnCzd3XGN0lSR6bXqSUEbgl3zHPeOn,0 0.9918 1147 798 1368 1051 6 0.9724 331 1375 922 2178 6 0.7732 1501 1430 1896 2187 5 0.6271 1395 1194 1934 2203 11 0.5285 1369 464 1663 563 13 0.4078 278 1218 892 2151 8 0.3823 1595 1773 1731 1912 3 0.3708 793 1741 1701 2288 7 0.3354 1448 1369 1882 2208 7 0.3229 304 1097 884 2081 6 0.3100 1571 1724 1880 2133 11 0.3003 1296 439 1604 536 12 0.2855 55 227 1091 2564 6 0.2585 274 1087 857 1974 5 0.2313 287 1043 870 2210 6 0.1768 444 1513 897 2025 9 0.1378 104 456 1070 2167 8 0.1345 350 1827 455 1937 11 0.1120 658 419 962 513 11 0.0957 680 433 920 491 4 0.0928 273 1167 851 1932 9 0.0847 855 744 1285 2243 13 0.0596 509 756 783 948 8 0.0593 281 1087 837 1962 10 0.0590 212 2451 302 2600
W9bcZ3Zr2AmnuWD5N66SiCDpF5TxqMrT,11 0.8533 1444 486 1911 667 7 0.8525 1579 1400 2063 2098 0 0.7501 1315 849 1586 1149 13 0.7414 1472 607 2062 1342 5 0.6823 457 1078 995 1958 3 0.6708 993 1765 1900 2164 7 0.6324 1487 578 2070 1434 10 0.5501 1662 1370 2133 2158 6 0.4621 1492 619 2040 1268 11 0.3418 1783 1296 2152 2119 7 0.2277 1491 971 2058 1908 4 0.1391 1447 620 2043 1313 11 0.1016 1451 518 2013 786 1 0.0825 1430 597 2017 1347 11 0.0757 769 468 1042 548 6 0.0681 1422 715 2052 1776 7 0.0597 1736 1357 2160 2195
qqcwk7lwDH8S1x7ypJ5KtHOEj7hbWd01,14 1.0 0 0 1 1
8rgg65zZR2myjFtQZexCaqO9wpxbgFb2,0 0.9396 1223 799 1462 1076 11 0.8112 784 467 1030 519 3 0.7706 903 1591 1764 1944 11 0.5133 1364 446 1575 496 11 0.2519 906 469 1037 521 11 0.0986 710 443 1048 585 10 0.0606 341 1965 390 2064 11 0.0510 1312 427 1599 522
ZGy8GTZPx20dN7WIPimet5zWPJBFMoYW,8 0.4489 431 1743 484 1798 9 0.1862 432 1752 485 1796 11 0.1636 672 705 876 759 0 0.1092 1057 976 1299 1219 3 0.0502 777 1586 1613 1934
8VSGylwuUlIWfDuaL6FajgySDm0m5pqP,0 0.1324 1247 849 1555 1243
Kihy6Ph4DYPPjgBusEKYvcK1MWN5SijC,14 1.0 0 0 1 1
SqRdWTWEC0vbnSiGKdHXXmfrs4FFLrch,9 0.0714 0 1574 52 2377
xoj2VQcOAQY2PsfoMyA9uSrazWJSRhsI,14 1.0 0 0 1 1
a0AG1Hh9NcbrQPYhzEFOLDp8BcITo01e,13 0.0542 1536 1064 1692 1154
q7XyZSRuZRzE14ByukO8L4SVZxUmgPCy,9 0.2065 1541 1448 2131 1745
StN6rt7OoWqLN4fgp2LgaqbCcyARAe8G,3 0.7852 889 1622 2009 2020
NpLtJSy1KW6f5nha9pjuCQhPS4VtTue7,5 0.7466 449 880 1233 2438 13 0.2182 730 1250 970 1391 5 0.1095 531 1361 1072 2317
EP5rK9PvzZ6Kl75lrl5KN4qFPaU5HpI7,14 1.0 0 0 1 1
3eCbREkX5HFE0Tksy7cDf0s8fcWEe6q8,3 0.6822 594 1393 1476 1811 11 0.4767 1117 422 1414 519 0 0.3807 947 765 1172 988 0 0.1558 832 2 1295 297 8 0.1165 200 1576 289 1671 9 0.0781 101 1581 650 2074
YTcCemx17736cb5uoR8mPCKh0blsQPj6,14 1.0 0 0 1 1
ZHr0UnDORxhozgj1HJymUY2IBE020ILh,14 1.0 0 0 1 1
5oOq2n1yypjkREkFKVNfjVGuU58ArTip,3 0.9975 1174 1381 2322 1883
xbGA6m9h2PQ5h7CMTDp1VNw3EdT2LehL,3 0.5782 1215 1463 2132 1838 0 0.0942 1307 776 1884 1294
yQf1uaBO3voH6DkFNXzJp5Kp6s3VKRND,14 1.0 0 0 1 1
Zv3IsLnze2gecZJA9024QX45q2g2Xb3c,10 0.0828 262 1824 361 2012
j0JqNaXD02cw74a4M6JccQSeiQVtyDJn,7 0.0547 409 1706 875 2142
wCo8fwCjgnGwY03VtRK5STMay4nojggA,7 0.1841 138 533 737 1661 9 0.0994 1008 1143 1053 1203 3 0.0960 751 1323 1545 1729 7 0.0541 1458 914 1736 1464 9 0.0521 84 503 651 1670
Uu1m5HqZXmr6e3XnignitWnn2HHXPNT5,11 0.1521 1703 409 2105 541 11 0.0707 1884 410 2144 550 3 0.0509 1126 1733 2155 2195
mDPw6hbjpOmsfIButjqTTm359o0FFxEU,0 0.7433 1094 606 1352 933 6 0.0752 1472 530 1593 624 13 0.0653 1485 534 1607 630
IZGVJBmpmv8E7zu2ccTgXhBtmAZ0C4C3,10 0.1284 180 1830 294 1988
ItheKzkIHrG950VEhZoIvA16PxhNanna,14 1.0 0 0 1 1
vU1BAZguK7RKD1XgnAXrW8mY6qYyWuF7,3 0.6420 961 1624 1988 2135 0 0.0589 1196 815 1508 1129
3yFPkMd9RucZxoO5uU00tA2kk2Nb1Ahp,0 0.9987 1092 621 1382 927 10 0.9986 139 630 851 1642 3 0.9949 651 1054 1786 1756 7 0.9462 307 919 742 1239 13 0.6374 302 932 638 1062 11 0.5266 222 325 658 971 6 0.4178 317 623 785 1268 7 0.3105 303 928 713 1098 7 0.1566 291 653 831 1290 11 0.1562 1423 333 1677 505 11 0.1066 546 376 849 460 10 0.0925 258 916 815 1455 10 0.0719 113 381 799 1213
BUpSDdbS8riyY9jSHQKwQCaBxlodyYsy,3 0.0569 1061 1495 2252 1815
Sk0kwOf8g0RKsRGM3sOgAFUkjDPJlRV7,10 0.6496 2471 2886 2576 3036 11 0.1928 1839 531 2039 600
eJHyVkJYbKqn4er3FPgxo90sBlRw0av5,11 0.0591 1166 218 1387 352
kDF4DPD7EYfQYzhltgyIIa63ay1jFqec,3 0.9429 845 1230 2055 1711 0 0.8851 1216 687 1597 1053 0 0.7215 955 690 1622 1143 5 0.2635 1508 694 2213 1761 9 0.1850 924 451 1462 1194
aDtUM07NNPPkwfSfhSuNXFfaUl151FI3,13 0.4029 2051 1746 2370 1955 7 0.3059 1744 1414 2453 2264 13 0.1787 2139 1748 2324 1852 0 0.0679 1332 599 1696 1034 1 0.0572 1750 1630 2412 2269
fuxiiG9zlClYqMqruYBeGIwznNMZ2dBp,14 1.0 0 0 1 1
HCaDskOGAIhr7oUfbTtDL0bgjTqYibqZ,14 1.0 0 0 1 1
dn4EzeqIG9nmcDREuS2lVguqwPWkbVtA,5 0.6305 47 470 1065 2016 2 0.3076 1250 912 1400 1048 5 0.1102 1292 547 2071 1912
uAh8eDryDw3O3Js4pQIofERCQgxCuMft,14 1.0 0 0 1 1
r0tbPR4e1CWScRdwbpw8oLvDUDpAOJG5,14 1.0 0 0 1 1
h8M2aWsjRazGmP3tuL7WyvxQGdNhJEKg,8 0.0965 455 2024 582 2179
1kkRVPrCDt0VSmJWLb7eZAfnOwRUuoIt,0 0.9974 1656 880 1971 1193 11 0.9647 1238 511 1488 572 11 0.9606 1846 458 2194 558 0 0.8464 1432 870 1966 1424 8 0.7772 1314 604 1404 662 8 0.7664 2136 865 2218 950 8 0.7424 2095 1228 2659 1848 8 0.7240 2153 862 2192 897 2 0.7212 2105 1234 2629 1870 3 0.5091 1330 1697 2365 2134 13 0.4966 1258 605 1415 857 9 0.3733 1263 600 1426 893 13 0.3000 2108 1229 2628 1858 7 0.2310 999 1372 1147 1518 9 0.2285 1004 1390 1140 1507 13 0.2263 1186 658 1400 916 11 0.2253 1081 549 1219 674 11 0.2229 1951 462 2268 615 8 0.2189 2163 902 2213 940 8 0.2075 2005 598 2040 631 8 0.1795 1319 621 1358 661 9 0.1568 2164 1268 2618 1881 11 0.1417 1111 505 1446 621 8 0.1380 1325 610 1368 653 11 0.1228 1984 1296 2609 1884 8 0.1211 2080 573 2121 610 13 0.1172 973 1361 1174 1537 11 0.0983 1853 474 2113 534 8 0.0851 2145 860 2205 919 8 0.0801 2221 754 2249 782 8 0.0773 1019 1397 1144 1500 13 0.0649 1001 1384 1143 1508 13 0.0644 1310 599 1401 666 13 0.0625 1211 626 1484 968 2 0.0575 1286 588 1406 708 7 0.0569 1264 604 1549 915 13 0.0522 1289 592 1401 709 11 0.0514 1797 484 1971 571
8CUX2CqCA6eA9sFOujASp7QRdP2tMl3R,3 0.9784 787 1108 1646 1446 0 0.2222 1080 486 1304 726 11 0.1332 741 284 894 351 5 0.0653 1676 418 1888 887 9 0.0554 1660 393 1952 933
wxVdY1KPgUfz5QtcawRVUdekphhQK1hi,14 1.0 0 0 1 1
0ah6kYTnaWKA7qw5bN4qMHIzZquvutIe,3 0.9991 1061 1548 2589 2075 0 0.9979 1600 775 2026 1164 13 0.6712 2350 1636 2750 1957 10 0.6518 2464 1540 2753 2077 11 0.4868 2479 1552 2811 2100 13 0.4062 2496 1576 2810 2028 13 0.2594 2396 1695 2640 1833 7 0.2426 1190 471 1512 1244 7 0.0882 1220 759 1485 1181 7 0.0714 2361 1543 2758 2053
Lt17SCoGqEQtRJUj0dzfz41dvK1FvKi4,0 0.9816 1155 829 1450 1144 0 0.2583 898 838 1452 1345 3 0.1190 880 1375 1796 1721
H7JANZcT6FgivWqXSss15CxlrxEqsXjD,3 0.9933 1082 1759 2403 2297 0 0.9869 1440 666 1793 1022 8 0.1042 1 160 94 241 10 0.0704 2526 2234 2605 2399
Nt1lf4EHIntdTApeHBciQgF3uR6gf98K,3 0.1395 1040 1479 2157 1822 8 0.0804 2018 1016 2067 1072 13 0.0545 1905 1036 2183 1273
qcpBqnVrk4y53SeP5umHfXnkNPoGaLdy,8 0.7702 2093 1075 2161 1157 9 0.2934 1 1634 72 1946 7 0.0774 2081 1075 2171 1155 8 0.0541 1808 1289 1926 1404
YZK9nDCXTIE3EMWTFbGzSbK6UrhlXvaq,14 1.0 0 0 1 1
z3zDtltoDVa5y4ArIQKec6DSlbnAbN7s,14 1.0 0 0 1 1
cdTgTjTzRUM7j2uO2FQBufvRYVmMv30T,14 1.0 0 0 1 1
HbqCNcPGvBx5p2t0OpCWZqYytAB5ROAE,5 0.9071 99 293 1119 2090 5 0.6738 1553 502 2295 1996 0 0.2292 1283 690 1596 995 2 0.1364 1436 787 1557 927 2 0.0805 1394 722 1586 960
zqS7e1Octuwr4pMSPhNLfHr5DFvfTwDE,0 0.0846 1137 973 1422 1299
igOrIcLhIgDXcewZL2nuJvHRKajmNxSu,3 0.1423 672 1059 1469 1519
Mx38bzs2ud5xDbP0E46473Ix15z5Yq4A,14 1.0 0 0 1 1
qX8BEhGasyb5IwQ3F525htyzYUHLXt63,11 0.9698 1172 275 1416 360 11 0.5593 529 260 832 380 3 0.3267 648 1220 1491 1507 0 0.1857 980 554 1241 842
rbepp2QRDOyX9k0fKS0JzkqEAWMl5KDT,13 0.9469 753 1945 893 2048 0 0.8448 1477 927 1758 1219 2 0.3647 2286 2164 2339 2222 8 0.1443 2287 2167 2340 2220 3 0.0713 1099 1749 2054 2212
v526XOVqDiptfuQkAejqaAjwmfHKMt9P,3 0.5934 1434 1589 2452 2178 0 0.5529 1700 887 1962 1215 13 0.2855 2347 1734 2501 1832 9 0.1036 1403 894 1962 2259
mk4o9G6gNZoSbCp0hLujkbhH1o3Z587G,7 0.1169 23 552 843 1649
elSSiygvfpy0fZFcMLEqE0tnrt0QNCHw,3 0.2490 1325 1392 2383 1809 13 0.1838 2310 1298 2509 1402 0 0.0708 1453 656 1998 1103
8KqFeKEL5mQjpFi1SCEchlDyz7ZD8q48,3 0.9994 679 1009 1793 1595 0 0.9957 1037 456 1447 905 9 0.4476 291 523 367 602 8 0.3016 1957 938 2046 1065 0 0.1965 1030 468 1537 1228 9 0.1583 849 484 1298 1697 9 0.1257 0 1108 634 2421 9 0.0882 1 1474 112 2346 9 0.0729 0 1287 298 2428 8 0.0721 1381 55 1479 137 9 0.0567 1789 891 2029 2295 0 0.0549 767 509 1477 1327
gPtkdPjEYV7ef7ILzOJI6Bx30Rl79aVV,14 1.0 0 0 1 1
Km7PFeZd7PDPmxOsXoP5ogZ56idq1t9m,0 0.9820 1135 878 1426 1210 11 0.9391 603 493 936 584 11 0.7895 544 492 808 639 3 0.7246 757 1705 1661 2023 11 0.5810 624 511 908 559 8 0.2173 685 1018 715 1064 11 0.1299 1245 535 1566 624
KzfBxY1lvg4BQ4h0KbHb4IOau1G9lWyf,14 1.0 0 0 1 1
fK0zTPNvO8VuG6oXb3j5ge45Huj43P6e,14 1.0 0 0 1 1
EuWtBAViJYYtMKRcLuBnzcj2mRds3jZF,11 0.6112 1246 419 1451 504 11 0.0505 1231 429 1419 480
m8h2QDcovPn87X9xtDUCus3IjYjyWabS,14 1.0 0 0 1 1
awliWuMl69n8UnTkihMvfarAJeLjAQUg,8 0.1905 310 1224 376 1301 8 0.0891 348 1195 436 1272 3 0.0766 103 1650 1832 2397 9 0.0589 281 1456 350 1556
waa5KJzG7FHxhAaQV8rycQp28VTIp4fh,14 1.0 0 0 1 1
LZrUGOgoUOXbMWE7r51tlcFYfJsS7wQr,3 0.9966 771 1572 2144 2076 0 0.9933 1311 455 1790 1091 11 0.7940 720 113 988 214 2 0.3638 1489 512 1776 1029 11 0.3253 1442 111 1744 204 9 0.3019 51 1830 838 2284 11 0.2005 1393 100 1646 255 11 0.1227 738 152 969 227 11 0.0788 1547 117 1766 190 9 0.0582 549 0 1966 187
xfZr6dgaHzmvzsFNN1KhzHtRosERwYIL,0 0.9153 1190 899 1847 1426 3 0.8408 1119 1564 2176 1992 9 0.1902 2348 2564 2506 2812 0 0.1558 1223 954 1880 1802 9 0.1226 2374 2606 2495 2731
uZEfDB0sqXirs0j83aMlmDghm2ELfaSZ,14 1.0 0 0 1 1
GoSEzpdSS9NPoPA8D51uzldRZlGBdxbH,14 1.0 0 0 1 1
AYOKHfgIfBizdRkL1XwkioObHE2ZCpZH,11 0.0762 2445 2030 2905 2495
yTWeOAp3mCkVOVoqQmGPdoCkaeasS3yu,14 1.0 0 0 1 1
U7XBYhC7G2YXYYmXak1Vwinu99YGd4cS,11 0.3347 1834 418 2071 530 0 0.2432 1646 819 1972 1168 13 0.1712 1824 835 1877 973 13 0.0620 1788 841 1892 949 3 0.0585 1337 1420 2430 1872
dC4pIBEv66PtkmgvcnL2stVFUvCPQiBv,8 0.8702 245 1575 302 1646 2 0.1981 239 1576 300 1650
S9LFPVguyYtmczGVX0xne0i2gnIwVvuI,3 0.1830 1468 1708 2501 2323 13 0.0517 2475 1552 2629 1652
XlS4OqnTR3Qv1vB4UpulvrmZeWnhOeHt,7 0.1164 1684 326 1982 1262 9 0.1007 1686 326 1982 1279 13 0.0686 1392 464 1499 549 9 0.0562 1840 371 1994 728
ExlGxEYjsLHNzDEPC5ikld8rmUoP1saN,0 0.8933 1245 776 1646 1242 5 0.2471 194 522 1007 2110 5 0.0906 1577 621 2378 2086 3 0.0616 732 1550 2040 2090
PnK3TPzOftBEg4nLnvwE9Nw2wxOe8YzT,13 0.0806 431 1353 739 1458
KWKanizcpxljcUEVq88OL0q4ixxZOReW,0 0.4274 1249 719 1551 1044
pP6yg2OZ60r5RhOO6ObqrUJ6brsbYNxI,3 0.9981 765 1426 1749 1833 0 0.9964 1127 852 1466 1262 7 0.8819 764 818 969 1157 10 0.5156 133 1734 251 1952 9 0.4638 185 1563 823 1897 10 0.3308 1869 1756 1967 1950 11 0.1585 1251 548 1469 685 11 0.1247 1378 562 1591 677 11 0.0976 1275 538 1579 666 11 0.0792 780 549 973 600 9 0.0709 776 799 972 1166 3 0.0627 1015 1554 1718 1813 7 0.0563 1207 812 1473 1222 8 0.0539 1151 851 1488 1295
KZYlQHO1Jrk0qGrPnpQuEyZDA4KM3D0H,3 0.0952 1289 1481 2366 2016
PzueIaHA5W8kC19pBlX4FO3QN5okG2ZS,14 1.0 0 0 1 1
doWu15j9TnIwQTrc2FyUnvnquQtHxQZt,11 0.3056 1725 579 1950 729 11 0.2657 630 584 1052 775 3 0.2074 893 1808 2017 2220 11 0.1096 554 595 945 885
svfZPBzgm7OWcU6Swu6RoPWU95P2lvyT,0 0.9976 978 545 1269 845 3 0.9620 687 1205 1591 1543 3 0.3318 634 1272 1763 1743 11 0.2826 699 236 886 333 6 0.2645 169 1016 761 1670 13 0.2145 256 1108 712 1552 7 0.2007 161 954 663 1685 10 0.1841 1652 1394 1758 1536 8 0.1396 810 739 940 862 3 0.0835 275 1271 1833 2081 9 0.0736 862 394 1053 951 0 0.0690 1052 545 1256 760 7 0.0676 79 1038 801 2045 11 0.0592 524 238 893 388 5 0.0564 1212 1222 1780 2066 10 0.0549 1047 1247 1815 1916 5 0.0538 143 877 691 1824
Pw1piRzGbTIMYmuZrz8NohswK4h86XCX,0 0.5961 1125 826 1369 1104 7 0.2254 348 811 821 1811 8 0.2217 1560 1271 1693 1426 7 0.0758 1490 1204 1753 1720 7 0.0684 1541 1232 1707 1429
1AbtDxF3PzoFuWeZkAgK4UvlBdqcIDwX,0 0.9178 1321 724 1672 1146 3 0.8543 996 1442 2036 1880 0 0.2828 1112 706 1671 1273
5elnRPYAE1yzRlERdDjcau6yIVRR7fvN,10 0.0677 184 2475 295 2608
MWnP5PouUzdSlBO2q7no6fInUPefZe3t,11 0.4764 717 423 922 481 11 0.3333 827 401 1053 471 11 0.3139 1359 436 1594 499 11 0.1905 711 441 943 513 11 0.0714 706 405 1008 487 3 0.0531 1031 1497 1828 1935
lEb33tBXcSRYZDwrRRNrDzQVmksDfbhA,11 0.2356 1702 1751 2201 2134 5 0.1028 1363 699 2176 2109
GGSIrbArbfWmujBSXbZllUoaD7jdWfAe,13 0.1416 262 1181 440 1435 3 0.1068 864 1408 1689 1687
8gkYNIg703rgsyvoiqpaGghfUZlrEMsz,14 1.0 0 0 1 1
Io9X4XJdrWIB1FGfCoHl2lvHHyD0q8OH,14 1.0 0 0 1 1
MAohu49ko1qmpWbGdiVzgqEv09QUN9GO,11 0.6854 921 93 1272 218
1oO2FHrNonZqP9i854X6sio2hZj4R4h0,0 0.9179 1650 651 1946 901 10 0.8853 735 1895 886 2072 2 0.8181 1405 696 1627 962 2 0.7083 1418 801 1541 944 5 0.6792 807 929 1388 1872 11 0.5695 747 1909 892 2127 7 0.5661 1043 1337 1368 1645 11 0.5487 1187 308 1443 359 6 0.4980 1036 1332 1378 1627 13 0.4460 787 1766 1029 1925 10 0.3328 715 1808 907 2098 11 0.3180 755 1951 881 2076 0 0.1940 1404 645 1954 1063 11 0.0970 1265 295 1456 352 6 0.0937 919 1380 1365 1814 6 0.0864 798 1042 1358 1894 8 0.0678 1108 2815 1255 2917 5 0.0580 961 1337 1355 1743 13 0.0541 785 1838 954 1919
GaaPHDX2n7AeANBXXQw0pVUf7YCOkpbV,14 1.0 0 0 1 1
DmTHGC0WVWQOEZ9wlbIhsZuWli79Lxcs,14 1.0 0 0 1 1
lhc2NgotxipZue23RXq4xVu88aeip1gt,0 0.1124 799 651 1495 1206 5 0.0833 87 570 891 2080
eoSjZ0QDzTETWxQWvXHzcQ4XBKmLGhmW,13 0.9687 1158 371 1274 506 11 0.8650 976 332 1228 453 13 0.8460 1123 354 1293 695 2 0.7130 841 592 1282 1128 0 0.5543 1304 640 1783 1118 8 0.4929 2049 827 2137 899 13 0.4089 1128 389 1277 562 8 0.3239 1203 459 1251 502 11 0.2093 1092 328 1406 398 13 0.1729 819 855 1057 1093 13 0.1371 1025 356 1319 777 3 0.1036 1119 1409 2136 1779 13 0.0905 1072 356 1280 512 0 0.0745 1511 656 1781 961 8 0.0712 2053 838 2108 889 11 0.0675 915 332 1180 515 11 0.0642 1020 336 1355 437 8 0.0629 2094 633 2143 677 11 0.0564 1038 326 1264 407 2 0.0543 816 849 1113 1099
5nDtM5tCRNRkRdM5auLwlkotmZdN1I9o,3 0.3488 1146 1389 2046 1753 11 0.1126 2077 458 2203 596
z6r8lJiyrXlJGTo3dFGDRSJTPtpUYGzf,3 0.9936 1028 1389 2276 1929 0 0.9926 1439 579 1803 901 2 0.6981 1583 646 1756 851 0 0.4662 1269 553 1821 984 9 0.2650 1134 294 1335 626 5 0.1434 319 502 1094 1922 7 0.0957 1132 286 1338 658 0 0.0828 1090 594 1872 1131 2 0.0601 1651 654 1777 809 13 0.0572 485 1125 868 1308 3 0.0534 899 1079 2405 2047
3RoC2g0jpwimfjqNo1REWPHJJ7tslPZW,0 0.9940 1507 814 1840 1178 3 0.9777 1073 1700 2272 2168 11 0.7702 937 299 1311 420 9 0.7011 912 2673 1066 2821 11 0.2187 1075 311 1276 390 11 0.2184 1089 328 1309 420 11 0.1215 805 284 1307 479
mtNHWeOYNXqYDF0rqgTqmFhmVKodj3VB,10 0.9964 191 703 1087 2263 0 0.9963 1120 822 1475 1267 3 0.9037 894 1487 1872 2033 11 0.7409 610 576 906 679 7 0.4339 508 762 816 1187 7 0.4152 391 872 981 1733 11 0.1631 673 585 900 646 8 0.1243 345 917 944 1828 1 0.1087 181 857 922 2096 7 0.1077 197 944 1157 2421 3 0.0878 965 872 1475 1322 11 0.0543 1516 583 1764 745 10 0.0505 220 867 970 1779
7UvFcxoQMWCktXRtTwfitEmtKwRytffL,14 1.0 0 0 1 1
IBpeSnXAHcCYVUOum43TFtC1iEni0Jcc,11 0.9078 1566 275 1950 394 11 0.7281 770 234 1225 415 11 0.5277 831 248 1149 366 11 0.1941 898 239 1235 345 0 0.1888 1416 641 1685 902 11 0.1530 1582 259 2002 465 11 0.1041 1541 290 1828 437 11 0.0926 763 256 1059 468 3 0.0864 1032 1728 2016 2100 11 0.0746 1579 280 1857 357 13 0.0700 811 344 1024 557
fQI4jdkeWMkurC5PScfODAHtb81lw4N3,11 0.0743 1581 285 1944 383
OYKxAANtqUgGwHTmTtBmmzZL1UtlWXXU,13 0.9575 557 579 1209 1148 13 0.6776 828 921 1211 1150 7 0.5405 821 921 989 1111 6 0.4105 579 455 1278 1095 8 0.3020 839 950 968 1098 13 0.2256 578 692 1158 1011 8 0.2166 601 838 674 897 8 0.1564 856 934 1195 1142 6 0.1111 589 673 1109 1069 9 0.0917 858 919 1191 1108 9 0.0692 747 566 1064 796 13 0.0644 1740 491 2021 896 9 0.0542 560 694 999 1011
sjcQPxP9xf3xkXcE7vD9DwUGKinUXa6P,0 0.9957 971 587 1215 844 3 0.9671 640 1234 1562 1603
Y9TvpKzlixlnjg4efCDmuaBxXkpop9Ns,3 0.8660 1242 1437 2396 1892 7 0.0915 2121 1593 2675 1932 10 0.0511 2538 1723 2709 1986
f5Hko4YPq0rmKUKeB35Va2tA3GPoGkTw,10 0.0754 125 2203 1050 2620
ZvOsKHalGo4xSd3oXeTsxJBc2VsEWa6S,3 0.0534 872 1322 2047 1764
0THZGYEZaQsgYggDAmkKvQetS9N1n2U8,14 1.0 0 0 1 1
vu2Qcz86woWgrcFF4uJ5d6ubH6gibjho,11 0.9984 1236 439 1808 776 7 0.9980 1247 505 1728 959 10 0.9962 1155 546 1992 1951 7 0.4987 789 638 1021 1056 7 0.4894 537 1127 939 1727 7 0.3470 701 683 997 1213 7 0.1358 1262 624 1883 1179 3 0.1187 518 1143 1740 1950 9 0.1133 889 447 1954 1998 3 0.1029 512 1219 1293 1766 9 0.0819 519 1121 941 1756 8 0.0643 501 1176 961 1748 0 0.0625 495 1084 1136 1675 7 0.0501 1057 642 2011 1959
2nwqApOUwPUAXQWwW9iNT0shFoMWLgxM,11 0.9941 1054 232 1352 361 13 0.9908 1110 290 1401 681 11 0.9614 355 276 661 449 13 0.9335 1165 882 1439 1141 13 0.7147 298 464 677 826 13 0.7043 1257 924 1414 1077 11 0.6043 1062 264 1262 332 7 0.6006 292 510 496 710 13 0.5475 291 555 488 708 10 0.3094 1578 2103 1637 2189 11 0.2968 1172 253 1353 334 7 0.2725 373 287 731 470 0 0.1916 929 666 1103 851 6 0.1251 285 498 493 694 7 0.0799 341 274 668 412 11 0.0533 575 255 715 310 11 0.0503 312 294 789 530
JGwHSNAkAugQUyLZYsB5lMCIcW63EdC0,0 0.8911 1045 702 1306 1031 9 0.6303 108 1827 819 2350 8 0.4023 1673 1615 1811 1748 7 0.3354 1723 1577 1814 1753 9 0.2432 0 247 786 1010 0 0.1579 716 678 1314 1401 7 0.1151 414 1455 584 1627 9 0.1053 9 133 528 598 3 0.0833 667 1493 1476 2071 7 0.0817 381 1424 638 1657 8 0.0747 1124 1006 1322 1178 6 0.0581 369 1417 669 1677
0jTZlm5fxGoYCfK6scSjUhr309nUKy5w,8 0.3033 912 1126 1029 1207 13 0.1206 921 1467 1284 1625 7 0.0601 911 1116 1027 1219
MNYfMcqHhZ3JDDNbgSTpjIz1js3XcyJ2,14 1.0 0 0 1 1
Uzvgy6UFJL13AN7tTpGwDO0XtzGUSRfz,14 1.0 0 0 1 1
0Pulo9nviPe5DzSb9Ms9JYXKn0JMv4D0,3 0.1818 975 1455 2117 1951 8 0.1277 0 181 52 224 2 0.0708 0 178 54 239
cmrFNFTqE8JjfTykAm6jTFK5NGOKOm0L,14 1.0 0 0 1 1
XGtsO3rUV5eCX4EX79BMcLmsTWybiTTV,3 0.5344 807 1010 1602 1539 9 0.3398 15 66 1128 1047 7 0.1682 114 302 943 1373 12 0.1017 59 153 1104 1223 11 0.0744 276 238 916 798
p3AriIcq3efotrVFTFuJce5rW3fiwk6Y,3 0.3130 751 1256 1553 1760 13 0.3089 1614 976 1767 1078 7 0.2153 1643 986 1780 1078 8 0.0623 471 1268 608 1393
rwFBBvhkLt4h4MyC3HAyBWgtfHFwNY0L,14 1.0 0 0 1 1
VsJ2ltg9aFhysDKInRYl2c8AgEEBg22F,8 0.2604 745 600 919 791
6vKRVQegBf75oqXJUqEWk6Cugm3kHv2B,3 0.0816 1487 1795 2458 2146
G78QMt1IOxQAD8ip2qDIsPY0uVMN0WsP,14 1.0 0 0 1 1
R9BhqvrtRnRVotnO3Y7PqMR6jIJiQVh1,0 0.9002 1034 738 1238 943 9 0.1008 1675 1694 1718 1794 3 0.0615 831 1406 1547 1894
u8S1kDwNG9zDxaHsFOfT1Iw9klW3oK0L,3 0.1562 1484 1442 2445 1870
QIker8gMUz5MB57wwIkQURuCIQXMSaxL,14 1.0 0 0 1 1
oozw3neUWtTDIRH7jLtTyGMaU1dLDz0k,0 0.3248 1076 804 1398 1128 0 0.1051 760 799 1420 1265 5 0.0820 184 651 822 2093 11 0.0527 1138 477 1380 649
y5iuYMgnaMvodD5x6stlEvZxxxJTNOzV,8 0.9588 1778 1163 1922 1299 7 0.1778 1748 1046 2057 1518 7 0.0670 1765 1173 1926 1301 9 0.0626 1778 1173 1923 1291 6 0.0600 1747 1046 2000 1396
jDqjySN0IUdyBtyb9T6QlgSGFAx7hkjZ,0 0.7473 1358 903 1709 1334
4wcsz7xtIqbR0CjgLQ6BChkACZeWFlRl,14 1.0 0 0 1 1
3lOIqCs1a6CQnHyT0UrFu0EB94zNMSGd,11 0.1563 622 1461 693 1519 3 0.1198 789 1313 1612 1638 9 0.0873 10 1065 648 2373
GwVUymES3RavnblqCeGu7Ii6qP80865o,13 0.0518 2303 1693 2462 1781
rXgyMIWa2vWyoXUJCU3PkqICNDcwsjOf,11 0.8711 846 340 1105 533 0 0.8583 1551 726 1829 1003 13 0.1905 935 595 1288 931 2 0.0944 1737 1054 1945 1347 13 0.0697 1764 999 2075 1339
zl4mxNvvOMbx3hTEzCQI7ic4sO0xmHDI,3 0.6615 1077 1422 1813 1749 8 0.5566 1578 893 1700 981 8 0.1835 1044 915 1119 988
s3xMdftFGuYQEi2wCSxrxMPLjObGqkOz,9 0.0621 291 2056 391 2279
PmNd7IrpRXfA3LQpxgJ6ZqiPKqS4M6pm,3 0.0671 1315 1676 2394 2164
hUHZ3GQtLdQlI5clfCWfcx46kcZ1YP42,14 1.0 0 0 1 1
5sjUoLkCZSad5Xwadp1Va0yYlPVEMJ1f,14 1.0 0 0 1 1
gnPC43F1Bgsn1P4W69BfBFSuepBUtWb2,0 0.9985 1486 994 1891 1483 3 0.9960 1068 1759 2318 2182 8 0.9472 717 1159 775 1231 11 0.4376 1661 563 2155 768 11 0.1164 1855 571 2135 732 9 0.0793 715 1164 771 1226
soetlO64U36w0BXfxaiz72InbCmOZt9W,8 0.6316 433 1997 574 2119 3 0.0766 1027 1716 2229 2217
8lUZ2CKVtFJx2YaVKQm0jjtm9tOVKh7u,3 0.9910 843 1721 1853 2203 8 0.8853 529 1623 564 1656 2 0.4752 506 1552 574 1667 2 0.3937 515 1611 578 1663 9 0.2575 911 964 1357 2050 0 0.2457 1166 995 1430 1269 5 0.2118 316 1483 680 2072 11 0.1347 1699 2086 1840 2161 11 0.1293 771 668 981 725 8 0.0933 517 1611 566 1660 9 0.0876 891 1132 1158 2056 11 0.0569 301 1233 451 1907
LbNSRnvVy214kSfBMQpwlLqVlh46g8qz,0 0.9563 1059 540 1280 790 11 0.0773 1150 280 1284 373 11 0.0628 1102 260 1316 391
Vwbno1IPaxYraZNk5Fp9RAt876rzATCl,14 1.0 0 0 1 1
ckVVXt8U6xezZebDwQCjOQFx49Ic4xA4,11 0.4535 1329 429 1549 490
64IqhTzWt9ifNTqHQJ3ddoiYUoO5vHzG,0 0.0867 930 0 1438 271
EGx4KmZ3O9ozL4D5TdxcFEyhUw4yoLc0,14 1.0 0 0 1 1
9Fu2lTzCgH2xx2fI5Tj2GdCeHbDzngRq,14 1.0 0 0 1 1
XQ5GxemHoNQRzs3jShFJlyXTWSnH8jxe,3 0.2788 805 1322 1886 1828 0 0.0979 1202 696 1534 1054
Rp8j0yvF2sy192Er8Jtfxm3s5x5XBqgY,14 1.0 0 0 1 1
FM0UOgxwTNDg2toSfqywlDymECrZ3ogF,14 1.0 0 0 1 1
w6YZLZu5bZFikSn6UV7G0I6Iby0eYcQ4,14 1.0 0 0 1 1
lxf9eHjlW24ul8f7mimjTg03XWVXgpYZ,8 0.1476 2274 929 2356 1019
BVR7aGgFfkXUxo3ypgr8mgP9DbMUDbNx,0 0.9121 1427 704 1775 1094 3 0.8095 993 1764 2128 2263 11 0.6731 918 305 1210 420 9 0.2066 1047 910 1484 2405 10 0.0868 1995 1814 2335 2300 7 0.0678 1835 1795 2378 2349
n4pPe55TKZODhfWwJ8XatRQjAq3gZFac,14 1.0 0 0 1 1
VIL1ctCmQW6mdfp7RFnOrl0qiwPN3WKX,14 1.0 0 0 1 1
PX8h11KHE38FpUr1W4MHR6fCQ8A9Idvp,14 1.0 0 0 1 1
PW2ejDheMnD9LqzNNFzhrsM3FLYzUjiB,0 0.2783 1311 890 1623 1169 7 0.0697 218 1124 1060 2021
PJx8ZZ8VK9znEu52NwKFpzZa6vGUrMCq,0 0.9005 1040 687 1244 891 7 0.0807 1145 407 1368 722
8vQ08vOhdYS3zh3PX6yovmXopK2Y8QQU,13 0.9769 1854 639 2248 976 13 0.8740 1767 560 2284 1093 7 0.7748 2007 723 2380 1127 13 0.6951 2096 663 2313 785 9 0.3173 1863 668 2273 994 3 0.2822 1289 1346 2238 1736 5 0.1710 2050 767 2346 1099 5 0.1234 1825 579 2469 1662 5 0.1212 1844 637 2345 1105 6 0.0769 1837 641 2274 1027 8 0.0721 1730 749 1919 1012 6 0.0709 2072 738 2334 1099 5 0.0626 1979 717 2401 1338 7 0.0606 1744 798 1930 1046 8 0.0565 1901 659 2439 1637 0 0.0521 1462 648 1929 1049 9 0.0500 1787 614 2346 1116
Y209uAC4LJZYUyt8XG6Eed3EqpNRlsz9,14 1.0 0 0 1 1
hfhfN6hhkco20q6eiv3FQmyDzcrEtMN2,3 0.2458 642 1357 1569 1852 9 0.0761 171 378 707 1043 11 0.0658 79 370 805 1157 10 0.0605 1742 480 1971 1118
RXldhNqCuYVxpJyaU8kvZ20vdUK1iV1F,0 0.9004 1024 671 1576 1089 0 0.5608 1247 684 1548 1002 13 0.4390 1460 747 1517 842 11 0.2954 516 398 847 631 2 0.2078 1449 747 1519 840 8 0.0863 2099 1259 2157 1337
BqndHTtP1miTKRvowQLDAlaWZxP5HIfu,14 1.0 0 0 1 1
mtIJyAODy2spRGbze9gW0ExOEMH4bI1W,14 1.0 0 0 1 1
XySp1Yqr4nbfRMA4qvJULAghQqAWzpnZ,3 0.9947 606 1265 1571 1688 0 0.9935 985 513 1268 858 0 0.8119 596 438 1275 1258 11 0.0994 509 201 724 260 11 0.0858 1146 154 1430 245 11 0.0549 548 182 738 245 11 0.0508 1281 158 1525 333
sKKXWsbDDKjVZDSkdOqk7LByCYmSuLoY,11 0.1570 933 263 1153 302
GKnMxjk2W8fdJCjRhn2OaeSCE24bhAu8,0 0.3015 921 3 1401 263
xXoIK8QGydVt61PvWxIN5ooEyFAEXrx0,14 1.0 0 0 1 1
QSaXzkWOKDOpzH9Dne2aaSt2XSQSlZdv,0 0.9927 931 635 1204 966 3 0.9892 591 1325 1519 1671 2 0.1705 1047 816 1237 1129 13 0.0873 1497 749 1591 828 2 0.0735 993 781 1093 860 8 0.0572 819 1060 869 1117
ChQsd09KqjEEFWt88KH0AQDNNEkxb1iw,14 1.0 0 0 1 1
dz09xzv9qp9l1Ch3bd4eIWjS0OzKBQx8,10 0.9070 1840 1573 1925 1693 11 0.4499 659 218 892 296 11 0.3484 1833 1577 1923 1694 11 0.1045 598 185 911 326 11 0.0704 634 205 828 317
NBH5DeceRKMyW2sU9d3c99jCnaNIMeix,0 0.9855 1063 1124 1329 1407 3 0.5713 775 1781 1641 2195 0 0.4544 1106 2 1499 339 0 0.2458 868 1 1512 473 0 0.1894 1090 6 1523 147 11 0.1812 1161 942 1368 1067 0 0.1645 1211 15 1485 189 8 0.1596 944 7 1459 423 3 0.0916 631 0 1452 521 9 0.0619 107 2004 602 2421
rcLBVaYGjCNtQaFuQPPSFt1yxWLIlvwa,14 1.0 0 0 1 1
p57Ffr3DcI8Mx5xOybHOLIHPgjs12Yn3,14 1.0 0 0 1 1
QZ6xDPidxBNdf3AYe1Gtz438drsqEnLJ,14 1.0 0 0 1 1
GKVWpPhP23Iqtyb9CoM7tMHVTFlPX7tp,11 0.4098 680 373 918 443 3 0.2621 886 1376 1632 1677 11 0.0996 1422 410 1567 464
XUet1ILMwFKUJyvBPBlIiAF2RRx2STKQ,14 1.0 0 0 1 1
oqzO9adGKBBtrT5iO7s7cBn6C64adnJR,14 1.0 0 0 1 1
vSNtdb27D0s9FOBHdFQ7Zag346L0LMew,11 0.0888 1118 635 1320 723
wnYEV1VBQl02unJEijgnilh8gcqSU87Z,14 1.0 0 0 1 1
dPlCCE88tJCUNzyBb9sqGhymH3Dlnzw3,0 0.9557 1637 685 1921 967 3 0.1801 1259 1404 2391 1848
frZeqFQ9bOWcvp8Qgkw50IvG07zY3ZlG,8 0.9837 447 1614 554 1716 10 0.2851 214 2302 324 2454 9 0.0898 2138 1483 2251 2140 9 0.0627 2168 1739 2254 2063
xVT9NexfWJlxgexmJ4RvncZ2vQ6AeaFX,0 0.3718 1365 624 1655 965
T0LULwT0fBVo7FTS5vGleZXL1zpJc5HN,11 0.0784 437 377 627 457
NnAc3UNiQceH75ujnmrC9rfdfdBhMgn2,14 1.0 0 0 1 1
v59cqelja8NY0VMzizP8y3lZ4j6UZ2Ia,0 0.9159 980 534 1231 813
yhXOzfiWaKe3d5nkV0sEAOPUixICp5R3,0 0.9871 1599 673 1972 1007 11 0.6900 1072 298 1362 403 3 0.6234 1194 1521 2294 1920 9 0.3014 1264 165 1683 1134 5 0.0627 624 888 1270 1790 13 0.0622 787 1331 1169 1536
6HjozeZiFEBffooMCsXc7zrXyLg61US3,14 1.0 0 0 1 1
kYOnJ1bC8kiiwejdmxSwX8QQ8Nca7uQk,0 0.2321 1120 845 1382 1123
tSeCvTqAW4SUBwLn0i3c2DmSQXqPSKDa,3 0.9976 1106 1907 2373 2461 0 0.9971 1530 1119 1850 1472 8 0.9620 762 1495 813 1550 13 0.6575 957 1023 1210 1328 11 0.5031 759 747 1159 966 2 0.4766 747 1475 829 1558 2 0.3948 725 1458 855 1572 10 0.1783 2331 2133 2538 2569 2 0.0813 956 1079 1115 1311 13 0.0673 623 1670 755 1714 7 0.0602 487 1678 1185 2237 10 0.0598 2288 2016 2591 2650 7 0.0552 2111 1772 2507 2431
yZEKvTGAN3y1r96qHfXYXWDTLDW53VY3,13 0.3458 375 1462 624 1565 3 0.2006 653 1494 1486 1765
PMgCUOtC8CXtZm0amLIcdZZ7SSywQb45,0 0.1918 1571 615 1930 973
mc21lt166G4Wn6McpLmuSOhyioWIydM8,14 1.0 0 0 1 1
8MnmZZ5l6Y24tDb4QDBiHe5kktbnmNws,0 0.9931 1602 868 1932 1184 11 0.7359 1848 401 2177 530 0 0.3089 1280 840 1940 1380 11 0.2926 1803 400 2100 490 3 0.2411 1008 1766 2306 2335 7 0.1916 1229 424 1490 939 11 0.1314 1829 373 2257 588
fLJX5SkoMJvSkSFgKjRlZULNAgIHfnXB,14 1.0 0 0 1 1
333Q29o8dUjVgRFWbmmFnjOGTrUetXh5,14 1.0 0 0 1 1
ZzhN5yQ6pXCbWVUgRnL9amSjzbQphZUo,14 1.0 0 0 1 1
xP8bypm6JuBRgkkOzW5IlUXeygOaLJjd,13 0.8828 1852 540 2452 1359 5 0.8459 697 1284 1261 2159 6 0.7431 1983 695 2454 1333 3 0.6618 1233 1863 2311 2271 7 0.6432 1935 682 2435 1281 0 0.3505 1624 819 1919 1137 13 0.2317 815 1132 1053 1297 11 0.1664 1022 413 1397 502 4 0.1173 1814 582 2476 1287 9 0.1006 1799 2003 2659 2406 6 0.0920 1813 593 2485 1595 5 0.0739 2025 791 2555 1821 9 0.0727 841 1137 1045 1309 6 0.0698 821 1150 1099 1336 11 0.0690 1017 406 1240 484 7 0.0579 843 1168 1040 1315 1 0.0507 1806 523 2483 1435
1os3P7cOrsyafKWtyIPrdO92Tuu9nrJ6,14 1.0 0 0 1 1
PkFPmt6VrPWsn1YKCa2Bh1h2uMiZWMEK,3 0.9982 977 1346 2190 1870 0 0.9931 1303 730 1622 1024 7 0.4759 271 1092 1060 1685 11 0.3121 735 332 1087 423 9 0.1032 1010 633 1518 1879 10 0.0528 2140 1689 2323 2020
mugm5IHhtHvcNu84gU4HZgg2VjFMMuto,0 0.9968 1659 839 1934 1151 3 0.9862 1378 1678 2405 2130 8 0.9335 2046 1770 2325 2068 2 0.6914 1755 927 1866 1041 11 0.5545 1309 532 1523 621 11 0.4645 1216 528 1482 602 7 0.0942 2027 1756 2310 2078
CIG3uLELUhfbl8bQbC4UfUTlqTXmHhxS,3 0.3242 808 1339 1656 1617 9 0.1532 132 1433 923 2417 9 0.0602 184 1514 930 1989 9 0.0589 77 1161 425 2404
v1X9bQJe6u0DlwbDdoSMzWqKgratTvhi,11 0.5829 665 45 877 139 13 0.0727 387 366 699 553 9 0.0579 3 2151 22 2469 5 0.0559 53 461 1049 1889
jNQKZek2fvJWveLIbzAnB22Pf3UDjGNa,0 0.9944 1502 577 1837 925 3 0.9846 1021 1261 2254 1757 11 0.3393 870 160 1291 295 11 0.1520 982 177 1257 240 9 0.0879 402 1587 1139 1868 9 0.0878 588 1618 1018 1795
fCP2j0EK8v80Bzj21GGTGGuDITq61c5Y,11 0.8571 1887 2044 1967 2143 13 0.6770 1633 1384 2172 1823 5 0.4338 1692 1258 2178 2043 9 0.0561 1624 2009 2097 2219
naftWxgqh7i1A3Ru2YhK9AXxTA9h4PQs,0 0.8684 1422 620 1770 991 11 0.6973 776 218 1053 326 11 0.6304 623 210 1089 439 11 0.0985 1601 157 2026 358
1H7J8siRAMktczZ3wNjJ5j9U1F5NhzaM,0 0.8552 976 669 1255 1004 3 0.1707 606 1198 1565 1616 6 0.1120 1545 816 1714 1063
519V5zF2IrayyCTO2Beh8DFqWFny35bg,14 1.0 0 0 1 1
eUI0P0MaaraRmEVRTcUf73HGC7FxIfwH,3 0.5374 810 1364 1644 1743 10 0.1909 310 1654 399 1814 10 0.1087 285 1681 383 1864 0 0.0855 1135 758 1376 1052
AZBBrbFXXv8BQdsqtqyaPrgOJ3r6o5Hj,3 0.2465 681 1293 1737 1797 13 0.1736 414 1475 637 1584 0 0.0647 1028 632 1334 1006
85ftLG741dIfizX75rZn5reTyDQhN8Qe,0 0.9211 992 818 1209 1031 3 0.1558 679 1431 1483 1686 9 0.0636 103 1305 753 2430
s6vGAqAtmmMrtO9ItddQOVHwPIkP0WcH,3 0.0875 1167 1529 2257 1939
04ZlzYumAc41Dqte6vo17HWA19Ra6Amp,14 1.0 0 0 1 1
Yfz4QYRJo8Pynysa0EFKIVQLm0LdE3t6,0 0.9985 1323 477 1751 1027 3 0.5613 1035 1345 2083 1801 8 0.5185 383 1059 451 1127 8 0.3533 547 843 621 904 7 0.1012 383 1061 446 1124 8 0.0788 666 1463 791 1604 11 0.0541 1416 172 1620 330
SblRoUGNppNEafAxzgUeZXrzzUj63Rw0,0 0.6855 1031 777 1278 1027 10 0.0929 192 2087 265 2224 11 0.0595 738 453 879 520
MuwZ5ugKAnVZPLWLMIrK5SfNoBEmYQH4,0 0.8554 1578 888 1873 1196 11 0.6843 793 367 1069 506 11 0.1166 822 376 1289 494
rOaBNAjD20kRzkEBRYKxN22whHea5NDc,8 0.1203 1458 2292 1673 2498
g4HocNAQeFFvznog0MfhNxZn5NB6jciY,11 0.1349 799 302 1010 431
FL7vF4p9GNxlvIi1AGYAKEumkrPQNNop,0 0.9881 1204 898 1453 1177 3 0.5247 924 1516 1857 1862
7YuUCWvObWz9cN4DwqTUXbB5YKcpJPcV,3 0.6897 776 1272 1847 1782
X4xE36XTFSNJtCvauAsbUwbrSsc8RWAW,0 0.3374 1066 803 1323 1054 3 0.2917 674 1441 1572 1674 9 0.1234 16 1414 806 2407 9 0.0826 0 283 914 1459 9 0.0647 22 1525 748 2053 7 0.0500 19 1441 859 2427
AQfa28gns58xllDx9Kn5b2QwFmSGcWsR,0 0.6948 1349 521 1727 1032 3 0.6472 1012 1472 2203 1978
SJaSY1er1hdQGn1ciH06hAx2BNOK5Bs3,10 0.9982 175 414 1179 2356 0 0.9932 1361 940 1768 1323 7 0.9845 409 855 1058 1307 3 0.9629 1061 1439 2307 2324 11 0.9111 620 384 1040 571 10 0.8692 1977 1982 2489 2534 11 0.5813 426 392 1076 735 7 0.4539 443 713 956 1177 10 0.4371 2146 2031 2443 2488 11 0.4212 243 433 661 1250 6 0.1586 485 690 1072 1400 4 0.1181 464 905 1004 1297 8 0.1078 450 821 987 1360 8 0.0944 1704 1550 2257 2226 7 0.0814 1749 1499 2359 2131 7 0.0673 483 370 1062 691 7 0.0608 384 574 1077 1418 11 0.0588 329 432 947 965 7 0.0564 2104 1940 2427 2422 10 0.0525 296 782 1158 1729
WzOE6UlFEeAD4NU2BqM4dvUkkPp23tzW,3 0.9961 1344 1635 2567 2027 0 0.9649 1613 805 2035 1254 11 0.6283 1143 565 1391 626
Z0XquxuPhfQMUTwL3L16hj4kCxP0bLuG,11 0.7476 412 425 588 546 9 0.0565 1163 10 1435 398
BfdOz1GkmHe8m3CR9LBhgtaF2JcXHc93,14 1.0 0 0 1 1
4h4Ij7LzYqe1A0BisbSrQmK5nucgc3qF,11 0.0949 497 534 802 616 11 0.0631 1475 495 1724 564
AySNoqacB3QtEHyZqP2U020XTkHHgiRZ,8 0.7425 422 1268 494 1338 3 0.6712 802 1205 1567 1521 9 0.5210 476 1052 827 1438 7 0.1092 450 1020 848 1430 6 0.0932 424 991 877 1500 8 0.0785 1490 1501 1551 1562
jdtp5xRmwyyhO7pd8Fdh8JjaQr3jpHsC,0 0.2902 1131 539 1435 893 5 0.2043 1489 982 2021 1967 11 0.0570 1218 154 1503 492
rhcEMzlASHpfN3Wc2JaVMpfjDgwhYBu1,3 0.8267 909 1559 2091 2142 0 0.8178 1321 673 1640 1023 11 0.4901 704 112 1031 256 11 0.2124 747 112 956 206 11 0.1116 608 82 1077 331 11 0.0753 1658 150 1972 304 11 0.0726 811 134 1059 206 13 0.0672 2048 864 2178 928
9VKFutik6ztUVOvCJOWyKmsk3OonFFTn,0 0.9941 885 570 1164 905 3 0.9891 589 1215 1509 1623 7 0.6222 98 1374 782 2092 7 0.2256 114 1436 708 1781 4 0.1965 92 1313 823 1954 10 0.1943 79 1340 836 2120 9 0.1216 340 1396 795 1880 9 0.0873 136 1399 674 1893 4 0.0847 130 1448 757 1778 11 0.0647 947 210 1033 297 0 0.0591 666 559 1177 1149 9 0.0509 262 1379 883 2107
us2LqNJTbINc636F75vK8sECOwaMuUre,0 0.9630 1033 589 1330 963 13 0.8755 1804 1825 1916 1917 0 0.5560 851 588 1316 1097 3 0.4235 684 1370 1668 1841 11 0.2233 1815 1843 1942 1998 10 0.1690 1814 1841 1936 2005 9 0.1347 1353 1301 1556 1577 1 0.0973 1793 1813 1929 1943
tOV2ni5RlKf3x6GbvQ14HNm87Qr8KZOO,9 0.0830 3 31 166 337
RuBM4M0b6J1nllcaXhDur84vs9vE4uBv,0 0.0955 1044 749 1292 1035
Uk8qChO0XAsBiJOme8v4TmvFH4TLcAtx,0 0.9608 1539 798 1807 1100 3 0.8202 1222 1533 2156 1851 11 0.1100 1724 517 1939 565 11 0.1013 1167 511 1369 594 13 0.0894 811 946 945 1105 8 0.0538 1811 1109 2032 1258
9QzUc03ZovKSRGaYLw29ye2kmUGflBYU,3 0.0517 105 1680 1809 2429
FiRXKUU3LHHizMSlTE2DSOa7mfohndYF,0 0.8813 945 900 1726 1664 13 0.8739 474 920 870 1209 7 0.8736 429 596 1064 1251 3 0.8550 878 1706 2108 2307 13 0.8523 438 619 1036 1275 6 0.6934 504 928 752 1154 0 0.4816 1287 910 1680 1393 6 0.3269 438 584 1112 1304 9 0.2037 855 315 1352 1450 7 0.1470 398 553 1127 1994 7 0.1432 524 833 974 1235 11 0.1200 339 456 1154 1402 6 0.1110 501 911 888 1201 13 0.0810 536 990 901 1167
5Vce52Bfv9JsIIBwhVdK9mIsjbnTib2V,0 0.9992 1619 572 1897 898 3 0.9209 1289 1412 2149 1732 10 0.1135 2394 1721 2497 1864 11 0.0992 1299 308 1493 371 11 0.0653 1191 314 1454 360
Lau7pCHByk7xoz8rM626iVfEAIkQOp9W,0 0.5530 1200 753 1522 1099
sIdJfq17xhzK9UC6XCgPSuQFJfTUaFmm,0 0.9915 934 692 1216 1006 3 0.9878 601 1210 1527 1676 7 0.3783 1416 1112 1654 1627 3 0.1592 73 1566 1721 2248 9 0.0791 634 671 1065 1747 7 0.0749 235 1151 604 1523 2 0.0697 322 905 444 1031 7 0.0683 200 885 654 1586 3 0.0547 621 1317 1493 1555 0 0.0539 784 665 1222 1298 3 0.0532 497 1317 1653 2100
qEacW6LcsbjGDVpluiYRPzjZOahDyYaa,0 0.5825 924 840 1164 1105 3 0.2742 519 1536 1462 2011 10 0.1822 40 2002 124 2153 7 0.1594 51 1808 653 2393 11 0.1558 446 469 782 567 7 0.1129 17 538 573 2272 9 0.0762 14 1806 776 2379 10 0.0745 1 1873 887 2412
RUrJOI9Aiaq6M2y66rqGEfKMTSnk1Gyr,14 1.0 0 0 1 1
yvK9WFGRwBnASgCcLjIb3h6dWqyCjCKz,14 1.0 0 0 1 1
Y8wrkqwvAUKVEDMjjrpGfq8RAKywkPQo,0 0.8813 1201 877 1499 1184 8 0.5193 394 872 470 952 10 0.3079 269 2160 370 2312 9 0.1854 398 883 467 950 7 0.1113 393 860 485 963 8 0.0600 1831 965 1899 1020
5X9W3WY7qeiuPu0UNn1rxPbOcLAPVlgk,3 0.2921 714 928 1478 1297
1jh7Y434jihEtHO4Pf4blDnWu77NsGv5,0 0.9626 1050 700 1331 998 3 0.6085 752 1339 1639 1660 13 0.0687 2036 557 2048 789 11 0.0585 619 391 837 441
TEk9hgZbGxWj2sXOg3uHPpQ8ARepd6g4,3 0.9919 754 1505 1729 1931 0 0.5056 1076 854 1332 1129 11 0.1473 726 504 878 563 11 0.1175 1261 509 1462 555 11 0.0846 488 506 912 643
kdlnkSTJC6VQAxi8MBsGRHS1nRGI1HzU,0 0.1845 1316 908 1653 1259
4ogjdxD6fBXgp6ZshSAYn4K7erPtpKlr,5 0.1178 92 457 892 2035
qaVE8YgSHbKZPtnowU7drDggwl96DbTz,3 0.2606 688 1461 1543 1841
ntNRByg7JxJD6qz3m5LlDKcW08kImBQu,8 0.6394 2466 1129 2585 1273 8 0.1307 2463 1183 2566 1281 7 0.0638 2362 1534 2567 1837 7 0.0602 2449 1102 2609 1285
QAptb6FN7vRvCLAADeecIiKNSCg3Hdtk,0 0.8926 1204 744 1529 1100 3 0.4836 917 1506 1937 1966 11 0.0803 431 637 534 798
e5Mgz7WbipG4iHrU9iUJ1xcNq71pyoCb,14 1.0 0 0 1 1
aKh7M8PxZdUSMIj2GNpVh5ia9BymgsDV,14 1.0 0 0 1 1
WPO59MgVHrylgptKWbW0xyMmqVsUYtoK,3 0.3552 929 1410 2065 2026
J8zY3Rov97kZfmR6DN1u7ai5nqle4J7q,0 0.9985 1360 775 1774 1233 10 0.9915 1968 1376 2534 2063 3 0.9885 552 1447 2167 2282 7 0.9343 984 631 1268 1071 7 0.7011 2101 1455 2459 1778 10 0.6624 2106 1350 2511 1852 7 0.5052 1877 1176 2405 1654 11 0.4254 1712 450 1864 522 3 0.4215 761 1373 2086 1917 9 0.2931 960 586 1240 1089 9 0.2026 1713 1190 1989 1582 11 0.1921 2043 1422 2514 1821 11 0.1644 751 405 1203 563 10 0.1257 1571 1330 2533 2238 11 0.1217 1649 443 1909 528 10 0.1097 92 2360 213 2499 3 0.0554 841 1332 2021 1605 13 0.0543 776 774 1008 1045 7 0.0536 1984 1298 2438 1749
ogL0tOcu0JZG03wJiBCovVUUyRV5IgbX,0 0.9935 1124 691 1397 1035 3 0.9262 866 1466 1722 1833 11 0.2961 1458 337 1692 499 7 0.2789 462 1650 852 1838 11 0.2439 551 355 894 492 6 0.1460 394 1325 946 1760 11 0.1177 281 1247 398 1735 11 0.0905 534 382 740 469 11 0.0808 1561 380 1731 534 9 0.0697 867 609 1251 1915 9 0.0652 462 1359 897 1735 7 0.0640 356 1361 916 1772 11 0.0620 471 370 718 546 7 0.0527 284 1213 483 1891 11 0.0515 497 1685 793 1814 5 0.0505 1372 592 1872 1877
vlvopx0XOZXUb6LE8gwqJvxRRvvOHaFD,14 1.0 0 0 1 1
JCcCa7FUIjsNkn3MccyYN6kiebLjkden,14 1.0 0 0 1 1
HHgcZmeN3X9wprMGIX4HUH9kRoxwM3s0,10 0.8671 1694 1576 1753 1707
JDuVRI7Srku1JlCgFdROL3nuJsy6aWbM,14 1.0 0 0 1 1
3ZQ5l17QI9iQn0pfEUyqOfXMmkDaaj4I,3 0.9806 987 1693 2163 2186 0 0.4159 1353 937 1695 1294 11 0.0860 1433 566 1731 765
eaIa7xTJWzYxGdmpcvDjJ1m6XRcTIdIp,0 0.9813 1064 856 1349 1193 3 0.9164 775 1487 1697 1865 0 0.1450 899 838 1338 1294 13 0.0965 381 1682 432 1719
73xXFOanNFEUiTDpH8YyKUs03aNs6GQ2,11 0.9043 455 357 764 489 10 0.8503 259 2057 378 2206 10 0.1756 278 2096 356 2211 11 0.1705 590 363 794 424 11 0.1470 1311 367 1517 451 11 0.0618 288 2121 341 2200 11 0.0574 541 364 849 462
efz4YLed1kpinlbWUG4IK9AcCWZfoj2h,3 0.9934 709 1159 1671 1508 0 0.9922 1040 604 1279 894 8 0.2041 2008 1361 2164 1539 9 0.1540 2010 1362 2157 1530
odkQQ1ue0PhdythLmwWRwWHHM3KtTtGq,3 0.3497 861 1167 1553 1417 13 0.1823 773 401 899 539 8 0.1161 1213 1555 1617 2068
Q6GDpvMgKmfZsuMK4gs65l1Wid32pmbG,10 0.3719 57 2309 166 2452 11 0.1827 1695 304 1870 380
veajzkqjdJNruYqZF8mTF3xmkzJDhumo,0 0.9670 1077 740 1360 1106 3 0.3871 908 1395 1620 1694 11 0.2186 684 470 906 543 11 0.1622 1182 431 1430 516 11 0.1228 729 490 874 528
EDGOeoFwkAVsqslZMLME9qP5M1iWXSLq,3 0.3143 887 1424 2014 1906
ArW0SMuCnHZFneiAFNL0IuuRkYrmeI7v,14 1.0 0 0 1 1
dCqmIi0oLGOhnEYKS77bCY6Xq1oBG7fx,0 0.9929 1177 1076 1510 1495 3 0.9669 854 1819 1904 2366 2 0.9382 443 778 917 1432 9 0.8738 372 788 789 1404 9 0.8098 1737 917 1781 988 13 0.5583 405 788 901 1391 11 0.3648 624 691 975 790 11 0.2782 700 698 945 764 9 0.1978 1619 999 1917 1258 9 0.1971 1642 1116 1708 1204 13 0.1348 648 764 890 1139 12 0.1092 329 759 1002 1460 2 0.1029 1307 1204 1437 1337 8 0.0967 452 756 971 1458
Wos1k14ZKQo4l77TkmYlVnPogCsEQPBn,3 0.9916 638 1093 1665 1490 9 0.8981 595 302 821 970 11 0.7831 322 247 769 447 5 0.6650 85 480 717 1415 11 0.5632 1065 318 1383 451 7 0.5248 607 297 843 953 11 0.4700 181 142 790 685 7 0.3728 609 526 795 902 7 0.3378 623 285 826 676 9 0.2028 641 290 798 712 7 0.1312 319 220 792 419 7 0.1009 115 368 723 1408 9 0.0989 616 483 790 910 11 0.0897 975 314 1361 554 3 0.0855 667 1181 1766 1653 9 0.0850 1134 1248 1880 1684 8 0.0656 1257 1267 1335 1365 7 0.0647 1032 292 1317 509 11 0.0551 1104 346 1325 439 11 0.0523 1125 356 1344 409
5O1jfgHVzFV54JKnDWoGqr41MgHuC2qM,8 0.3909 2259 1396 2341 1472 9 0.1609 2252 1399 2342 1473
a8FhA3hFpGh3AxajPRlTl8eCLmysNddh,14 1.0 0 0 1 1
4GUpKDUYdjwIwh9u0Zl2DEsnLbnPStVb,3 0.8077 1188 1505 2226 2012
mo1wM8rE24HveLGbripqEGZIkcALPevt,14 1.0 0 0 1 1
Cpadlfea3H7X1HnfGq2makr2h1nATy7Q,13 0.1974 558 1661 727 1904 7 0.1054 952 583 1247 1380
ciTYWArRMQBp8ejCPWroN57VxnJ7xCOW,14 1.0 0 0 1 1
WxIJUrJ9rVN4ScGcVt9ey1cZdtT9naWp,0 0.0745 1402 723 1744 1125 3 0.0555 924 1599 2129 2191
OKeLwoecel4kkIhxDq0NkgireL4h8MDi,11 0.4713 443 247 864 386 2 0.0713 330 1015 397 1073
oEy2VJcKdjrstFnSAh6xQ2emYi1fEHbJ,13 0.6143 750 1313 1011 1463 7 0.2265 894 745 1040 909 6 0.1686 757 1296 1007 1442 6 0.0891 889 747 1034 937 8 0.0663 658 2415 724 2482 13 0.0514 699 1327 1030 1554
ge4Ho8XcEetZSciPAg5b2lcQF7enYkcf,0 0.4879 1144 993 1452 1340
UzjQRR81dL0L9dz7aGoDvO5xWj5n0Udc,10 0.2409 224 2717 378 2937
Tbk6qKAMITXfztoNndifwHQnsONdMiTt,3 0.4754 777 1128 1634 1507 9 0.1833 95 1238 1205 2275 3 0.1673 0 1448 1986 2394 7 0.0948 111 1100 827 2342 9 0.0927 114 1252 921 1778 7 0.0718 198 1213 867 1633 9 0.0510 0 705 775 2152
bzguExkcCD8VTsQN2VQmtxQl1tN5l7kS,7 0.8864 2065 1678 2359 2030 8 0.8123 2114 1717 2286 1916 4 0.5086 2050 1681 2348 2030 8 0.2848 2053 1701 2309 1979 7 0.1687 2082 1705 2310 1924 8 0.1478 713 1798 756 1835 8 0.0974 778 1755 911 1861 6 0.0653 2076 1662 2351 2028 8 0.0540 2147 1714 2271 1842
P2l4nulAQ6EzIlmVBIz4oCVJvZqo7ER6,14 1.0 0 0 1 1
5Ab7NGzcHoCYsAJQ6lVbwf5V56K1nlXZ,3 0.3325 951 1189 2179 1670
3qqv6AKDHVrzJIZDSnYqHWaVUiATSoSV,0 0.3558 1205 733 1510 1088 11 0.3169 1465 226 1707 333
WiUVzaVUpV79mjpto1nIL2gGaUptwkgg,3 0.1028 759 1182 1897 1579 0 0.1006 1208 664 1518 956
YDkgVHDmUqO0EWbFmhEgHcGbhnsm3Wmg,0 0.6977 1420 652 1704 916 8 0.0917 2446 2120 2531 2225 9 0.0837 2453 2125 2530 2227 5 0.0741 342 921 886 1973
EA7E3JYtANLzXqE4ldBP3mJEW3nuO6Yy,5 0.1313 486 1874 800 2366 5 0.0770 1526 550 2197 2215
B79NZKoudOrmpAEHbgKOZx4rmIqCfV8V,14 1.0 0 0 1 1
WbZmrhZscgWbVjWdXCCzpnaR6m6rJpDK,14 1.0 0 0 1 1
PlEP70nmovdmTyp28V7VGLFVq3OSGDN0,10 0.4683 55 2217 177 2359
HAk144gcwX5lUm6HgnzGeRcx3YnFT4V5,14 1.0 0 0 1 1
9MU5vUclhrKC1lOESqZF6QGEOz6Xgall,14 1.0 0 0 1 1
luMslxAo5KhLruY46oaeIVE3VI8rkYsx,3 0.9343 577 845 1277 1144
jfeZnzPCa9CHtJ488FELvWqWOAkpoPsC,3 0.9971 850 1621 2073 2219 0 0.9673 1252 852 1552 1166 9 0.1494 866 1275 1498 2621 10 0.0763 93 2289 213 2453
70536M4xoQwSpHPAVYcZX4iI2T0Gvf9Z,11 0.2244 1529 200 1833 268 11 0.0687 1 467 386 997 3 0.0521 719 1138 1523 1576
AlWBzsLunbsY8AsnRNYDoPgS6NoyLxeD,0 0.4590 1237 756 1455 982 11 0.1387 765 421 1049 492 11 0.1352 1359 411 1549 464 11 0.0563 1307 394 1586 482
zsbkfz6MNqDZugx9pk0gIaNR3zNOgq71,3 0.0514 782 1402 1894 1867
vWXKMGOTDjitqkUlyR35ribiqIUppkBG,11 0.6810 1535 231 1919 369 11 0.5016 617 148 1106 435 3 0.4351 829 1589 2052 2176 11 0.3229 697 181 1096 338 11 0.1396 1471 202 1854 339 11 0.1040 1660 240 1959 401 5 0.0799 201 334 1123 2206
RZAmDvKrm9dbNsVYQZ4gVG2ZHqGONAbx,0 0.9776 1139 703 1521 1164 3 0.1044 803 1523 1893 1828 0 0.0915 1036 719 1554 1452
qCr8JwNnxeZKykXw8quHkLTu7ocr4XCF,0 0.9964 1232 893 1620 1333 3 0.9602 890 1778 1998 2252 0 0.5028 837 886 1638 1574 13 0.4631 2000 1833 2179 1924 13 0.2003 416 1446 933 1746 11 0.0649 904 586 1060 695 5 0.0641 376 1356 881 1835
pXS1Euu7ubkbPkwTnaHbWXOPGU9RJGk4,14 1.0 0 0 1 1
hKliVHEtUbJQPGBCuEz6ZEiFSVDP04wp,3 0.5691 1019 1493 2072 1876 5 0.0904 1644 548 2328 1830
gD8rukBCQru7A6IuYQru2Y6vfzxz68Su,14 1.0 0 0 1 1
o980yiTGXqhn4jd6e13JXmLCBHoZ8Ru3,11 0.0711 1472 427 1564 515
rqVcxwfRAei4gT9mZWoDridOXf1wVZco,0 0.9885 1131 584 1391 860 3 0.6671 749 1338 1755 1835 11 0.6644 1321 236 1513 277 3 0.2054 791 1479 1821 2006
4HI64T666ssowtNKsU6BUBEMpRrprsMI,3 0.2374 1399 1227 2248 1614
SL9hjnEqZln2L76AMo8hLzc4qbh8BzCU,10 0.7513 260 2217 362 2380
qp6S0yADNhf0RqY0iHMRR2fUnBR85OqB,0 0.9989 1446 923 1768 1253 3 0.9321 1139 1785 2138 2083 11 0.5490 1645 635 1896 689 11 0.4353 819 597 1210 769 5 0.4285 1869 887 2396 2103 11 0.2872 563 834 747 1082 11 0.2043 1886 618 2138 781 11 0.1493 894 584 1288 721 11 0.0842 569 741 831 1077 11 0.0636 1599 616 1895 712 0 0.0606 1467 11 1995 318
o69iugwuYTu4qr4wowAIVGDbaNUwAaRf,0 0.9964 1285 904 1605 1281 3 0.9964 889 1732 2085 2194 8 0.4494 1559 962 1668 1062 7 0.2030 1559 955 1663 1064 7 0.1660 336 1517 1027 2021 7 0.0687 482 1648 987 1950 9 0.0659 1 231 232 437 9 0.0559 8 254 146 472
DVKw3PLQgKsQdObswUb9GHdOVlitJyqt,10 0.9869 228 1151 1052 2087 10 0.7300 207 1299 638 1979 7 0.6954 383 1273 944 1822 7 0.3992 428 1503 1018 1863 13 0.2294 300 914 880 1113 11 0.1944 723 288 920 351 6 0.1888 349 1177 978 1793 11 0.1597 191 1223 860 2029 13 0.1345 357 928 779 1059 11 0.1161 208 1293 621 1886 10 0.0729 400 1601 991 2172 10 0.0678 185 1508 1183 2354 10 0.0568 123 619 975 2228 4 0.0528 496 1442 976 1820
KnctpLDCYtt0SwJdouRVijvZxOqZw2AW,2 0.9077 1871 641 1990 753 8 0.7305 1867 648 1984 746 13 0.6893 1701 481 2064 812 13 0.5154 1869 624 2002 763 13 0.2188 1824 544 2022 758 13 0.1059 1540 414 2099 920 9 0.0874 1878 648 1994 746 13 0.0601 1681 535 2061 1012
cJofrzdFDTuuJ1fSOcp3Iqdeh2oWDtsB,0 0.8237 1456 971 1746 1264 11 0.3755 659 499 1158 747 11 0.3189 783 503 1209 669 11 0.1731 1738 540 2008 610
qfrFtL2lsLyVB3NAw6T8iGvzgju5n9Y0,0 0.9857 1656 920 1922 1182 11 0.1597 1127 507 1443 578 3 0.1131 1311 1555 2331 1950
tPHrFZghgP68xq53aHHAmkfH4o7gpsNL,14 1.0 0 0 1 1
yxyjok035MQbtHqC0o5R1yi5THedwLPx,0 0.9944 908 774 1471 1243 0 0.9524 1133 767 1466 1140 3 0.9433 792 1358 1722 1751 7 0.7975 334 969 818 1384 10 0.7745 268 1735 353 1898 6 0.6218 281 763 855 1785 7 0.4300 250 635 984 1790 7 0.3942 339 823 852 1593 7 0.3415 305 1140 901 1743 10 0.3344 261 1722 396 1952 6 0.2949 311 913 857 1404 9 0.2747 639 918 714 972 6 0.2624 1677 1406 1934 1603 8 0.2561 527 1695 586 1755 13 0.2076 1672 1441 2001 1622 13 0.2050 283 1204 707 1365 8 0.1764 1748 871 1793 906 11 0.1763 1328 414 1577 481 9 0.1633 1432 1504 2063 1882 9 0.1587 1569 1575 2080 2001 13 0.1445 315 821 831 1447 7 0.1336 338 1368 831 1729 4 0.1235 310 886 815 1480 13 0.1048 307 1034 822 1350 6 0.1044 422 1045 824 1328 5 0.1043 295 953 871 1748 5 0.0801 1639 1414 1967 1624 10 0.0753 241 1681 349 1938 13 0.0690 1664 809 1819 988 13 0.0668 1644 1571 2000 1963 10 0.0661 239 1692 821 2061 9 0.0628 271 825 869 1384 10 0.0607 253 1696 540 1994
93oTzHU5Tt5e6AAup9usx2B3PgAxjy0r,11 0.5272 617 445 850 511
ueHk6hevAuD1rGTbsYVHBVYEZyVRk9aO,14 1.0 0 0 1 1
xGPEAlxf6Rd6poneAYvgELQLV4HresTI,14 1.0 0 0 1 1
09r5v4jBLQwWqRR9cU40dbJAKsDMsXbJ,5 0.8787 1502 595 2394 1843 5 0.8596 127 214 1202 1783 3 0.2964 857 1173 2171 1765 0 0.0673 959 529 1716 1140 5 0.0615 1817 1072 2404 1737
pwtPsaThJfvGRRAUTJtiXn9gamql8KtB,3 0.3074 945 1309 1747 1627 2 0.1061 1310 806 1376 877
JeFycKAs21bDxxOOSFLDEMFtoEx310Xm,14 1.0 0 0 1 1
tKAKefpS0IR8hsghFuGqwd2qeVLY9wpg,0 0.9973 1536 581 1885 982 3 0.9603 1193 1309 2279 1732 7 0.0727 2082 1192 2517 1642
3njY2j9GR1YkXj0tD1JEaJyNIT1L2lMK,11 0.6845 1572 224 1909 342 3 0.6291 860 1409 2039 1964 11 0.1561 1898 1689 2296 2113
OZWWURNP6X1iGYvmDi64Oeoo6Hi8CdDA,3 0.9154 948 1457 2030 1978
X5TvfbYfov4fWNsykDUqMTIMaKCMkgT6,14 1.0 0 0 1 1
YkDLryCSFe61u6Gol1DJywQVeW4n8Tlp,5 0.8460 457 1096 1347 2822 10 0.1186 448 2871 586 3011
jLaRZosVyHhOe7XJskEE5h4TXzEOjPNu,3 0.9948 905 1447 1910 1835 0 0.9800 1191 660 1488 1005 11 0.8801 805 339 1006 387
1bFwih0j8Krc3WVmw3qEeUEqtCFzjwiJ,14 1.0 0 0 1 1
7rTAPyF7maV3VaE5jxXx0TNO9Tx6BZoQ,14 1.0 0 0 1 1
yOPW5y3aSZCu2NpJEcBgQUpZZ7SV45yI,0 0.9893 1090 880 1332 1159 10 0.9825 1468 1367 1889 1898 3 0.1555 804 1404 1606 1879 11 0.1478 1480 1370 1877 1916 10 0.0968 1588 1430 1829 1800 7 0.0538 1522 1402 1856 1865
thZfr3l7UwsCOd4cHn526qtg4F8TRtnx,3 0.9936 925 1272 1902 1703 0 0.9933 1176 676 1429 972 11 0.1881 1386 463 1605 513 10 0.1446 343 1493 444 1775 13 0.0646 1394 1060 1513 1131
S12rNyM4MEjszx5FLkIhiWvHQ92bF4kB,3 0.8504 1383 1382 2338 1705 9 0.0792 2061 125 2548 452 0 0.0639 1672 742 1986 1051
DQDruA9bfcKEK8TmgGrFRAiVV4uao5hY,7 0.0587 91 612 682 1655
i4wqZdkNDLmY7YW5fC5T8MlfXCWSsHoN,14 1.0 0 0 1 1
uJ0r1FFr1UKB0lxWNtEZAqpOW7puD4rn,13 0.2996 1615 746 1770 940 0 0.2112 1234 682 1567 1094 13 0.0752 1564 724 1837 967 13 0.0743 1644 767 1752 903
NG3jDHO68XsFUViQIW8qirsueBObBYJH,8 0.6400 459 881 527 941 7 0.4137 456 883 533 941 5 0.3399 304 889 762 1576 9 0.3004 35 1045 106 1150 9 0.2186 1434 1806 1941 2223 11 0.1792 476 370 824 466 9 0.1670 793 706 1233 2092 3 0.1356 762 1382 1768 1869 11 0.1098 488 389 704 456 8 0.0508 35 1041 106 1144
FycB7DZ3FsIMVMm3O4Jd1wApjF5urHlS,9 0.1197 802 613 1177 1640
kQyL8FSilfYNxlDs1lDNz6ITjltpg2sJ,14 1.0 0 0 1 1
dLISxA0Qo61MuglU0O9kf9ZUDOKWsge8,10 0.7967 171 2068 256 2171 0 0.6984 1158 785 1386 1027 13 0.5726 1323 447 1569 893 11 0.5153 1313 404 1541 484 11 0.0786 1394 418 1566 484 11 0.0782 693 425 929 495 7 0.0553 1350 428 1482 489
iZ5hUImFKdooUFAz96RbycuyxGHlwAfV,0 0.9978 1362 778 1616 1066 3 0.9469 1029 1635 2040 2003 11 0.7507 1774 416 1930 543 8 0.3790 491 1730 558 1798 2 0.3668 1488 902 1586 1029
ut8UZlTFUfyVgBFnfSyYaswWZl9PQkGc,13 0.1153 1375 1212 1584 1403 3 0.1134 821 1635 1650 1972
G6VSLLNCAUTRe58X8AZ0AbDX17ctUz8Z,8 0.0938 297 1320 382 1422 7 0.0719 300 1294 441 1436
sslAD8wihYLiXQwrICRATKlbIR0C1RQv,0 0.9567 1441 794 1841 1270 7 0.2541 905 449 1385 1000 0 0.2513 1017 673 1784 1294 13 0.2241 1776 637 2146 1086 11 0.2061 777 419 1417 815 6 0.1232 1813 652 2118 1093 6 0.1078 1858 613 2452 1792 5 0.0924 1658 678 2501 2102 9 0.0884 1062 403 1544 1287 7 0.0695 1036 621 1373 1274 2 0.0635 1711 1231 1946 1468
K18ZQ4R2TmJ1zwsVvbgFAluzzN0PGRHu,3 0.9897 1510 1394 2601 1903 0 0.4655 1821 638 2053 865 13 0.0822 1038 1470 1491 1696 6 0.0705 859 944 1641 1765 7 0.0517 935 1004 1510 1749
ug6IEUJq6vK1VHmSOQE7O9FzHWihgWCo,14 1.0 0 0 1 1
HhjXIxyhnLCJsSXHdpLcxtVjkVin2XGf,0 0.9851 1279 810 1612 1185 3 0.0641 949 1724 2022 2069
mPdyOQ06sheqlezSb2KS7EufETq3FkND,14 1.0 0 0 1 1
EtAD78T83sGC3rNCJfcXRFrSkgQAk4On,14 1.0 0 0 1 1
FWP4HkVnAI4m0hMqB9Veuj7DLAB6GTp0,11 0.0827 869 545 1025 653 5 0.0765 602 902 1315 2141
BxHarhobE6EaGa5HycfxkUQouiNR9q81,11 0.5937 1494 430 1642 547 11 0.5099 1366 412 1634 530 8 0.3927 496 1861 567 1920 0 0.2502 1127 919 1410 1214
UbvztGjWC27FO4EVwkzSEgNUUj3D4sv1,3 0.1395 748 1438 1585 1883 7 0.0591 135 437 686 1913
45psej7axdItYtuEJ8oJeAlD8vfVce34,11 0.7009 739 280 1112 413 8 0.2950 576 867 649 918 9 0.2360 571 862 645 924 0 0.2346 1319 587 1574 802 9 0.2167 1752 1517 2282 1961
Y3SZs0cJXWwGIvtlt7wbK1xrSCJZLHa2,14 1.0 0 0 1 1
mh4NQK7DlZUnBcY8CLHcfcHnE00zU8cx,3 0.2035 894 1592 1910 1938 0 0.1506 1230 755 1475 1063
Nc4KbjeHvvmfTdhlh1mkOV2L5dXGquLM,11 0.0763 493 423 861 582
plRhmm7SLj80pY7Y9koTJRddsg0nqOwC,3 0.6175 719 1180 1565 1439 9 0.0935 78 1160 1884 2347 9 0.0807 832 84 1157 909 3 0.0771 13 1671 1994 2404 11 0.0546 1262 181 1513 271
l2LSqeNfaBBfRtS9HRFCQRYnYBa6qDO8,0 0.2468 1102 596 1349 924 3 0.2205 64 1670 1994 2422 3 0.1012 783 1180 1604 1521
QuRzYX1CqaelPEJxwnUIP2hi6PyzCW8g,14 1.0 0 0 1 1
pMuZrzg1W6JUf1Fv7rmJqG7i5l0RmVca,0 0.5033 1194 790 1507 1159
q63f8tVNVyrMKC97p6HmUn3MgHdwSWIs,3 0.0767 1265 1526 2277 1971 0 0.0501 1646 652 1929 942
5ikiT3X0ko0i7IxjlqE97goRwj9CTOPi,0 0.2542 1065 589 1304 859 3 0.0573 749 1179 1637 1650
WtHbuRs0iMRp4eiyU7UamE1IIEBNRCZC,14 1.0 0 0 1 1
haTTISS2uhCdxLxPfPLAMjmEbaGjUbKG,14 1.0 0 0 1 1
tPxW4Z0y1jdpcrmBeuLrsA5xk1X1tx1z,14 1.0 0 0 1 1
eALyJI6HQIHC0Pu5HSpWVX1gFvDYF0IL,7 0.9870 457 1615 830 1984 0 0.9791 1229 669 1539 1048 3 0.9657 839 1577 1766 2059 11 0.8863 495 418 643 635 11 0.8446 705 228 1011 352 13 0.1518 611 388 908 688 6 0.1431 605 427 1014 958 13 0.1243 611 407 1007 924 10 0.1132 347 2199 435 2332 6 0.1041 490 1609 824 1980 6 0.1030 423 1506 939 2028 11 0.0836 496 358 724 630 11 0.0730 712 245 967 318 4 0.0722 428 1491 903 2010 8 0.0696 1668 1431 1749 1523 7 0.0661 560 364 1075 1059 7 0.0516 594 405 894 663
O5U0PZ0HNccUw9r4Fhxs1cTHj2CmyodY,11 0.2492 1919 1771 2396 2116
tExqbJ3yhjYQdPdKOwIMYF5mlpVRJmHQ,11 0.8857 1527 257 1804 425 11 0.4157 1318 291 1519 399 10 0.2089 104 1948 224 2114 11 0.2057 502 298 995 545 9 0.1693 1564 1692 2435 2073 11 0.1271 1490 280 1740 394
i4Nm2tUiJZnopljvsHGD3RflccCxw1PU,8 0.6063 836 1563 867 1594 0 0.4470 1303 697 1598 1046 3 0.0701 1034 1434 1960 1859 9 0.0634 258 1570 319 1664
RFOHh3AAakwREW6RvbP1mk0ziOvGbeC9,11 0.6706 619 251 931 371 11 0.0848 546 234 883 413 8 0.0654 646 867 707 944 11 0.0590 680 253 920 327
3QCRGabCipZtM6jnVVyr784KJYvMG8MU,0 0.6557 1376 756 1625 1055
W8SYNG5Ctef0iLcUB7ysUuQzPpKY3fst,0 0.9984 1626 568 1939 888 3 0.9945 1229 1295 2392 1657 2 0.0715 1786 701 1902 801
yoi5OdB282q79PyApKJTdv9GkuY9OgCQ,14 1.0 0 0 1 1
lWJmkKHKYrnBTX3SSnmcNLpxWJ25hrUq,11 0.2529 1416 209 1680 287 0 0.0562 1266 568 1500 805
rLF6YhpAghnFW38jic5ID9kOsoQDnBcw,14 1.0 0 0 1 1
pWjn9o5CZNPRBIWUNAzMINDjTo5UkHaA,3 0.9446 718 1536 1857 1950 5 0.2122 1656 1120 2065 1895 11 0.1002 1376 358 1656 436 5 0.0715 1241 367 2081 1943
LOBmpOQJwQua9VLEDYIeag6LiGVXvLXV,0 0.9275 1300 937 1509 1169 13 0.2246 608 762 737 879 7 0.1228 628 748 721 857 13 0.0810 589 750 808 948 6 0.0525 617 743 718 861
rduhhj3Wkba20a0c98Zc6xXc4xJg1DCv,10 0.8899 119 2183 225 2333 10 0.3141 2195 2237 2307 2412 10 0.0763 97 2133 253 2353
IptxNbkSUbjMnG4axeUKAezYVNSeUh01,3 0.9276 1063 1328 2095 1739 5 0.4095 1896 985 2334 1695 0 0.0908 1501 602 1771 870 5 0.0860 1957 1214 2280 1663 13 0.0544 1962 1265 2319 1649
Mu1C5hxdCDjj4nXWTtDGNXeYF2YKkhbp,14 1.0 0 0 1 1
9gt3piTLOlJGo6MDfv31D0Sc3dTMeGiM,0 0.2309 749 658 1433 1108
csfvwk42ViU5TrZM2ZhmvgcERqYjYa6V,5 0.2237 176 436 1242 2097
IveTTtVgs5n9I2AfiCBMZEYtwUSVoIE3,3 0.4852 1090 1200 2170 1680 13 0.0892 1654 1161 1933 1549
Z9fTzHXgswIiKxpLRCVO2RKhpWCuiW9K,14 1.0 0 0 1 1
FoiqBSGI69WyTN5u4SmOr3MfPt3ReKWp,9 0.3950 479 344 761 1135 9 0.3489 466 194 1082 1153 12 0.2126 108 218 589 1118 9 0.2052 255 234 740 1114 8 0.1423 882 685 971 765 7 0.1415 129 273 563 989 0 0.1263 593 383 758 578 9 0.1107 511 613 724 1087 2 0.0952 522 21 664 97 2 0.0531 916 935 970 960
mkSgFtx9CBA61kMFUlAY094UamhRxrez,0 0.4385 1764 860 2104 1247 3 0.2255 1337 1528 2486 2046
DAyslcDS7oTxIlc5qMBSeYYuFEYmKAQo,9 0.0842 10 854 868 2160 0 0.0802 642 427 1572 1488 3 0.0696 593 946 1687 1757 5 0.0519 1415 277 1858 1120
HSCDLGygsNXBVst2qhLYmeJ4UYQwkdLb,0 0.8279 1212 580 1597 1055 13 0.4495 1330 404 2119 1804 5 0.3994 1374 411 2223 1961 7 0.0748 1819 1118 2174 1763 5 0.0572 170 349 1114 1419
lcdDHBNfs7xGWfuryczDlbay8CDNqOYX,13 0.3568 861 677 1103 1104 11 0.3098 1170 547 1386 639 5 0.2957 687 851 1227 1932 11 0.2292 1018 547 1320 612 13 0.2153 715 1934 1034 2136 11 0.1627 1942 547 2151 616 13 0.1301 772 1229 1194 1504 3 0.1285 1216 2102 2248 2511 0 0.1234 1521 1051 1846 1367 6 0.1121 1919 618 2317 1019 5 0.0921 692 1191 1139 1836 9 0.0794 702 714 1205 1567 11 0.0619 1828 552 2143 591 5 0.0545 788 1252 1179 1566 13 0.0532 1911 626 2292 1020 10 0.0529 426 2566 560 2743
8mcCjgpDjjbudxc6ejtUX7hSO6iYanRZ,14 1.0 0 0 1 1
e7lLaPAWocAk1rrZaCjvTesB7mJDfRRZ,14 1.0 0 0 1 1
6aFnofD5N8M0pM4OGlQd6Z7kFwdhXYMj,3 0.5476 1024 1432 2079 1895
5tCen5kMkCYGiBvp0ma5mnVwKBICqRTL,7 0.1424 123 784 772 1833
xWsQj86IkAEiKwmYW2TiU4IrYaDRAjkY,2 0.2430 1403 1131 1481 1211
uzvjIurTB2JzkpfQtQC4AkIn6dj5YVeV,9 0.1280 1386 1901 1830 2430 11 0.0607 1436 1880 1515 1953
5cGlOxXd8adlnSODdeSeqgrib0JUSTQy,3 0.1982 1010 1729 2129 2087 11 0.0573 2387 2012 2533 2307
wKfLxdlj3xNWtQ59Kc8wJo7t5GPtPKR3,14 1.0 0 0 1 1
xzshrtiVCvUap8gFRZtIjRL2959BNxYX,3 0.9382 722 1040 1704 1405 13 0.0790 440 965 659 1107 13 0.0741 439 970 757 1160
jZTbJQ0Nz7m5YpGeBumW1A7HwZMaDoZ7,10 0.0541 1637 1951 1721 2106
KJ8Hy5ohttv3pPgrxGANOXy7ZTHZeXvF,0 0.9986 1243 579 1524 887 3 0.9826 865 1448 1871 1875 11 0.5257 843 325 1014 372 9 0.2451 1005 285 1332 1125 11 0.1705 887 330 1035 393 8 0.0827 1526 784 1581 844
TVp59kfFQupOn1AQFqlUwDhItj4uTRd6,10 0.1749 1884 1837 1968 1980
uPZWjecnmQuUR8vle8wxsAJHEWSyFyXa,3 0.9169 643 1076 1405 1431 0 0.9143 968 564 1190 791 10 0.8184 1477 1301 1616 1508 3 0.3217 0 1451 1940 2354 11 0.2588 1500 1317 1638 1546 9 0.1029 704 244 1089 1265 9 0.0874 1622 410 1959 1033 11 0.0698 1473 1315 1608 1461 9 0.0545 58 1236 1520 2247 11 0.0539 1538 1374 1624 1534
ArK8KmgvC30sRmz4zvPMv2dOoDRO8Ctr,10 0.1280 73 2033 157 2147
q845afO8zEgMz1H1ZQL68cZjOwq6F4SX,3 0.9967 1017 1685 2217 2282 0 0.9329 1430 773 1750 1105
oBVrIk8GC4v5lCFVBegSElelvayRyIvi,0 0.9983 1477 685 1811 1034 3 0.9884 1161 1545 2280 1989 9 0.3673 1198 678 1662 2101 11 0.2233 903 308 1208 393 9 0.0872 978 1156 1282 1628 13 0.0845 1744 1477 2010 1878 7 0.0520 944 1208 1253 1622
42kMmZJEG3vpxlcCghF86yQIp7FfOyRp,3 0.9986 1298 1352 2394 1736 0 0.5908 1644 736 1898 998
8eSDhgvtfYjqykKifc6c3zB3hhmug7JX,0 0.2580 1083 553 1320 816
g7zqJzgFp9H2iHrbHn3LRurtC6cA892l,7 0.2184 46 364 672 1555
gyCpEEQuY86gRKqKm4F0hRllWmipj4Fx,0 0.8807 1384 883 1777 1295 11 0.5568 743 402 1153 528 0 0.5317 1122 870 1773 1476 9 0.1929 956 2018 1341 2621 9 0.0973 253 2055 1211 2692 13 0.0870 352 1989 1106 2667 13 0.0793 495 1999 818 2262 9 0.0711 294 2186 896 2699 11 0.0703 1920 393 2074 492
Va49fShNTxJ3CrmdPT7YdIedprNM7vvf,11 0.5731 1745 1679 1835 1741 7 0.2441 789 1039 1073 1601
arOuHrSi3pCHjHd9kWyQUWuu2YiJ4eol,14 1.0 0 0 1 1
3Ctkvlaw1PGowQ1FIw8VsEoilqSpBY39,11 0.6817 1813 582 2061 682 6 0.0947 896 588 1167 966
gxM1PHGysgZ1RrBYEnew34TijfHeWBDK,11 0.8634 1268 562 1422 604 3 0.5463 873 1315 1779 1663 11 0.4995 672 562 923 639 11 0.3269 700 573 902 618 11 0.0676 1232 568 1397 620
vMkh1dUDBmO7cY9zs7KnXurPGVjvFLnf,5 0.8248 99 247 1149 1594 3 0.5751 827 1168 1948 1567 5 0.1607 356 348 1079 1155 6 0.0639 549 259 1060 1044
6bhN7auEOVnkXcBh56qDYIbndIGoZ4sp,0 0.7708 1254 893 1531 1198
bSONGIr0AkWlQEodwgC9BwUQGfJyUgpc,0 0.9131 992 756 1203 972 10 0.7671 151 1996 302 2177 11 0.1715 1128 408 1301 451 11 0.1125 153 1998 310 2195 11 0.1022 1108 413 1248 458 11 0.0873 1075 412 1206 471 5 0.0755 1176 540 1726 1905
tubcBUEyZ5BNNXzZZdwABcHcYNJ9JUDm,3 0.6665 662 1064 1452 1360 9 0.1076 46 1113 788 1821 9 0.0737 0 864 529 2275 9 0.0502 51 1135 1097 2380
o9FGuRDtWZiVAgHqWs9nKt9H0Q96ijw0,0 0.1072 967 815 1199 1079 8 0.0565 1348 2187 1432 2311
oSHXj35dl1bZLcCmpWubDCfS2PaUCkJ3,5 0.0870 1624 1189 2306 2242
kkCKuIAgMrJiCfiPtdnTgTqZSMPzOQ5c,0 0.8794 989 687 1248 966 10 0.2760 1860 1855 1940 2022 9 0.1525 136 1405 733 1759
pPjap58IBEdOY9vCeaBBVVL7UTdPuuDe,14 1.0 0 0 1 1
T2ukUvwaEoa5m9fHJBosDYOQSsY3Tnlv,0 0.7851 1186 716 1488 1023 0 0.6502 850 713 1516 1158 3 0.4854 774 1259 1802 1720 5 0.1209 1274 458 2045 1832
9ZgmRl3yWCJiuMudnfu5tYSwj2wMOcct,14 1.0 0 0 1 1
FXrkyN6HIedvUzAIR9GeQY9nJkXPritN,8 0.5849 1477 2425 1586 2498 8 0.0586 1486 2443 1557 2494 9 0.0549 1465 2433 1666 2495
rkqEBt7SFM4UKhz7CzXJY4E37CAnuWop,14 1.0 0 0 1 1
qJvcGogGrmuLJouVBleQkjVxl5RpckqD,11 0.5637 691 395 927 564 11 0.3350 759 387 967 511 11 0.1397 1516 394 1873 491
2e9cDkHrKStzN52tIxPsOOLJ56racjV5,14 1.0 0 0 1 1
pq8iyaEZYh6urDUERvmb0k1L7ZSRE91m,3 0.9933 1029 1577 2358 2060 0 0.9877 1392 771 1813 1173 11 0.1064 748 398 1144 530
HyMGiK5tk01i68NYtIiSkNEeps0chNsC,11 0.3323 341 40 572 199
AtO3U0apYAZWxYKOELUJH8hTGKcbbv0b,3 0.6844 734 1247 1500 1558 8 0.0501 695 1270 751 1325
bbgkVryOO8RRkxuvxUgD9jxUIDDE5qVY,0 0.0992 1003 900 1227 1148
p0JdC6by9XGVu3Q80p3l1ECOK2t0eB8t,3 0.0873 725 1309 1470 1703
rMZeCxp6WYAtmBfaEmxqJ029UqrWQUcY,3 0.0998 759 1293 1694 1697 0 0.0849 1011 706 1256 974
OwTzgMHdUsBZDQlMNqGweSPXKvisOzDw,11 0.6463 1730 282 1908 439 10 0.3311 155 2350 257 2534 5 0.1372 415 1012 830 2012 5 0.1074 1709 1033 2238 2313 3 0.0531 941 1883 1843 2270
KQYaL07y2NVf5eu9qX27qRWoMqZx7v24,11 0.2096 2095 496 2285 685 5 0.1554 1874 802 2418 1975
06wjkwBWH2MXkB2Ua2MzLWSuuYm7mA1H,3 0.8484 798 1107 1679 1496 11 0.5164 1154 148 1469 262 9 0.5051 121 1184 911 1636 13 0.4987 395 907 644 1043 9 0.3820 3 1117 923 1931 0 0.3643 826 569 1351 1048 9 0.3241 8 940 262 2385 9 0.2564 2 641 550 2430 9 0.2164 4 1125 181 2073 9 0.1348 252 1199 559 1333 11 0.1028 1166 183 1335 293 0 0.0861 1023 567 1349 934
kMKHez5lZi1pd0k7umAwZGp1ueVeSRPu,0 0.8659 756 593 1337 1239 11 0.2301 624 230 823 271 0 0.0660 905 620 1331 1055
fAujYNGi5zNKByct2sIm13iqTSAFmG9K,14 1.0 0 0 1 1
7lhSDPYwcZdNlmd0F7QECiusnZ5JbiFc,8 0.0704 2285 1662 2411 1797
AYmeQf7rfeQkw5onDWINLzf4ot5pNzRo,11 0.0942 637 487 948 629
tnhvhj8PP3B0r1AZJtn3LsPYYVPAAaha,11 0.8892 1625 435 2049 598 8 0.8482 269 1710 338 1777 2 0.6865 267 1710 346 1775 0 0.5429 1396 1002 1739 1357 9 0.5343 265 1710 348 1776 11 0.4579 777 456 1189 593 11 0.1682 896 446 1153 558 2 0.1521 247 1681 371 1796 11 0.0699 1703 455 1956 546
aEzm32qglOX4hN5jjINaWIDO9PZx2erM,3 0.9948 745 1233 1594 1584 7 0.9769 542 475 646 558 0 0.9252 991 631 1228 881 7 0.7087 200 1042 667 1501 9 0.2800 531 496 614 558 13 0.2620 537 475 662 568 4 0.2583 1014 1110 1628 1534 11 0.2184 693 352 907 419 6 0.1727 534 476 642 574 6 0.1209 130 1090 804 1565 7 0.1116 204 1132 468 1429 13 0.1029 0 634 164 716 11 0.1013 775 368 904 421 7 0.0930 132 1136 774 1635 11 0.0848 1162 405 1365 446 10 0.0788 121 1410 201 1524 8 0.0621 1107 1212 1593 1605 10 0.0530 59 1442 581 1731 8 0.0518 546 482 638 556
IWQyeoQT1p5xqLFulOGaMC4rsn5BGztc,11 0.9472 759 366 1199 511 11 0.1041 855 380 1174 467
AHTlrW0UNxPa1rjacHfGBtgFKckd6gHF,14 1.0 0 0 1 1
rFQXOXKPw6hx9tpeAX0iC0s7eYhSCiIy,5 0.1251 148 503 1189 2231
7tunOoGASlqYG1MqU5Xla9y8NB7rO1de,14 1.0 0 0 1 1
JNzKjb2WH03frvzI7hQZZWg7Rjxo1uuc,0 0.7967 1561 631 1885 1011 3 0.1390 1061 1540 2317 2117 5 0.0769 434 863 1105 2052
15saWGMC364tMB3ny0BI9N85eGipQ2nZ,10 0.0729 233 1916 334 2032
5tvqowMu5y0czrh9cxh3MFeECKc07ZRQ,3 0.0723 645 1495 1460 1934
wa6Do8UmXhm5nXOXaBTyCLxTUyR0Or7v,6 0.0981 395 638 662 989 7 0.0640 32 401 676 1349
yll9HcD8lQ0HZYjqpjhp1sdR4URG9Pfq,14 1.0 0 0 1 1
gXA6ecw2zVVVUYoIeCAmHrEtaVmev4mx,8 0.1879 2576 1593 2661 1695
FLRgiriX6Jf6AlIAMQbBabgBWXstrFE8,7 0.0580 400 1262 518 1353
y43D3RAuLinXQqa9S0qWapO4fSkh2Ae2,14 1.0 0 0 1 1
TUKvZGGKB5mxN5Yx0Xw0ctkqd5XToajn,11 0.5731 1691 281 2114 428 11 0.4838 1008 204 1297 345 13 0.4566 1890 368 2354 854 9 0.1235 1888 334 2395 825 13 0.1079 2071 556 2258 772 11 0.0596 1737 289 2067 372
a9Pj1EyzlPQNrg4yuYQKPdxfKgE5HGdE,14 1.0 0 0 1 1
16cDqCSHOS8B6rAWZGlUCZvU3nIycUFn,0 0.6187 1111 593 1373 866 11 0.5539 721 236 941 305 11 0.3476 726 236 841 284 3 0.3071 711 1463 1725 2026 11 0.1366 799 247 971 323 9 0.1286 1806 814 1935 969 11 0.1199 753 253 812 291 9 0.0793 1810 853 1914 944
sDXi7lCDANApyWFohgHLgoyXm2iAfBmf,0 0.5254 1124 697 1353 946 11 0.1092 777 402 952 449 8 0.0793 549 321 599 373
dTFMFFJmLVGfVnZjry2MKm2t7WWKcwDr,14 1.0 0 0 1 1
EuJ1SCWvdtypPMzh1WWiS9lbbhH0SeJI,3 0.4029 718 1357 1519 1640 7 0.0565 367 1199 788 1544 3 0.0533 81 1649 1972 2405
YhpY05FLCHeGOsKP8fPr0GjynvUheWVw,7 0.6846 1035 395 1270 770 0 0.4087 1830 396 1990 722 0 0.3104 962 694 1239 990 8 0.0795 1801 399 1994 684 11 0.0639 1823 376 1994 664 8 0.0602 1016 472 1260 775 7 0.0589 1847 355 1994 719 9 0.0538 1795 369 1994 661
YLQxqzdH9uIAc8eC04fOdYtoVxtPojzI,3 0.9996 791 1392 2030 1937 0 0.9952 1272 657 1659 1075 11 0.0896 914 226 1106 296
NXqKMq3K72nY3FvDI9Yu6ufdMLaMNAjc,3 0.6764 1113 1180 1823 1548 0 0.0538 1439 15 1779 236
SMIQHzR3PC6VKVo917m9iRyj2j81y7au,9 0.1153 10 669 277 1959 0 0.0828 1024 805 1251 1045
cWIw7nXiM4QBTHJQlLvElzrTJPPXAHjG,3 0.0510 117 1715 1994 2414
9FZuh273ab59aKbzwTPFf6TlYZkehzyL,14 1.0 0 0 1 1
MwwN0dkQThg1xJUTzt5mbT4btZD7cdRc,0 0.9969 1058 737 1274 975 3 0.8727 768 1360 1648 1752 11 0.6880 597 424 906 580 11 0.6535 1383 503 1597 645 11 0.3785 176 1783 270 1900 9 0.2930 233 1558 829 1878 10 0.2817 180 1793 259 1888 11 0.2207 717 460 906 578 8 0.1924 348 1620 390 1667 7 0.1490 390 1580 780 1795 11 0.1242 782 472 917 566 9 0.1131 1397 492 1608 652 8 0.1028 552 1357 674 1479 9 0.1003 790 474 902 563 11 0.0837 643 440 899 523
cK4b7gKCoBIX4HaJYeFrutJiboAl3n5t,0 0.6654 1195 715 1555 1107 9 0.3708 2137 863 2323 2528 9 0.1340 40 18 631 165 9 0.0640 30 645 248 2794
8preNBesD5Pw9M0zsg0zuxrB1nvDGq5d,14 1.0 0 0 1 1
sgsJ9j0F5kli6703WD3mwnd15xfm2tEr,14 1.0 0 0 1 1
9BrSR8dltV4GPX2sjjzmU7e2OMuNIuJX,0 0.9783 1059 323 1332 623 3 0.5992 754 1061 1645 1413 9 0.1090 103 1170 1903 2206 3 0.0708 658 1193 1848 1755 3 0.0656 627 1279 1882 2122 13 0.0656 1408 869 1658 984 9 0.0590 157 1113 801 2387 9 0.0546 53 1226 948 1968
Y4s5J1bHEVB4qfm1COAymJuaAlQTEns1,3 0.3497 908 1646 1800 2035 0 0.2749 1168 873 1443 1207
bXjqdk32k6pneuqwY6ZoZsRE9VGu59zF,13 0.9861 1975 566 2339 1037 13 0.5762 2299 1199 2408 1289 13 0.4861 2135 796 2335 956 8 0.4274 2296 1225 2373 1282 13 0.3759 2031 663 2349 939 11 0.2003 1176 412 1409 468 9 0.1780 1947 559 2320 950 13 0.0642 2076 764 2353 1004
CB6lXcJoHeYUkDHKebwZtaYbB6EZdfFI,3 0.0902 1204 1504 2228 1874
mL07KVK1UmrPcAj6eDJ596zqCmGN4nkE,14 1.0 0 0 1 1
DWGtEt7CorwgJFxyTlSz6dVcadYYAu6b,14 1.0 0 0 1 1
2seUj6LkAqkLJ55J6DKsAcuUkY6ZP38n,14 1.0 0 0 1 1
KBX6s08GaNMWRmH7CXV0vqUv8GySbIso,3 0.8924 1181 1526 2169 1894 0 0.1757 1553 886 1851 1182
W79JMfj6eTfFWKcQpy4ywi8Eh9cobH0b,14 1.0 0 0 1 1
xDksE2UTbxfFncEm4arhpYWtfupN794P,11 0.1253 635 598 992 791
y10ua9UZHy78qmgHhSLPqBmp06bQ1TY5,14 1.0 0 0 1 1
7qkVaKF5geCIX23gzyUixffPvCKT966t,3 0.0547 1253 1657 2375 2067
wGerQNVh2AmbWkiKdQgU56SGNmbHxeZf,14 1.0 0 0 1 1
gUq07bQh00oVbnrrk87Vc9kp1y3YURrW,3 0.9967 970 1514 2114 1966 0 0.9961 1321 753 1629 1098 10 0.4086 175 1840 357 2183 11 0.1277 761 338 1140 473 11 0.0619 1478 372 1606 460 11 0.0576 1650 371 1846 453
baLFCDgr5eZhZ6XAA6K4n9VDolHFwzH7,0 0.3925 946 799 1146 983
IWKJO8dUAiEyfB9qDUzuxGgcp17jUH26,0 0.9970 1086 660 1356 926 3 0.9789 759 1165 1789 1575
wiuBuEZTytvmlztLy7M487sfhojFa6E6,7 0.2796 231 1071 732 1773 8 0.1867 1430 1111 1570 1242
cD8imlaneJzvSf8trhAjkMCjCnOdyoeK,3 0.9975 1099 1538 2587 2207 13 0.5407 547 1381 821 1471 13 0.4307 593 1355 1231 1504 7 0.2154 2072 1041 2616 1941 0 0.1702 1636 1016 2039 1325 4 0.1309 1686 1145 2570 2118 9 0.0610 634 1369 1207 1488 5 0.0587 1909 708 2616 1816 7 0.0579 1812 1305 2679 2128
JVYkB67NyHReiYzY0gjxsidpfpYSx0OI,3 0.9961 821 1618 2208 2157 0 0.9757 1253 767 1603 1198 13 0.1929 1960 1316 2136 1436
gQmqiDMOOGp0HOfQ8w9dc0q9WBCqiKcm,3 0.3113 1082 1421 2102 1780 10 0.0643 2291 1580 2430 1763
ACQnda8UNMst7vgxrPIfdsvJsfeRkWcT,0 0.3653 1120 858 1376 1150 7 0.1025 211 1785 270 1850 8 0.0949 203 1777 267 1845
rN5YSYstwIF37rysHn0xMcxMr5KMc5bC,14 1.0 0 0 1 1
oq6qWaCGBROLOYLrhzn6lKb0gqUUChGu,7 0.5118 62 421 673 1793 3 0.3732 700 1299 1511 1568 8 0.1686 298 676 460 863 11 0.0633 476 360 768 449 9 0.0618 28 370 361 913 9 0.0614 22 435 494 1441
S07F9aNin3iYJBFR5M2hH2uD3dt5XQF0,14 1.0 0 0 1 1
gptnrEYdlcefgmDgmthcPZh66sHNbFFy,11 0.8476 1625 455 1992 584 11 0.3708 913 478 1132 543 11 0.1417 901 457 1175 603 11 0.0583 631 464 991 653
lBtSJ4fGdYPeG6XVrsvkWcHJzvyRH930,10 0.8198 733 1718 870 1929 11 0.7494 745 1717 898 1927 9 0.5061 774 1686 1314 1932 10 0.2104 717 1630 899 1956 9 0.1757 833 1715 1153 1911
pTF2gfdcLDeQBnad8CMSb1mGW1zfNgmw,0 0.8796 1227 900 1528 1230 3 0.3442 818 1578 1927 2021 0 0.2288 909 904 1525 1455 11 0.2108 777 526 1012 608 11 0.0704 590 520 1108 690 10 0.0680 2131 2182 2308 2409
Mtu6C7cnop8hdAHptHfZBkByRbgHsG6i,14 1.0 0 0 1 1
8QkoAjYCUaytuyJpAS7ct07RkYW4yKYD,14 1.0 0 0 1 1
DKWkqJuvu5XuZa01XgOMBLsRRcM4fGyT,8 0.0754 1469 1237 1581 1363 5 0.0752 428 1070 939 2178
isRk8aOfiOaPd8YY3ZdlNQWT8T8Niwci,7 0.0758 267 1299 404 1467
Tj7Fus9ElLcauAj5Mg1pcDeQNVkTpO1S,14 1.0 0 0 1 1
bfWby0yNglnH2hhboyltnlW6OufGba4Y,14 1.0 0 0 1 1
G2scUjrN2xdpCiDTBOAvf5aHaGLDMANY,0 0.0678 1244 969 1530 1250
2wZKi8PWY14Vd56sYQBWy3sxyxRRH8gs,14 1.0 0 0 1 1
HckQmApQUcqR1yzys3qt8jpTQkyfgW2u,14 1.0 0 0 1 1
oVl3nqXmqgXnwgtHbbmOnFicvAJuMTH9,14 1.0 0 0 1 1
vTuXH2EStIaqsMMYLxsGedlzdI6RwFup,5 0.0504 696 759 1338 1556
0v9EKN7xkeEdDhwvNZGTQ0ntUZpQZxT7,11 0.0875 606 292 913 377
l09P1gfmI0nbzm01G845GT1cDuBQ5R46,14 1.0 0 0 1 1
DZpQh1P3qEvtyPNyLPK3T6sIfAIRsxAa,14 1.0 0 0 1 1
zGbvxiQinnOnZXxVgI8r0tWFPUWBQa8x,11 0.2296 653 261 941 393
VkqJsRKfHoSLLOJSVdl1QAZeJ5CxlOHA,7 0.6181 798 625 943 923 3 0.5343 736 1133 1506 1400 0 0.4774 1010 586 1263 878 9 0.1258 807 627 946 915 0 0.1047 801 594 1266 1003 3 0.0896 705 1028 1569 1538 9 0.0586 9 234 573 1209
pHRSmJMdp405DKHSRMzNNusKZnKdxYQn,7 0.5976 448 945 686 1347 4 0.5145 443 951 694 1342 7 0.3345 481 1021 665 1260 7 0.2489 400 860 768 1387 6 0.2250 464 897 702 1316 8 0.1911 557 837 657 929
Yq48GZKCZGNkn1YxGb2IHWCn4uPOB7eD,11 0.2125 1414 367 1672 451 8 0.1808 89 1270 603 1744 0 0.1057 1154 744 1449 1034 9 0.0514 85 1547 858 2166
AGW2QTA1NJGsSlOFuuZg6DdpG10a8kP3,3 0.0627 842 1482 2068 2004
tuX5g0H1EBUWZ63GfYJU1C4LR9SBT7fl,3 0.9979 871 1566 2010 1963 0 0.9971 1286 899 1551 1154 11 0.6276 711 520 1032 635 11 0.3176 1668 532 1971 744 10 0.2082 300 2000 359 2136 11 0.1398 797 511 1091 588 11 0.0730 1383 486 1721 631 11 0.0527 1460 484 1818 603
rHLqkhyOaYwWvebAp29e5wrj9j7j2fAD,3 0.1261 819 1282 1597 1624
jmQyTRQp0K9yhruWoO8zPA3ZKdBBoKvU,14 1.0 0 0 1 1
MZD5wfkLC3uLa4xodYjBeYSiRMdKetTK,10 0.9966 1110 469 1865 1719 12 0.9916 1107 338 1738 875 8 0.4266 633 545 709 617 3 0.4257 522 1015 1800 1688 11 0.2229 1372 370 1543 471 4 0.1497 1322 795 1614 1009 11 0.1163 1271 356 1532 457 9 0.1156 1118 412 1732 861 7 0.0923 1154 445 1696 862 0 0.0606 994 663 1247 982
9C0psi1CnZYm8zUcg5iyapJEBnzjysHU,10 0.0839 220 2317 354 2521
JkKBe4m5S6D8M5yfkxpVPoyGkKS4592K,14 1.0 0 0 1 1
FI4P3Dbs60rzsLg1VvmfpZGoTvuUc28q,0 0.9957 1078 838 1363 1149 13 0.6686 1596 1790 1890 2011 3 0.6526 767 1581 1749 1991 5 0.5474 1539 1745 1929 2062 5 0.0669 1423 1523 1964 2081 2 0.0635 1173 851 1318 970
XRsuzpCXrG6MwaURiHJauVEIJIhJjLlE,14 1.0 0 0 1 1
Jp98FJjG8arHrP3VLjBs7QdYL2AQozFP,3 0.3834 732 1678 1417 1965
atoVnMzdyILyIrVrepgmdku9OmoMs2kF,14 1.0 0 0 1 1
HXPNZtLZ2Hy6oB6JpZtZClxJbpXrDTP8,14 1.0 0 0 1 1
Y2mfsAQbzaQUKaYmVOwVwbz00XjFf2LL,3 0.9840 921 1481 1937 1946 11 0.5204 696 304 954 393 9 0.3107 546 421 943 1030 13 0.2638 568 391 942 1018 8 0.2340 549 1699 659 1811 11 0.0908 1452 363 1556 441 8 0.0841 495 446 935 1029 11 0.0553 712 323 1016 373
vWFGgI87emtpDwAz9MJd7RSMbPzaI1D0,14 1.0 0 0 1 1
Y0m9RfCi6s7OOVd0vr9TTc3CSxyaSMKG,14 1.0 0 0 1 1
P6lR3hxI8SKnDNVSqv2d3yA2gzzwvxXX,9 0.5236 494 929 537 977 7 0.4490 331 725 674 1364 7 0.4403 1474 899 1669 1155 8 0.4303 235 496 665 1375 4 0.3976 323 728 683 1332 7 0.3758 194 420 691 1424 7 0.2645 414 776 622 1043 9 0.1298 1309 1512 1708 1889 9 0.1031 136 366 670 1336 9 0.0795 1239 1515 1773 2078 8 0.0738 310 782 663 1308 6 0.0669 1480 902 1659 1182 7 0.0644 414 809 566 970 10 0.0596 1656 1743 1711 1837
8eMeVlveeQ1u7eL0jsvO6w7IzonGY87x,11 0.8871 1203 516 1479 577 10 0.6329 115 2242 222 2371
XD3r0bDLsNrYB7w8EcGE31ThRyW4TFh0,3 0.1256 724 1546 1519 1777 0 0.1234 1003 959 1217 1195 0 0.0526 861 0 1398 332
hksz203L4I5qWZPYCT9LBPeL1LeK3X75,0 0.9794 1096 644 1329 909 11 0.9527 1273 362 1546 442 3 0.9242 813 1314 1712 1661 11 0.5763 601 283 927 438 11 0.1704 551 281 780 450 11 0.0891 1284 363 1461 425
c0sGsykWQtHWyvbGSuYMmzJkkJlIW7x9,14 1.0 0 0 1 1
HZNRsC5Nx4s7zdNzlcKrORXKNsznjz3Z,5 0.1440 775 715 1586 2039 8 0.0756 980 1819 1143 1957
yrn3K4efZh7kjTMqQB76pXBH9O9Jvlrx,0 0.9979 1663 1045 2005 1410 3 0.9909 1278 1861 2484 2240 10 0.4960 645 2054 877 2444 10 0.1726 2455 1940 2690 2309
UyGUYYbP52tr7dgHx1z5f1A3oS5t9k9t,0 0.2846 1258 558 1567 914
5PfrNgJ2ECpov2zOie9xYa5tR7tjiRrY,14 1.0 0 0 1 1
YKCEwtNuw8NExb2Nl89Xg5VCvg2JfqvE,0 0.0770 1500 876 1808 1153 12 0.0649 202 136 1436 2802
z0nDT5pzxhNoS2cqwC2yh1pBmleUmLXp,8 0.1495 645 758 694 805 3 0.1218 747 1339 1593 1785 9 0.0616 6 121 433 1003
079iB5iPz5tU9F3niNZT0wnGWh0cB8Fw,14 1.0 0 0 1 1
sHYwvmbRhXF5gL8wHZmLAlwIYYmtVvDq,0 0.1924 1213 900 1490 1231
fDEQJzyKOv21dopCWNRrLabVErSdaNTi,14 1.0 0 0 1 1
1FflqGHqONIHtMU9dn6HJGt1fNHBNiGk,9 0.3196 1653 2130 1953 2430 3 0.2208 699 1177 1531 1551
9qLILvqWFTiVufwdxQO323h1s9TlIjOk,10 0.6159 2218 2304 2362 2536 10 0.3142 2191 2201 2419 2555
mgkwVmcQbTRlLIG7BrNkG7niQ4s2wt6b,0 0.8625 1021 857 1232 1072 10 0.8217 87 2094 179 2215
EwuaQZ1aqbdOeCZ9M4yfEPgdl6iKmzAs,0 0.9624 1243 656 1545 998 9 0.1042 1042 432 1310 1317
mamTrBnL0zzS7jZIio3C3l2BfOJzUAL6,14 1.0 0 0 1 1
mbPuzatyzjwiFEq8gfDfIdry4t2f7RIZ,3 0.9943 776 1071 1626 1507 0 0.9635 965 493 1165 681 11 0.9360 465 212 770 329 11 0.9175 539 217 756 294 11 0.4227 418 241 652 349 9 0.3270 1261 1525 1509 1625 11 0.2750 1078 215 1248 249 2 0.2550 1099 562 1163 660 10 0.1737 159 1518 232 1631 7 0.1645 186 1309 609 1545 9 0.1076 182 1416 262 1525 11 0.1059 986 235 1172 457 13 0.1010 495 238 760 337 11 0.0854 1236 231 1434 340 5 0.0675 1209 441 1575 989 7 0.0598 427 234 688 352 7 0.0504 474 221 769 325 8 0.0501 219 1335 294 1410
sTGIqmxacqtH26ieRfPiBekL74F5g6xt,2 0.8489 121 526 277 967 9 0.2129 1200 650 1386 1615 9 0.1283 95 519 271 1012 9 0.0556 22 402 304 1339
LFQGGpsbPymiHAFFuuxihTMA7QnsRsP3,14 1.0 0 0 1 1
PvTFShV2Grbi22LkdHNFGzPjZnV4hpMj,11 0.1683 1184 551 1461 631
laJy1pidLjAg84P904VQceeyznCSlVsY,3 0.8084 1096 1582 2084 1936
mx61QkL1kZZSSuyWJTCudz3mspjzoddH,3 0.9984 624 1076 1583 1467 0 0.9748 961 472 1236 782 0 0.8120 717 446 1237 922 11 0.6711 441 213 714 316 11 0.0857 519 214 704 271 9 0.0579 1804 1161 1895 1397 11 0.0561 1126 401 1191 437
rbvN1IqnFvWkNPyWw8lYmIVi0FJbSNRB,0 0.9861 1088 660 1317 914 8 0.8652 365 1359 404 1411 2 0.6226 328 1342 465 1442 2 0.5880 340 1350 406 1420 11 0.3802 592 341 887 437 8 0.1083 335 1355 410 1432 11 0.0516 510 324 749 466
id3JgQeY5IkcRoUoOORJN0opzeH6ftwV,14 1.0 0 0 1 1
H1zFVmtMeSai1GC4byMLn0s5SlOoauxp,0 0.9916 1154 835 1407 1159 3 0.9513 820 1589 1728 2022 8 0.3453 409 1693 481 1770
9HkocrExz6BfF4F5ETDJpjTjpIr3bu6c,3 0.8878 718 1579 1568 1821 0 0.6074 1036 919 1265 1152 9 0.0992 108 1593 862 2430
6d72kxjG0fDknAJTHGA4cZesyCfEfc1R,12 0.9965 467 682 1021 1194 13 0.9875 482 761 907 1070 11 0.4256 771 341 1067 412 9 0.1142 2389 1672 2540 1786 7 0.0773 416 717 988 1108 13 0.0602 2386 1665 2540 1789
Q0YOOvs5kP5yRPoFf1nhxv4iiqWKtwC5,11 0.1647 1380 219 1639 323
6xEkT5oxI0K6ObVmkYYISlRL665TJS56,14 1.0 0 0 1 1
UdPzDFqFwhQJMrtfQ37jSCDopIWKBlPd,3 0.6175 668 1212 1448 1673 7 0.5672 1414 1320 1633 1651 6 0.4354 1422 1344 1619 1669 6 0.3679 316 1005 822 1708 7 0.2039 268 888 840 1767 9 0.1404 427 1011 825 1580 9 0.1366 43 349 566 1507 7 0.0815 61 370 658 1638 8 0.0767 962 1614 993 1643 6 0.0646 164 658 899 1709 13 0.0589 404 1020 821 1542 8 0.0544 1428 1408 1600 1624
vcYlFnA5XzBXKG3sH8AkskFieVxXvs5l,0 0.8170 1479 837 1776 1153 11 0.5244 859 490 1199 676 3 0.0953 1044 1355 2047 1814
WVfO6x1unGcZ1ieAtuLp0egKdQC48thT,13 0.3150 449 995 711 1206
mHuAcYVBw66gN5K9tGxoEt8ERnDKjZb5,14 1.0 0 0 1 1
TEK3ZeDWqIQiooWSQ0rwDtamVdy5NQKW,11 0.9646 607 276 902 364 11 0.2046 556 273 921 420
jCoDTZGlabbtVi9T1ah7gnHP7H218AS2,14 1.0 0 0 1 1
kyYRrbb8AcV6Bz235QleHXosecnRKU0w,9 0.0655 1975 544 2046 1894
pjrBzkhCOu4gHsFf573v9TSw2UvmD9xe,3 0.9960 864 1197 1872 1607 0 0.9862 1130 714 1377 1003 11 0.3234 608 334 858 480 11 0.2803 550 334 962 531 11 0.1684 766 362 970 420 11 0.1554 833 375 996 441
cotMUBbRFwRrwUrgxUSOoGIobpxTimFO,3 0.9984 1238 1567 2426 1985 0 0.9975 1570 911 1951 1315 9 0.7883 1160 1114 1311 1266 10 0.7377 557 1791 700 2067 13 0.3114 1158 1098 1353 1281 13 0.2335 1964 787 2352 1171 8 0.2090 1941 789 2377 1148 2 0.1896 1936 783 2368 1183 2 0.1747 2065 835 2314 1137 13 0.1644 2088 853 2316 1151 7 0.1571 1160 1106 1318 1266 11 0.1187 1991 593 2216 722 2 0.0787 732 1093 862 1194 8 0.0719 865 1244 905 1286 2 0.0629 1156 1090 1334 1266 13 0.0557 2461 1859 2537 1916 8 0.0553 1362 795 1408 847
EOZhWjkh3aV1vtr8pQpqKEE2H5EG6tKt,5 0.1052 56 678 975 1908
NwmaJCiR9xauFw6kYn43UzmwwWX3B7OE,3 0.1127 147 1685 1994 2398
Fs1Ls3pLdORZQuD3JAdYuFrXYg7mzy6R,14 1.0 0 0 1 1
TlBO0l6idaFxLsURu6txruvREVHeVODm,7 0.9800 1285 1189 1706 1621 6 0.7512 1314 1154 1713 1625
qmQh8DnE0OqsIhdRvsFFHoLHmjPvK3cx,13 0.9102 2515 2254 2682 2348 11 0.7186 837 368 1188 492 11 0.5506 1975 363 2263 513 0 0.2985 1541 843 1877 1210 13 0.2620 2454 2145 2709 2416 11 0.1996 718 327 1186 547 11 0.1797 1888 346 2211 482 13 0.1373 2502 2234 2691 2422 10 0.1342 121 2377 231 2516 3 0.1055 931 1794 2387 2350
mUlDkHrDMEeBew3jLCEdf3GMWLhxXXUQ,7 0.6264 283 1167 718 1475 6 0.3262 297 1103 824 1574 3 0.3233 741 1234 1485 1542 7 0.3181 205 1123 817 1941 10 0.2019 179 1189 769 1850 7 0.1650 356 1249 629 1413 7 0.1521 198 1141 671 1625 4 0.1130 359 1255 622 1400 13 0.1069 289 1222 612 1414 4 0.0883 184 1137 823 2337 4 0.0717 222 1200 773 1871 10 0.0621 167 1096 854 2286 7 0.0571 263 973 816 1541
nNSbdfpLPiMECvJ4MaW6EzTakXZgNang,3 0.9953 1010 1368 2343 1877 11 0.8046 623 238 1156 387 9 0.5101 1371 990 1592 1093 9 0.3801 1663 846 1925 1143 9 0.3567 1041 522 1771 1929 3 0.3320 957 1446 1857 1735 5 0.3008 310 364 1289 1755 5 0.1855 302 1230 1043 1705 9 0.1813 1194 636 1676 1702 13 0.1669 603 1367 1011 1566 7 0.1620 1792 1399 2561 2148 9 0.1369 1367 1233 1613 1556 13 0.1358 550 1016 834 1298 8 0.1002 528 1564 603 1623 0 0.0872 1387 642 1830 1085 9 0.0652 1352 1637 1538 1761 0 0.0631 867 800 1954 1411 3 0.0517 968 1181 2199 1748
Lqd0mhDZWCiFnbDALbOHDcgasWcgDu0q,3 0.9765 1007 1514 2052 1915 0 0.0684 1330 886 1602 1186
MyiFCN996UNe20Ysd5DGOsZ85k973AoU,0 0.4487 1215 660 1468 1003 3 0.1249 929 1254 1720 1596
CwUSebIN3EmdqKaUL3fnEdDnqAJKVPJX,8 0.7460 455 1522 514 1593 3 0.2342 791 1579 1541 1859 7 0.2334 490 1470 584 1573 8 0.1314 498 1468 587 1569 7 0.0544 450 1524 518 1598
RZ4czUTQpV0IgNU6XVsoJHE1xIiflPag,14 1.0 0 0 1 1
pAmpxeFJ59FY3Bn3peWCPmV70OuHAzFY,11 0.1527 1192 595 1363 664 11 0.0657 1752 575 1995 620 0 0.0504 1568 980 1815 1189
A3ArWJm27Fl4fVNnPNIspiL2sdRMZmlj,8 0.1197 1540 9 1812 197
guVWUppEtEYuo3s9ySsw5rHmUhiaDVNe,11 0.0829 1201 327 1512 443 11 0.0547 1248 362 1471 414
cfyYgc0MumhQmzVtTCXbF9NkitG84Z3T,6 0.9427 783 1442 1238 1722 7 0.4307 709 1416 1209 1811 0 0.2189 1625 634 1899 945 0 0.1938 1385 652 1902 1141 7 0.0816 790 1490 1269 1726 6 0.0664 737 1505 1071 1768
H0Fy1iVFQeRFUHAeyQPEjO8BJ6OwfDlt,0 0.1519 1173 781 1497 1089 3 0.0523 789 1438 1990 2000
MeQ6jTPzamhfViY46UoIDBUXE7UIyU8R,3 0.8053 713 1159 1811 1696 7 0.7848 1244 1046 1951 2024 3 0.5406 720 1298 1870 1983 0 0.4395 1110 710 1381 1012 7 0.3572 411 1120 805 1478 10 0.3069 1071 1050 1992 2290 3 0.2866 177 1352 1958 2351 9 0.2306 0 255 693 1455 7 0.2071 328 975 890 1520 7 0.1517 123 670 939 1757 4 0.1392 1164 1193 1929 2016 7 0.1285 1410 1144 1923 1759 7 0.0997 1511 1208 1881 1614 9 0.0888 247 1262 1964 2331 7 0.0863 1284 1208 1788 1608 3 0.0855 0 722 715 1403 10 0.0689 1308 1077 1916 1846 10 0.0687 155 891 984 2031 7 0.0655 30 347 842 1521 7 0.0600 480 1184 771 1418 10 0.0532 1541 1172 1913 1609 0 0.0527 849 716 1372 1159
m8jFwarxOjQvajstPSXbpD8j7oodAaJU,3 0.1870 1435 1567 2453 2009
rm5Bg92zVD1A2V77VgbJDDFAFtosKjUy,0 0.9904 1260 762 1587 1115 3 0.9441 948 1606 2014 1999 11 0.5873 691 401 1112 557 7 0.3054 880 427 1043 726 11 0.1333 720 408 1020 513
EGX7uSjUo8QgMXZN7JQ5RVLsuHyQPgn7,12 0.6046 308 301 911 811 3 0.4818 717 1274 1488 1674
An9F58izCrcIsoC8Rh9MdwRbWPySwTWk,0 0.9557 918 501 1668 1121 2 0.7922 1347 529 1629 927 0 0.6025 1155 533 1616 1028 11 0.1359 680 213 1060 332 2 0.1014 1385 572 1618 809 2 0.0932 1138 446 1660 1029
EgWgh4nDJZAd5FjCmRbbCGtHMeveA7E5,7 0.1327 236 1056 312 1134 13 0.1147 1647 1222 1888 1328 13 0.0569 693 384 813 709
xhnoS6poKD2Yh1z4lVHqW2Mn7MZLLFK9,11 0.7050 1935 464 2222 689
E3VtuN6HAohyqoQeADJryCgHPZhN1mrX,11 0.9848 597 295 907 417 11 0.1996 1156 306 1494 456 7 0.1747 572 289 897 409 9 0.1206 695 378 845 517 10 0.0782 213 1903 268 1995 3 0.0565 796 1488 1512 1818
r9Necl8Jh2g19pX5IyBG3zhA0E5Gdm7k,0 0.9967 1154 899 1467 1300 3 0.2494 798 1622 1840 2072 11 0.2341 1266 560 1496 611
2Kiv5S2tJ6bUyKOmHwVlJZ4hhAWkKDgD,0 0.8664 1397 838 1732 1220
y5slZHHj2PKZOhzBsby52yBR29nMaxOG,0 0.7448 1083 967 1290 1159 3 0.4319 684 1516 1598 1982 9 0.2097 66 628 934 1702 11 0.0893 1174 700 1404 800 7 0.0864 181 690 1017 1938 12 0.0724 81 609 950 1716 9 0.0541 192 1705 831 2282
Ectmji2LPzpBJzV2FJKF5N1HsknhRZE6,0 0.4357 834 1055 1307 1543 9 0.0979 0 299 505 897 9 0.0717 166 1837 877 2416
M52c5JhpP3HGTAQ6M3aPBn7boLJrcI04,0 0.9638 1033 805 1256 1067 3 0.5139 745 1498 1532 1805 9 0.4649 657 1692 717 1765 9 0.2960 736 1732 796 1818
4NreL10DDPKn0zv6PZuN07QHlaYnduit,0 0.9950 1159 772 1418 1064 3 0.9609 827 1252 1812 1661 11 0.2036 599 468 913 649 2 0.1332 1348 530 1783 1036 7 0.0876 348 1454 937 1807
caE7x2LfamDLoqPuI93rE6FFUmvylWeV,13 0.6709 568 1132 824 1238 7 0.3987 611 1120 833 1238 6 0.2318 2104 1656 2365 1997 13 0.1216 557 1117 962 1267 13 0.0577 541 1088 1110 1316
m1HA1jDDeUMgsmTu2E4V85ji01f922KW,14 1.0 0 0 1 1
ToWqCGhQAJdO4j8R67FkF9wLt7mLEOPR,0 0.2564 1489 792 1808 1177
sCSOOWEiSfH4Rb8oGF8kulZFkwenq0ae,5 0.2070 1229 248 2216 2436
lrrN7sVsi9JuaYoSiDd07iD5QiyJYAUV,0 0.7866 1228 1005 1535 1376 3 0.1241 799 1693 1955 2213
EjqYhYLr4aOh2i72dxcVcQufLqDhbO1r,0 0.9208 973 738 1147 936 3 0.6777 669 1344 1451 1700 0 0.5196 738 739 1176 1205 13 0.3271 398 1139 619 1233 0 0.0759 891 726 1154 1028
T3HqI4Lq7idaSI6v7AmDvxhWZ8sBRwrV,0 0.9406 997 635 1232 888 3 0.1768 691 1408 1525 1644 9 0.1091 17 1296 810 2403 3 0.0639 0 1704 1978 2409 8 0.0509 240 1326 306 1389
WHROPZwl4wSauVwefzIkXMv5ndX2tVs4,11 0.2515 575 345 934 512 13 0.1861 735 433 853 572 11 0.1152 1880 454 2059 622 5 0.0746 1654 677 2343 2112
CSHpLPkxZp7bL9jQyc6AE0SouNPGv0G8,3 0.4560 829 1553 1917 2038 8 0.0689 1737 1769 1912 1947
kA4Nzc1iuuFfWtLK3YwxFc9OWtHlccKx,11 0.3672 648 492 930 585 3 0.3634 535 0 1494 517 11 0.3004 1202 494 1498 570 9 0.1402 0 0 800 577 3 0.0980 531 5 1409 144 11 0.0885 1234 508 1472 554 7 0.0813 0 16 873 1060 9 0.0740 12 51 865 1027 9 0.0607 1484 48 1975 634 3 0.0556 327 0 1932 625
f5PgeI1qUj5VUPAGN9T3ykUi0JS9vc8E,5 0.1421 472 1185 1089 2029 11 0.1048 837 475 1153 540
75tX2EX9TRU5bBd7iNinKDLt8zYFIZOh,11 0.2604 672 246 994 361 0 0.0794 1246 690 1576 1014
JhTQbKtwX0N7RCbPrV8OaKJTk3Bioq3z,11 0.1118 783 207 1116 310 3 0.1087 1040 2524 2379 3081
HzsdGJXsFWuH5Rve6iQ5GK5pGtkJiHbc,14 1.0 0 0 1 1
0DKAs77RREOSNwuw20KEQwEQfzLrOo9t,14 1.0 0 0 1 1
SGQfrUiX3Fbq13YtF6APieetVTjmz6YM,13 0.2993 456 942 721 1120 11 0.1798 727 394 1075 526
4oTu3TCbdCTR9LRIpOY30wADr6qLhFuM,14 1.0 0 0 1 1
6fz38JujG9fbSL4FowjTJbbTOVNauZKs,9 0.7107 1502 1799 2076 2201 0 0.2057 765 711 1525 1335 9 0.1055 97 1726 670 2320 9 0.0810 46 1536 449 2348
RsL7BWDQug7NpBDhJs4H1R0WRpABHgQJ,10 0.6090 227 2926 346 3116
8CSBVbu3jpCBSF7vVboyTu7BYxrAmq33,0 0.9021 1016 792 1273 1082 3 0.7911 687 1447 1634 1865 9 0.6755 132 1670 867 2197 13 0.4175 688 496 798 622 0 0.2781 902 11 1382 249 7 0.2556 20 446 635 1938 3 0.1640 786 1869 1938 2411 0 0.1266 994 3 1348 154 9 0.1249 199 1735 753 2029 9 0.1207 1269 1816 1968 2392 10 0.0916 1879 1846 1954 1980 9 0.0817 0 525 523 1688 10 0.0680 167 1872 254 2086 9 0.0606 17 943 578 2239 0 0.0579 752 794 1288 1355
p3VyYwMtTt38m9zHigOrQuDcw3PH9Euq,0 0.9680 859 746 1625 1344 0 0.8604 1280 800 1597 1175 5 0.0569 1523 927 2281 2200 11 0.0510 2146 1885 2358 2270
NhHkqQ8yOEwjavOBpDKO58JyLVi8A2vp,13 0.0713 780 1022 1080 1170
1V4Ppo9hy8MKucCXskCmbtNn429J4FAt,9 0.4233 1089 726 1915 2115 11 0.3963 588 568 887 656 12 0.3907 1169 683 1880 2146 13 0.2320 174 1656 640 1926 0 0.1865 1027 982 1243 1255 9 0.1224 6 477 956 2093 9 0.0544 117 1798 807 2194
SpT1GF1jCwHWXal83ryQCgj2xbxFTR4Z,8 0.0565 1998 1115 2082 1199
mwotspHIUSjRrSQVC1lIKsMiRiTJ6xw0,11 0.9924 1414 63 1678 150 11 0.9254 636 116 942 240 13 0.8803 1516 195 1753 478 5 0.7033 174 492 950 1805 6 0.5629 538 1233 893 1570 7 0.4057 1741 1429 2035 1853 10 0.3444 170 1831 283 2016 11 0.2671 1401 58 1808 231 11 0.2279 701 100 977 182 13 0.1679 1582 268 1745 449 7 0.1491 246 1144 857 1724 11 0.1485 1742 157 1929 327 10 0.1461 2004 1935 2097 2087 7 0.1271 559 1242 885 1557 11 0.1211 1361 43 1742 167 3 0.1053 796 1417 1837 1794 13 0.0923 1456 108 1747 389 11 0.0637 669 122 883 208 13 0.0567 587 1305 816 1513 0 0.0512 1163 551 1450 872
quy1UzXjBAmPI6et2lhiWAxzMYXrdwNd,14 1.0 0 0 1 1
cTkHth2QQ6PYlBqK2EWuZIRjVz1TMtYg,14 1.0 0 0 1 1
6rpPBWUwnb6SAUj5RgzK7wks68ZiD1r2,11 0.0866 1607 379 2056 518 11 0.0864 1706 393 2006 482 9 0.0555 875 721 992 851
Qs7CjFeExQMauWTD6EdjWZemJjy1ILKT,0 0.9096 1099 980 1322 1268 3 0.6841 720 1603 1602 1984
jRQGfyA9LvlJxgVYRz1lhJh2fzQdC0Ql,14 1.0 0 0 1 1
3wYop2dvZzBxDbRv1U5zL6o4qpFXMKbw,0 0.7656 1169 720 1438 1040 11 0.1628 1433 359 1682 458 3 0.0754 744 1430 1703 1901 11 0.0620 749 401 946 450
Y2vUyNNG9dLocpvjSTJzzoKlSHmZfsMA,14 1.0 0 0 1 1
Wy1B2qYDnabhX5OpVe7Mc9EYHlUDfrRW,3 0.9962 765 1292 1768 1722 0 0.9913 1095 543 1345 837 11 0.6230 1332 309 1568 383 11 0.5306 592 319 845 396 11 0.2370 623 322 835 367 9 0.0816 788 684 1226 1958 11 0.0598 1315 319 1527 362 11 0.0588 1463 314 1628 442 11 0.0544 787 307 963 394 11 0.0518 694 325 877 373 11 0.0516 539 297 892 424
PqbXRGKTer67Gx0g7S6jhZLHpLd9gABc,8 0.0831 1772 302 1948 469 7 0.0669 1764 305 1943 464
7sRlnPDFev9Los6VYL6SDRv81HtyYGLS,9 0.9103 1691 1040 1936 1369 3 0.7952 1083 1652 2412 2191 7 0.1301 1656 1047 1940 1363
riDYbR8qNdiqEobAHgo83UWQybjPmGjM,0 0.9973 1067 427 1393 817 3 0.9941 687 1009 1632 1394 3 0.1166 732 1056 1683 1650 4 0.1035 1085 856 1662 1400 7 0.0838 345 979 713 1284 5 0.0783 307 803 606 1255
GcjD5kB1Jo5PsaWoHZ7aqyNuGiMja43Q,0 0.9011 1317 997 1636 1347 9 0.0568 1056 620 1544 1892
Nmc7u5xzBQdNANDAFyTMOWR3Wn5U7i1w,14 1.0 0 0 1 1
nIJnsDC0QkQzEkQlU1sBWPin5lRTF4WK,8 0.1740 1263 1829 1454 2106 10 0.1005 1825 2039 1855 2120 10 0.0548 1809 2019 1861 2144
rl5RHS7CJAXj72xryLvQjAQA9Qzc3YpW,3 0.0595 805 1139 1507 1467
0U4LekxuxQJMk4HNVsiUPpL2cu79Cjfu,3 0.2294 736 1268 1552 1759 9 0.0567 734 933 1086 2167
LnAet0kJ2VQnAUvRWdZWt4ONF85FTSsc,14 1.0 0 0 1 1
aSde7wEVWDRimIVqBPC0PLlgRzgi1KbY,0 0.7129 1202 687 1548 1114 3 0.1179 775 1487 1927 2102 0 0.0798 834 649 1581 1363 11 0.0612 675 231 1013 342
5rNvnOKpQYFxk6M10muJRhHoKurHyrwe,9 0.1246 1139 306 2108 2648
7cKUgEvdgUlx0n34Q9C8icJdHTgKNXiX,0 0.4042 1001 765 1265 1026
rXFbvgftwMAFpFK3DbYq8nXYo2wQXifn,14 1.0 0 0 1 1
NkJqefjh2OkaXQKZe9oiiMOtqfm8gmem,0 0.7444 1271 542 1583 933 3 0.6088 845 1651 1831 2169 11 0.4660 637 90 1109 326 9 0.1066 986 504 1522 1910
sxLlVtNlIMnEpXtmJygfcp0aQiDWBg2h,13 0.6289 1652 652 1921 1058 11 0.4929 1775 586 1966 731 11 0.3575 602 552 867 774 2 0.3552 1039 1718 1127 1797 3 0.2070 937 1879 2015 2446 13 0.0577 1725 726 1789 859
WprRKTb15j7g228BRrMHFGQqCL4GOEXZ,14 1.0 0 0 1 1
BY6pvUCiMzzQhGGywy11Cv37XUIylDcD,3 0.6310 1060 1365 2097 1852
KoYlAFesV81WDKTyDdNfwTO8NvIiMiWg,14 1.0 0 0 1 1
lIa7xVM68ByeCCNBbcAgrloIsUulXpqc,0 0.9532 1771 1037 2054 1287 3 0.0761 1473 1675 2526 2179
RlEdfXrR0RrvEqnB2snG4gwNVt2ZUlq8,0 0.9869 1733 668 2011 932 3 0.0880 1358 1369 2340 1739
VpzsF4J7ONOGBf219esKrOcempVy53yG,3 0.0570 741 1969 1734 2339
5coDGQ9b7utAUMRfYdQSbNyy50Z3kT5v,9 0.1643 1525 1108 1838 1215 13 0.1235 1474 1104 1848 1234 9 0.1095 38 1817 570 2458
MOTNyeq6Y1QpV7NVROWLA11ynSTdOmtk,14 1.0 0 0 1 1
GodWcfE3eD9Ef1WWCpn0FIHF34GS2FP6,14 1.0 0 0 1 1
OPAvThbcr3LIzPpCx0WjvbUxMqHFHfw1,3 0.2445 632 1329 1454 1588
YWmGGQQcuHMAh0NTI0GBLPhnRXxfrggt,9 0.1291 47 1134 658 2323
lWUYknH0NHL7bcLH3fe105t7Rbkdmi9t,11 0.2495 820 355 1043 402 3 0.2258 913 1388 1782 1827 9 0.1346 687 744 764 815
dvx8K50wZhS4DVJijIeWN37WELeqC9Ys,0 0.9751 1472 766 1779 1107 11 0.6569 1626 294 1986 397 3 0.4218 1038 1601 2225 2154 5 0.3523 1934 1024 2572 2038 11 0.1904 933 289 1170 350
GwlSEpt9SoQXL3nYvS44f0UP9fUQrEqD,14 1.0 0 0 1 1
X5OfpDZqN4agNQxt1ONHpVO6Gl5OAop8,11 0.9209 340 390 573 505 9 0.1268 881 824 1460 2638 11 0.0726 284 378 591 557
jVMMhlBM0EkenVpStB0wdOvdrN26369X,0 0.7955 1207 834 1465 1108 3 0.6959 886 1424 1922 1835 11 0.6774 520 566 787 779 11 0.4937 1753 611 1928 794 9 0.1602 5 913 173 1313 11 0.1207 589 543 840 717 11 0.1143 594 594 780 708
k3rxlg7SQX91hGH2tKL5p8xd2h08pxj5,8 0.2744 2070 1747 2191 1861
3D2DjGx7y6ey0VWIdomxMx2pgebHtkU3,7 0.7369 941 478 1184 1005 5 0.0678 274 1028 782 1683
Vs9d5IIlUQjXfA1ucJy1QCHsvqUdQ1wy,0 0.5280 1121 800 1421 1098 11 0.0862 633 311 908 404
Cv4ojoNVIhlKwvSxTJv1Vg4va6HbAEAz,0 0.9898 1068 553 1339 873 3 0.5434 797 1253 1716 1593 8 0.4316 890 689 968 780 2 0.1580 890 689 970 782 9 0.1166 892 687 970 774 11 0.0854 621 377 894 486 11 0.0549 743 375 914 463
m9fCssNfCEdsHN4niakSzU5Mhatngekx,2 0.1653 929 49 1021 130 9 0.1092 521 78 1879 937 0 0.0979 707 0 1199 323 0 0.0853 684 3 1181 161
kohdOeMR6rXH2a1Ut3XcmTnLtv0qBtnT,0 0.8833 1250 650 1523 1012 0 0.0814 1098 649 1534 1107
Goa5LtvHdee9smXzN2jzfjHOHjpsU8X6,5 0.9972 231 590 790 1974 0 0.9892 1061 615 1345 944 3 0.9869 840 1279 1827 2001 13 0.7993 640 918 852 1296 7 0.6170 489 1716 948 1982 9 0.3760 204 506 979 1930 9 0.3405 362 1601 928 2071 0 0.2224 827 591 1360 1093 5 0.1568 1264 611 1935 1936 8 0.1379 529 1712 905 2018 9 0.0844 509 1725 904 1974 11 0.0836 1120 205 1342 312 10 0.0798 162 2178 299 2382 4 0.0795 1139 1186 1853 1983 9 0.0605 747 522 1348 1912 5 0.0582 1446 822 1923 1590
ip6hP3Zito3WvBLdrQbSeLNR33zpYVwT,3 0.2222 1181 1190 2249 1646 5 0.1994 640 897 1269 1599 6 0.0556 620 897 1257 1557
owceQe83JsZniwedGArzOLUwNGFru97T,3 0.8535 693 1266 1546 1611 9 0.2764 492 0 863 368 0 0.1398 993 681 1211 917 11 0.1236 623 357 872 436 11 0.0735 693 366 866 422
GdOTizND024c3Xj5GsTxX5LdRztJD0hv,0 0.6503 1370 780 1688 1091 3 0.3728 1083 1533 2126 1990
sdrOZrKo9tvVXLvOpsTRgtDWWh5GkHLV,14 1.0 0 0 1 1
E1C68t4ATTfY7x33YEOb2H8eXds1dscr,8 0.5398 561 1674 623 1739
TPaORhJMdDSIDp7BvYAQ4LWXQdaj40tW,3 0.2444 1219 1406 2259 1890 11 0.2180 884 439 1299 681
Uqx3wsxQE4oC2MB4IoYYQQpujEQr1Tiq,0 0.8447 1221 610 1545 1020 11 0.1418 1548 304 1816 487
roF7K2YYLMtu19pCRMeyPMR2N627PENT,14 1.0 0 0 1 1
xqw5gZQyOiGUxqmVkaMKK5gM3fXGqfqD,9 0.3254 0 0 895 587
HhaA0K56DZXIzdWoqtwjJDHGoO4RCFDK,14 1.0 0 0 1 1
k0C62EsJSQhyCpok4AyUdj404ZY70aBM,3 0.3258 687 1375 1490 1856
QyMprRAyuR8ck6ddV5Efnmv0L2proQkL,0 0.9899 1085 972 1355 1307 11 0.8148 643 662 861 742 3 0.6253 809 1702 1698 2251 2 0.1702 1237 1039 1334 1207 11 0.1269 1818 2237 1917 2399 5 0.0910 1238 813 1889 2191
978F8SnyecVyT66BefA0g5IDJM64pSAd,14 1.0 0 0 1 1
yA12uIwhLl7mAZtEfZHuP1S8zaMQwTVj,3 0.4306 915 1385 2154 1887
vE2VkXoZjxxkSnRro2fkwM4J6UobkOCu,3 0.7310 747 1114 1653 1531 11 0.2787 563 131 914 297 3 0.1789 742 1275 1637 1483 9 0.1571 808 44 1493 1531 9 0.1054 139 1214 819 2301 0 0.0844 814 495 1330 1007 13 0.0729 1262 181 1474 416 9 0.0664 147 1308 1857 2334 11 0.0660 1213 108 1440 250 3 0.0562 172 1518 1973 2391
Yzt6bnQynAxaTL4Br5wnpaSFQt5yxiay,0 0.9991 1660 624 1973 966 3 0.9794 1238 1328 2352 1734 7 0.2018 2125 1371 2556 1865 7 0.1081 2072 1243 2597 2094
E6KhlcVqYxLtUijNvBYPPsEw8moYiJUF,14 1.0 0 0 1 1
bzNUiss1mUVxN1XhJ1LteBV2Qr9AQNJq,10 0.1501 2048 1898 2173 2033 8 0.1086 654 2647 738 2745 3 0.1039 982 1203 1856 1590
UFS4jHjYC76SfHn4MKE2PGCyQGdAgqEM,11 0.1032 848 465 1037 553
6gPdAFAK3cGJ1WND9Tf2a9xAu23kvjm0,8 0.8520 2280 1867 2363 1953 7 0.1192 2389 1691 2474 1820
THSmRvflcQv2vCf3gtMu2ptQUPWBomDO,0 0.9885 1814 961 2067 1191 3 0.1582 1445 1783 2486 2179
11PGgVEwptvTqVSNjgpAENRNHAqUmGnF,14 1.0 0 0 1 1
c4czyLJM7Zkk8Z8C22GGGKJUbpOvnDzs,0 0.9585 1285 740 1573 1099
A0LOUne9SUHifNXtSXKr2TMkeQsK3hiR,0 0.9975 1621 594 1984 985 11 0.2064 2089 302 2331 460
xfp2ASSuEv88RfkRzwUshNwTeTsHCp3v,0 0.9912 956 666 1238 1002 3 0.9862 595 1392 1603 1819 13 0.0752 1267 1528 1569 1708 11 0.0707 1152 355 1347 423
ntPx45Sy1C1Ut53I6AGjLH1LSEgE1Pvb,3 0.8454 815 1327 1604 1698 0 0.3207 1102 829 1279 1007 9 0.0519 1237 1014 1425 1344
LUqSo5YtKvFRraBbXNXtpADqIZZcZAyi,5 0.6114 779 789 1517 2006
yvw8gEXR1HKLV9tWETm6XUk8oihHClAO,14 1.0 0 0 1 1
YmS0TqMdNWb653tbPSCxB9wO5TzZ7yoE,0 0.1950 1067 500 1396 800 8 0.1231 653 546 784 647 13 0.0788 357 1120 554 1232
E563dUgUrUVSZuvrqWjka8SFTwgxuOWS,7 0.4312 1363 628 2197 2026 0 0.1900 1275 902 1545 1211 3 0.1002 910 1586 1940 2099 4 0.0696 1260 601 2298 2040
Jd70P3WiKBsWjDXWUzvrFJoTAUlaE8I8,14 1.0 0 0 1 1
SJFdB2llAnzEVQN7XlKei64l4OEd2yAO,14 1.0 0 0 1 1
m0UmpEPxvIXCo1J0UU6RGaxEhZLtr8Wr,6 0.9106 1664 528 2091 1093 13 0.6879 1631 485 2089 1090 10 0.6100 421 1850 522 1995 8 0.3935 1751 669 1987 871 0 0.2869 1374 659 1657 966 9 0.2296 1716 531 2085 975 7 0.2228 1719 596 2063 977 5 0.1594 1602 484 2141 1287 0 0.1383 1093 661 1666 1193 11 0.1298 767 246 1075 406 13 0.1089 1665 684 1844 1051 6 0.1036 1540 378 2129 1239 6 0.1000 1713 641 2060 973 13 0.0875 0 746 182 881 5 0.0785 1687 577 2074 1062
JZ6aTAgvSdIbHq5TnQ89EdpfBoWYqoKI,3 0.4466 846 1057 2143 1681 9 0.1088 65 1288 947 1934
CCZhnVIVovuQzCWTyb1aWPX3buv1a1vB,3 0.0598 1344 1509 2316 1967
Ta7SClgJJe7k2tSEbI5TwkiPvvP4YhFz,0 0.7913 898 589 1547 1037 13 0.6759 482 539 860 744 3 0.5158 819 1394 1889 1844 0 0.1200 1170 626 1541 974 5 0.1164 1320 405 2142 1810 2 0.0711 1322 643 1519 921
U2bEPn4CEIes2S9Hj0XmtoYwmf61elbN,14 1.0 0 0 1 1
17dCIAzEMOy0sNCjPRC99nJkku94nzRs,10 0.0853 133 2047 264 2200
b2FvTihS7GbBKn8c17Vsq0eVHCxxPczc,3 0.5840 794 1712 1980 2352 0 0.0801 1230 860 1489 1126
y9dPi7LH3PnicNO5RVPLxzQa9bkOr5nJ,14 1.0 0 0 1 1
uoXOaxhSOaqQioRbvLlxXEaQ4aBk8H3A,14 1.0 0 0 1 1
Cw391NWIVeCpzX29OsTP0u1NUSK7rBXw,9 0.0952 1613 875 1698 983
vyAH2VsVEkJAqDelouAWpFAUuUfkX7ML,0 0.3918 1468 1205 1866 1627 3 0.2995 1226 1944 2227 2402
sQ597KzcKeptPtvASK8i3BuPBNfxCXeB,3 0.9852 968 1558 2038 1995
mm3Xrlzt1Twiu3JJPuQc1OTdIsuWZuqi,14 1.0 0 0 1 1
Az9E0V9I8cB3PeHlVRvJ4dMOE9tsayqr,9 0.1029 61 1613 728 2379
vbZ4vJxsp4IbyYZ9bO4btIutNJRTaDyj,3 0.0769 1318 1514 2242 1855
KvKY0FLKRgTKQVbNdWA0WxQYTknqmkaz,0 0.4388 990 581 1251 849 3 0.2317 733 1125 1632 1431
6joPksHvGyA01Ku7Lb2h94ouiDw9W455,14 1.0 0 0 1 1
xYG0v0JSYUDn8UB2cmtAjFVa3sN1t8DL,7 0.5088 348 1281 579 1563 8 0.1104 396 1317 499 1407
Ahnlt6I0qgoW5up0BFCU9JXC28lS4Kks,3 0.9798 1029 1768 2176 2202 0 0.9657 1368 861 1740 1274 13 0.4520 473 1868 606 1932 0 0.0685 1059 864 1740 1563 13 0.0604 1740 1696 1965 2117
Ez6FDPclloXwALJobrs1ZIKrcs3Q9PtU,11 0.4809 2164 2323 2236 2424
h46RQYhPvOinUXbyQyiHedDeywX6z5tZ,11 0.2169 673 229 1071 379 13 0.0951 1746 526 2039 675
hr02RkNIiCWk7yQE4oOBtuMm2pi4n354,14 1.0 0 0 1 1
8viECgNTMZU3E3YSyiEcjYrY6J6TaQIF,0 0.9956 1523 779 1819 1081 8 0.9670 1086 1660 1134 1708 0 0.2941 1465 999 1840 1369 11 0.2417 1719 538 1981 601 8 0.1791 1725 1233 1907 1432 3 0.1449 1089 1535 2130 1972 13 0.1392 1933 1683 2252 1938 0 0.0865 1487 837 1847 1279 11 0.0751 1696 528 2033 665 9 0.0548 502 1164 537 1214
QjsXW6CoWgltLtU9alZcQhJJdSaA9n7H,10 0.1067 131 2412 233 2586 11 0.0971 1330 418 1594 520
Rq9bz5vRIEfDzCVEgxtq6NKYDlVGbaQr,11 0.7521 1656 174 2023 280 0 0.0562 1472 655 1802 978
HZgRDMjFuckNS9qxVpxawKuOR8BLVflS,13 0.9084 607 310 731 452 7 0.2485 1030 204 1219 671 7 0.2428 32 366 619 1849 13 0.1911 626 340 719 433 13 0.1438 602 315 770 517 8 0.0643 635 354 695 428
KjyWsb7cmj7J5iEoasQ6WXB2hX29L2lP,11 0.2498 1390 291 1690 381 11 0.0814 1372 264 1735 415 10 0.0693 297 2106 405 2239
Mgr1Kxn5IxQDCUorzzBbGE3IhZB28aO4,0 0.3992 1212 783 1525 1090 11 0.0730 1349 182 1551 241 8 0.0691 1871 1873 1943 1949 3 0.0548 940 1450 1995 2030
fczfgK6U9fdpbWRbcPFPXZmeajMwI3B9,0 0.5868 1108 670 1381 981 11 0.3161 1235 363 1528 442 3 0.0628 763 1464 1791 1929
0LrSrRnzvNGVLqJT5uYZSu1J43awBZNO,3 0.9997 841 1482 1837 1908 0 0.2613 1025 911 1457 1355
HwBliat8UBmkc16nhSblCE5Rjxg1PIwU,3 0.2479 855 1316 1628 1621
PGIjFxWDNT1reQwuEltpG8g0ArRoXKfm,14 1.0 0 0 1 1
L5EWd2Fj9SOjjMG7ScpPWYAiQp3CoIcy,14 1.0 0 0 1 1
kaDsPhuo2aP4lpzerU6jYyvw11p9pFKA,0 0.3399 930 635 1214 949 0 0.1830 685 626 1210 1115 7 0.0885 213 1446 339 1552 11 0.0671 53 235 665 1013 7 0.0594 0 216 586 1085 3 0.0529 635 1326 1421 1601
iickNm9tqfgH2eIDEZMxi2fISnlVcRya,3 0.3986 999 928 2280 1635
nT8Z2GOK1yMlplQhycFcQpZ8bFwM1A8t,14 1.0 0 0 1 1
gZy7D4FPtA1MTnkyxwg1Fjgu8e5dpc3H,0 0.8647 1212 775 1557 1174 3 0.3440 858 1572 1970 2088
oQoaTNlU8A0eK3VCmEUp94SvRiGR5MVZ,2 0.1123 2128 1491 2181 1540
KaiwZrUe3PeSeLsaBvkJct8AgX79dJLM,14 1.0 0 0 1 1
vKJsPXridRocAFLgcVaUi44DKehQ4ncu,14 1.0 0 0 1 1
fs2ksG3w3QUwnXkOB5ZKwbZTKXeXNR54,0 0.8312 1116 690 1478 1098 3 0.2536 890 1444 1963 1948 11 0.2257 1306 376 1613 458 5 0.1909 1468 581 2009 1447 5 0.1627 1307 713 2088 2005 11 0.1095 1284 364 1694 496 5 0.0848 1573 826 1993 1337 5 0.0515 1460 1233 2093 1962
H0gH12Ql3jKIt7vni1yUlyHGbqAvxJJR,3 0.7202 962 1587 2057 2108 11 0.1200 695 540 840 674
hh8o076t23Kd3upz4N2NzeUnYG1gNf3o,13 0.1096 2415 605 2456 718
764KbzDum526D37kcVA0kQqUs22qELPT,14 1.0 0 0 1 1
0JB0ycC6q6OUQGnMMfbmrI8zYsum8WLL,5 0.7851 139 1618 576 2429 9 0.4126 277 1791 912 2312
HnbLbEgezZZOXIur57ZxPdEmYAbkM7Sv,0 0.9870 1453 869 2098 1390 0 0.8565 1720 902 2078 1348 3 0.8541 1331 1534 2381 2039 0 0.5950 1591 853 2185 1958 3 0.5771 1273 1199 2460 2178
jUOa9soPz856SI1CjF18GTKi1R1jmCrD,0 0.9824 1330 873 1716 1265 3 0.9645 880 1837 2302 2323 11 0.7834 526 553 1088 763 11 0.3761 1476 450 1956 634 7 0.1056 218 1617 1000 2326 11 0.1004 669 557 1116 688
r8VFTJ2dp0PpWWTgFSkDffFq8KwAnaJA,3 0.2450 764 1026 1474 1360 9 0.0996 79 1050 882 2256 3 0.0669 8 1717 1994 2421 9 0.0542 153 1169 925 1834 9 0.0518 654 1242 1884 2332
dBwa7hVPs8GrFfdbiYsPEC0cnKoaHzmB,3 0.3584 929 1585 2178 2112
LQUMaaWO6AdoUJRO9gVoDlEIKtEwh1MT,14 1.0 0 0 1 1
kkvUjqUxArsmb4zSqsUIuxMz2fXDRoE7,14 1.0 0 0 1 1
tULBti9m0atbxO8w60RJsyMXiimZlI1l,14 1.0 0 0 1 1
UbpPQBFPg6C7VBNvOOVSep0jtfHuJDd6,14 1.0 0 0 1 1
tSgbRUFpIyunQ8ESDo8f3WHHe7CukICH,3 0.1524 848 1099 1552 1387
i0QHhzxOtq3M5XDfiJAk85IwkiFkdzoA,10 0.2417 145 2551 262 2732
JzAME9j5J2EMwdI3vP0FwImgQ26XE9oG,14 1.0 0 0 1 1
kPSHIvQY1QChqwjR3nXDz4ktpscMXyFB,5 0.1195 170 569 1184 2043
pkf1saqSnucgmkhwpjaM1MRSLZxBrdmO,9 0.1613 7 327 602 1302
dgxUBmoda12cGh656klncTz5gPGLPa4V,9 0.0553 8 0 521 565
JzWZXSGHST0TMf40Lb0e0GIBIIMZ047k,3 0.3176 895 1270 1935 1755 0 0.2910 1015 654 1615 1094 0 0.1576 1322 634 1569 944
uXdCqNybIJbuxHuzVk1enFaH654UssjM,0 0.6122 1008 763 1240 1012 11 0.2160 1135 513 1372 566
zxxt4VNvrRQHUL58LBI4zDb11JZZ5NKz,14 1.0 0 0 1 1
EcrY6WdEzev5Kp8YXjn48YoXqgvoYc8O,11 0.4345 833 218 1093 277 11 0.0772 666 266 808 406
lt1J5OcInCWDFWy3B203nAPzXeqFXm9k,10 0.0969 621 2501 756 2616
WjuZradc5UEcjgkqSfQPj0utafPvM8cs,14 1.0 0 0 1 1
QGAApbbvtJpFoEaQCwlit91O7Hoy44sL,3 0.9579 694 1152 1640 1538 7 0.2868 1139 1254 1792 1880 11 0.0642 488 467 811 562
BJyXeagxT7GGEkHu5zlI3NjDeeB2Yt8Q,14 1.0 0 0 1 1
mjD00tG3Os2GWIN5dFa3rvCGuq4bac8i,13 0.3540 490 1590 722 1737 10 0.2550 205 2019 292 2197 3 0.2520 768 1488 1612 1994 11 0.2124 206 2037 297 2217 3 0.1343 634 2099 1917 2428 13 0.1123 1809 1989 1931 2125 0 0.0972 1079 730 1350 969 9 0.0722 1812 2002 1932 2120 0 0.0698 896 4 1471 194 13 0.0512 1378 492 1503 631
xob66MLnFFbCofvu5RzhPf0ipAspKNoy,9 0.2209 0 121 126 421 9 0.1600 8 136 162 323
rLbxIaX5jtMoo8VY2tI81N7nKqo2KjDS,11 0.1257 363 1210 494 1725
qSOEpvSmo94cUpgfog30EI9Crxeu2CXP,0 0.9072 1313 678 1598 1019 3 0.5527 1006 1629 1928 1981
6xq4mHeZTQx6EpVECOrJI07qKo4XbtYu,14 1.0 0 0 1 1
XfT5R7rb3750gDredmMBOxTzbsd6gs3n,7 0.4212 17 573 624 1675
azfhhJmZAAvsQkRH7lehXf2qszmnDBSY,11 0.1272 673 279 978 355
a7NWjQ0yTIN1lT33t1YGZIUSItiz2GJP,13 0.9784 592 645 999 1097 13 0.9112 560 834 872 1019 2 0.4318 575 688 993 1121 11 0.3130 1022 484 1216 555 8 0.2929 690 951 737 992 0 0.2629 1295 848 1564 1108 13 0.2153 554 860 831 965 6 0.1507 610 836 846 998 6 0.1246 605 732 882 1056 11 0.0985 753 476 945 599 13 0.0824 645 869 843 1044 9 0.0738 588 699 887 1048 13 0.0583 567 854 754 938 7 0.0576 621 816 835 1028
PqUu2pvwvPWcDYml3qszxSyNFxzN7b1m,13 0.3340 724 183 827 312 3 0.1528 97 1705 1994 2418 11 0.0652 549 151 847 277
FCqasqEoTxNCR1WGMzBdd5KTe1urMTsY,5 0.1595 1850 1022 2248 1539
9SfaSQJvoIKyamr2aICoaMhNxb4GNWbi,11 0.2718 637 279 1092 413 9 0.2496 9 1321 107 1622
AzGS2U5yh0FJeY3lzcPfGJi2NmheS0GF,3 0.9860 842 2024 2050 2501 0 0.9693 1305 1069 1627 1478 11 0.3272 690 689 1018 775 10 0.2541 2224 2454 2338 2657 11 0.1144 769 686 998 751
t7ErTLemPGZo0oafV3xGWUuSvnO2TZgL,12 0.9983 87 299 1215 2766 13 0.9047 1977 1140 2265 1334 10 0.8656 140 2641 264 2871 7 0.7733 1992 1118 2319 1462 10 0.5975 122 2681 378 2886 7 0.4970 369 2108 996 2522 7 0.3792 519 1877 1058 2434 10 0.3734 149 2692 234 2848 10 0.3219 157 2711 711 2903 4 0.2980 365 2128 1022 2572 11 0.2707 130 2668 287 2892 13 0.1953 639 1814 1057 2314 1 0.1653 534 1768 1048 2416 12 0.1575 73 1915 1006 2825 6 0.1432 521 1852 1100 2409 11 0.1227 667 341 908 513 3 0.1104 956 2020 1965 2552 13 0.0973 1954 1088 2325 1393 10 0.0792 123 2209 1135 2947 11 0.0771 155 2733 233 2845 9 0.0692 640 1734 1122 2432 7 0.0606 182 1947 1011 2795 7 0.0561 1976 1128 2281 1326 11 0.0529 333 2188 1063 2586 4 0.0524 1960 1059 2308 1391
NVihu1Hvki7rUh4QlavMSeNVYqy1qYzC,3 0.9962 999 1605 2149 2128 0 0.9252 1393 843 1768 1332 9 0.0851 6 872 185 1630
DLSf5WPUzgq9ReJncDxdNCllLQyEISB1,3 0.9974 1154 1329 2247 1760 0 0.2697 1513 690 1806 998 9 0.1067 1329 676 1658 1366
lA7t28nhWNRolQfdkWMROFqQLgpLWPrX,3 0.9989 1119 1762 2506 2376 0 0.9867 1511 1083 1886 1421 10 0.8673 2412 1865 2553 2061 10 0.0755 2423 1917 2513 2009 13 0.0624 605 1891 1037 2119
k6b7QTg7LqgoG9v5S3Re6yd3CpzZulfm,3 0.8541 924 1489 1952 2075 9 0.8341 1138 861 1425 1724 0 0.7899 1356 894 1622 1219 11 0.5000 897 602 1077 651 11 0.2526 998 601 1063 644 0 0.0984 1110 882 1637 1431 9 0.0713 1097 727 1572 1887
e3s8W0LPBZqQl0ZJM9mrsj1Jhi5d4dHc,0 0.3555 1662 685 1917 951
gCVmOBRwKrVuZB1SbHNR78HVdiHpaCK4,3 0.9966 762 1208 1704 1523 0 0.9536 1122 603 1353 867 11 0.3118 1840 1489 1907 1590 3 0.1083 747 1246 1722 1787 11 0.0740 188 1147 344 1510 13 0.0513 325 975 466 1062 13 0.0505 1321 1194 1568 1481
CY1OKPIKX7nH5z6KvwGARG2ehQZnYDBK,14 1.0 0 0 1 1
t9tTYlw6F0JLx4JCmtziYujBFy4rCkws,14 1.0 0 0 1 1
YUwi9qyC0C7FbImAKG3aGMkjtTvCCKRf,14 1.0 0 0 1 1
Wv29inGiKFcXWQTiHM0LfM9sCVod1S1s,8 0.2523 365 866 794 1414 7 0.1582 287 640 945 1604 7 0.0537 386 863 800 1409
CmKLwmO5IkIkA2NhoZ3jyPv4HhbkrnSy,3 0.9671 645 1249 1549 1666 11 0.9130 543 505 810 596 0 0.8557 952 867 1185 1084 11 0.2579 1151 535 1425 623 11 0.2124 621 518 830 585 7 0.1058 95 516 833 1612 8 0.0975 625 624 681 673 0 0.0674 836 6 1347 193 9 0.0655 1095 65 1939 836
dkbRAofJUE3C91SecRuQiDiLGQznjZcv,0 0.9992 1652 687 1960 1065 11 0.3328 1775 350 2007 425
pbojnDE9nwoNusYmd47gyVnQG7gahIDh,11 0.3215 1289 243 1571 327 11 0.2192 519 292 854 392
2llhbz94s3237E0xFN1gRcsLefHF9nOu,14 1.0 0 0 1 1
TJssBxTX0k4OmfIvg9o1OxqLtQcJB9jK,3 0.2645 105 1471 1994 2406 3 0.1248 798 1124 1637 1428 9 0.0683 89 1206 785 2294
AWWj4KSQQ0Lu9YbRQgWSJ4tWJVbr8I4g,8 0.2174 582 590 734 724
aMKAa6xLBdmuBEZHt2f7hggRqN0cwt6o,5 0.4089 1974 1134 2504 2001 3 0.0747 1196 1584 2326 2109
eKV9M1D1Xp419maBLQAK6SXQYQ1keYfe,10 0.9955 230 350 1066 2076 11 0.9043 1197 312 1537 446 11 0.7969 239 321 732 949 0 0.7368 1133 720 1379 1014 7 0.6937 458 689 934 1060 3 0.6343 609 1377 1729 1868 7 0.4875 434 629 962 1415 7 0.4817 474 438 915 991 11 0.4227 1294 304 1544 402 11 0.4095 490 355 822 533 4 0.1991 424 772 930 1332 12 0.0833 487 352 966 932 11 0.0713 366 349 775 708 7 0.0643 487 349 815 531 10 0.0619 380 452 1000 1536 6 0.0522 406 610 927 1271 8 0.0517 357 718 976 1481
JDUFRANtLlaEOgkOGuTJqTlBATMqpIQm,10 0.9322 247 2002 352 2122 3 0.2580 866 1379 1686 1900 11 0.0641 654 386 964 467 11 0.0640 260 2005 370 2130
aT0406LWRcODyRWwq9kqhj02nrN6Uk0w,3 0.0602 742 1341 1488 1670
nL6qOy7RdpesIogkhsHXKJ16DPyKPFtM,14 1.0 0 0 1 1
pXtZHOTfn5egeKCyCmez0AOg6YkgjGG8,12 0.0729 640 50 1676 2171
y4lZdRMkVe8ZoPU3BJslp0QfrvAzEKpv,14 1.0 0 0 1 1
RBiJnjrHOKL2LwNERTRkMY1CaOil0ZB7,14 1.0 0 0 1 1
LmtYvLuLANY7JM6HQ2N2KtSEWVBvUAlS,0 0.8416 1048 366 1291 636 3 0.3481 738 1152 1596 1403 9 0.1332 750 83 1108 619 13 0.1224 464 856 601 959 9 0.1220 124 1084 873 2419 3 0.0913 42 1495 1994 2384
FMKpP5qSmq5b8eyMIsXIQEokkYGMLRhq,3 0.5175 1113 1531 2170 1907
XaN4PPo1drIwbOS3mxzmKbt57eBK3yln,0 0.9287 1469 966 1869 1409 13 0.0908 734 998 842 1145 11 0.0513 542 1940 624 2080
7cXSlfvf6KSMXxWEbkS8KRpyIk6isdvw,8 0.0929 1918 1878 1961 1917
utDr9Pt0HqFmePJjE0wAlNgTXJla9WcJ,0 0.9990 1603 755 1957 1184 3 0.8853 1170 1648 2311 1945 8 0.4088 1153 604 1218 661 2 0.2981 1141 595 1224 677 11 0.1209 1082 461 1346 530 8 0.1191 686 1663 753 1730 8 0.1180 868 1215 942 1276 8 0.0594 2103 682 2162 737 8 0.0560 883 1218 931 1264
1KunJWEsemFp0t8ZE6l8D5jW5heu6PMk,14 1.0 0 0 1 1
oWJCJV6PnW8V8nP1WcyxI2YiHlxsvUvr,14 1.0 0 0 1 1
g1aNorLyU6zhBuedky4zykqhJeQW0Fqo,5 0.8629 1365 924 2120 2333
emO7hWZ2UaTiTT1DA8i5zzzQgOGegCFG,14 1.0 0 0 1 1
tRhUV3CpUlZ96MYMObvL9lnJwPe8w8gu,7 0.2531 1342 756 1923 1681 11 0.1846 1305 427 1512 473 3 0.0725 775 1219 1708 1718
KBQ4qu5jN6SWe7HEVbDRGxCGK27romk9,9 0.2800 86 1846 692 2348 13 0.0732 1657 1708 1835 1844 13 0.0644 1543 1742 1810 1889
FyAPEgJ1yRr9swxkX3Ab8UcJdgsKgYso,13 0.1169 341 636 834 1368 9 0.1108 356 628 851 1366 5 0.1090 358 586 838 1375 6 0.0983 343 552 920 1404
4iqfY8lrk4OzSOaljUVlGZfSFCIIXdoW,14 1.0 0 0 1 1
vzGpO08j6CoZUkmOBykyV3cdlPdMKQw1,0 0.9312 981 809 1214 1040 3 0.9177 701 1391 1679 1785
VyFRcj5kZgOI2WtDjCl4DM3IqoCW2x5c,3 0.9992 737 1645 1971 2146 0 0.9982 1232 823 1556 1215
X4sFjumtqH0LXT0FlQz7MR1HMiSPefoi,0 0.9786 1204 806 1539 1126 13 0.9517 2043 1614 2162 1665 13 0.8221 2024 1709 2204 1786 3 0.4483 896 1598 2020 2086 13 0.3652 1938 1619 2185 1768 13 0.2751 1963 1684 2193 1810 5 0.1853 2062 1614 2163 1669 13 0.1793 1912 1749 2163 1906 13 0.1637 2027 1802 2179 1912 13 0.1637 2003 1594 2163 1672 1 0.1577 2022 1611 2162 1669 13 0.1317 1631 1566 2193 1982 13 0.1059 1896 1582 2196 1865 9 0.0730 248 1728 856 2152 13 0.0716 1850 1679 2086 1854 13 0.0511 1969 1601 2175 1716
dEbGyiCimKvE9cuexsBT1mx0FHTIaTsV,3 0.9740 619 1297 1624 1718 0 0.9357 900 603 1132 867 11 0.0894 567 347 755 400 0 0.0873 905 12 1293 193 7 0.0690 1445 1376 1680 1676 3 0.0639 805 1721 1804 2409 7 0.0587 10 547 540 2065 0 0.0580 765 9 1243 305 9 0.0552 29 889 638 2401 3 0.0527 80 1616 1855 2395
juw2IIzFuTO1yP7j7iH9jYt5fC60jODA,11 0.9761 629 285 1106 442 11 0.7105 720 299 1051 393 11 0.3432 1600 262 1911 380 11 0.2381 1547 243 1985 434 11 0.1173 1631 283 1816 343 8 0.1119 1570 971 1776 1156 11 0.1026 1454 249 1937 581 13 0.0648 1584 306 1775 515
GEfTuDNsIZOiyt9jqZ3Yvs3JRIV7IUR3,14 1.0 0 0 1 1
87Np54QsOpUUzUXMn1u0iBuqGbDuYVjF,14 1.0 0 0 1 1
ChrZ23st7S8JabK46nZqh8f1k4Tv7Ow5,9 0.0942 156 1535 856 2383
eeIX5JRTrpS7HgTQPvILa5bnkxxNnJFN,9 0.7002 444 417 1456 2341 5 0.5920 134 577 922 2114 8 0.4133 449 936 591 1068 9 0.3703 720 355 1275 1461 7 0.3007 429 932 591 1074 5 0.2766 201 1219 750 2175 9 0.2563 56 1010 822 2372 3 0.1455 698 1422 1869 2004 6 0.1318 426 910 605 1094 0 0.1177 695 641 1575 1395 7 0.1123 887 435 1069 907 5 0.1020 1642 775 2180 1910 9 0.0984 205 644 1168 2246 9 0.0780 200 1300 832 2144 5 0.0656 1343 376 2280 2263 5 0.0624 390 900 664 1207 11 0.0621 873 459 1081 939
zIpJxdqFEeXvelC46jJjT1vBWC7HRaz2,0 0.3610 1180 803 1467 1137
EII26paTRh43mqe80BaBKe18sV33fOcv,3 0.0721 828 1199 1665 1659
MlGsfnFTJ5wYt0orygR4zrk9DW8jKitK,14 1.0 0 0 1 1
EuL9gEn0SlZHENMFt3aShM1ftx4IHO2C,14 1.0 0 0 1 1
TcJHXi9uhK4hxAcYLbvXWs8qvbQ0SKsX,3 0.3274 816 1223 1601 1497 8 0.1263 420 1214 494 1300
ZTtzY3k19duxD611HupcJfMkONTCHXfi,3 0.1292 682 1152 1427 1400 9 0.0907 29 1100 836 2363 7 0.0651 49 218 594 1600 3 0.0603 13 1430 1877 2394
JKEaLCNLTjBKlhPAvF3g0QHZVwHezk11,3 0.0689 695 1167 1537 1430
2elnCxluTONnsEkPIfrHqjqcM6hu14Nu,10 0.9887 207 1542 855 2345 11 0.9718 570 566 931 728 7 0.8132 310 1684 778 2117 11 0.2724 1463 534 1688 662 3 0.1961 699 1516 1526 2048 0 0.1509 1080 887 1387 1229 7 0.1466 492 1813 780 2024 8 0.0907 692 1448 1046 1931 1 0.0888 252 1725 775 2290 10 0.0613 195 1662 725 2163 7 0.0542 233 1475 722 2185 3 0.0532 681 1692 1720 2186
xk6mRHStXG9JuwUI3qMc5nTauBsvdXJG,3 0.9979 893 1262 1982 1752 10 0.5795 1919 1729 2233 2152 10 0.2375 1984 1815 2216 2081 10 0.1161 1735 1748 2274 2213
coZA1jZadZNDWVZ5jY8DXtGGduRhUrF1,3 0.2765 970 1550 2144 2079
EZxSwQTQpyjlM5tAkEhaUGWlo2gpktEm,6 0.9776 1944 1235 2214 1402 0 0.9742 1320 790 1639 1143 13 0.4325 1840 1218 2251 1455 5 0.3542 1753 1167 2262 1702 11 0.2685 1879 523 2002 616 13 0.1289 1960 1255 2246 1382 5 0.0875 1860 1222 2231 1482 3 0.0534 901 1609 1921 2001
kEtzfumuvVcJjks1tn856equqrvwQEsO,3 0.9938 704 1181 1785 1588 0 0.9894 1031 504 1420 932 0 0.6921 729 495 1446 1077 5 0.1100 1342 338 1849 1227 3 0.0516 658 906 1803 1754
XpEJnmhSfZx16dvKAY5EUoRUPIbRf063,3 0.9725 783 1302 1765 1751 7 0.8851 753 928 1221 1658 0 0.2890 1205 575 1568 1038 13 0.1173 668 1241 812 1472 4 0.0927 718 861 1198 1533
p5QZX02xz3mCjNPIyZeXw5l5MHboB3PW,14 1.0 0 0 1 1
Q8hRXGiA9tVYczTEmkSmHg7x1fhkLQbj,0 0.9866 1016 762 1264 1040 3 0.1865 638 1455 1500 1713
H7YDP7LnBn69wbPG0s742XUOzj4oVJUZ,8 0.9261 933 1413 991 1461 3 0.3224 1194 1595 2313 2076 8 0.1941 890 1501 944 1553 8 0.0564 1018 1611 1198 1757
VuR94G2yEW9s5thhUyFvHqQld5gDxwOu,0 0.3042 919 747 1398 1221 11 0.2838 1238 391 1486 500 0 0.1645 1127 752 1386 1079 3 0.1162 757 1334 1678 1730
tVp8taAxfeMT0DwZ1lmMP0LZgr4k8vh9,0 0.9940 1167 666 1459 991 3 0.9841 831 1441 1933 1836 13 0.0628 1463 1414 1691 1754
8f9Eeo26MVh33uusyYSJf1GVV8Gduogb,0 0.8487 1139 848 1366 1153 11 0.3920 890 562 1003 612 3 0.3145 742 1601 1684 2015 11 0.1808 836 553 1020 615 6 0.1612 485 1411 675 1581 7 0.1539 678 627 759 716 13 0.0988 465 1416 666 1584
vgpOHpWQCQo0AZwiJyrXD6VyrQnlOxWs,0 0.0723 1275 705 1658 1131
dSIwuefJKj3MiMpzCIGoDm5jr7Gjr2sx,10 0.1007 25 1857 105 1995 13 0.0587 657 403 832 633
23iNdVE4f7XMGWz5C0IG57JazntvGuhv,3 0.6667 758 1210 1903 1793 5 0.5868 1228 438 2076 1858
ULmdMS7LvYLlfd6MJwUdX1G0oGwreeTY,0 0.8468 985 824 1264 1123 11 0.0998 521 498 850 630
y29Fieldmon1rISsM5Mb8eQL910P8XW8,3 0.6973 817 1374 1938 1799 2 0.3650 384 300 667 512 11 0.1994 1320 10 1727 139 8 0.1942 1679 340 1754 402 0 0.1578 1149 379 1406 608 9 0.1356 1413 961 1693 1301 13 0.0897 400 294 631 468 9 0.0872 845 140 1404 1887 7 0.0652 1673 320 1761 414
RG6IbuYZ1AdZJmVKYgG7F9hunhUWceZL,3 0.9485 929 1346 1870 1735 0 0.9136 1227 731 1505 1080
NeUjwj2DHhrICLu54wdo7r2Y5j0CGQ2T,0 0.0726 979 670 1195 863
TPecfMIJGLehwIVa8TfYXhnLqOrrKJvJ,0 0.1431 1364 663 1812 1140 3 0.1419 1212 1528 2213 1923 9 0.1229 580 1651 1295 2031
cf9lGG5nE61KU6UV1nuK4CO83pjvcQWs,0 0.5340 1059 668 1275 897 11 0.0562 1196 360 1339 400 11 0.0507 1198 346 1458 423
VKCShv6bKBNHF72761Hps6dxDsd7tsWO,11 0.2278 1111 443 1336 529 10 0.1885 87 2033 163 2167 0 0.1493 756 794 1191 1292 9 0.0602 1698 395 1986 695 9 0.0561 1302 79 1994 597 9 0.0530 61 1759 738 2355
wSoKhhmAjyfCuMvK2FM6WOp0zTgd5Uh2,14 1.0 0 0 1 1
FABq5Ip3KBVvUEuf956h1qofIZiapHLb,14 1.0 0 0 1 1
3Pi10VAv11dtmfvjWjVeXi5A4sE6mppg,14 1.0 0 0 1 1
YUsybgw8P6zmvuT3WnzNVSvOmwM0LYvP,3 0.9878 1183 1512 2209 1857 0 0.7995 1575 721 1870 1051 0 0.2933 1297 762 1876 1327 11 0.1950 1039 413 1374 496 5 0.1624 674 1137 1215 1710 6 0.0728 696 1272 1269 1725 9 0.0610 1612 1743 1663 1783
Z6dtqpkRhyFlTg6FERhCfP0dkMJZHZgb,0 0.8523 1588 684 1962 1094 3 0.3007 1116 1573 2278 2064
15WYxOWANFhx8JbmBbNCNmWtu7K2MFUB,14 1.0 0 0 1 1
VUGvo9R3ac2nmr8JfmXN2IbgYrkuYn8F,0 0.9848 761 610 1661 1350 0 0.7975 1169 621 1651 1065 11 0.7109 1335 303 1762 505 3 0.3747 767 1222 1993 1750
eebO8UJdivX50fCkQwZeLmW3E0KLnAvv,10 0.9262 272 2154 439 2331 11 0.3735 1685 198 2075 313 10 0.0622 301 2166 400 2300
7KW1qPoXkcUKVaDxxsVkZjxG3OxFobOk,9 0.2384 1574 1526 2402 1941
ivzxiXdP0v1ciEqAzbYpepPgovAYuAqZ,14 1.0 0 0 1 1
f81T96HKj7obRUJfiIxpoQQ8X7Ix6oBw,0 0.9615 1060 729 1333 1036 3 0.8894 669 1369 1657 1765 11 0.1149 1291 375 1561 537 10 0.0729 0 2704 672 2871
wViRX857HPRXR5TLIcYGzv8lQEjKSacD,11 0.6677 1731 497 1909 686 11 0.3415 833 463 1049 531
xaJOLehLCK4VO8b0oJJbhL0WxFFKjZIM,14 1.0 0 0 1 1
yiaybdUYgh2OVOA5X1zu7sSYrluOzcuw,4 0.9110 519 524 1002 910 13 0.5764 454 415 919 993 11 0.4762 1556 1928 1626 2000 11 0.4148 527 345 850 589 7 0.4067 457 409 994 935 8 0.3441 548 496 976 900 6 0.2337 405 374 999 1053 4 0.1788 579 584 858 866 7 0.1251 504 546 851 944 4 0.0519 329 326 999 1056
6SQv7lnFnAyUiHjKCLbmqq0qnMXpODsQ,3 0.9531 704 1566 2085 2107 0 0.7701 1208 784 1610 1250 9 0.6132 67 1838 649 2094 9 0.6029 783 527 1166 1665 7 0.4135 772 648 1138 1484 0 0.4112 895 766 1592 1355 9 0.2043 64 1811 759 2456 9 0.0837 753 533 1504 1980
zIlIK4CjpWZoCzXiMGM6M3woncvvimDp,9 0.1177 0 736 44 824
rhfiRFqBTD1iI1srAQ2j6WtCIZ5Hrzu2,8 0.0517 914 1363 977 1418
1AUK7Siw5Ttx6YtL9EpBkg0LLo1vAK2G,9 0.1524 1718 431 1874 718
K5keyB1aVHLJZUAKcGwC742gmozQDmh1,0 0.7414 1194 598 1528 957 3 0.6235 825 1206 1812 1571 0 0.4498 997 593 1540 1064 11 0.0942 590 1326 694 1407 10 0.0616 1970 1503 2117 1737
2XaoIFWARILCloZUdHzwbHlfOzAhJWwk,14 1.0 0 0 1 1
qsYmIeT9cJvpGsexBEqb0uKvyEUCXO9r,10 0.8995 2120 2073 2212 2217 10 0.1210 269 2033 342 2203
8YkdfP54Z4X51Uj5fNyNme4sUQhVk1b5,0 0.8404 1069 922 1328 1210 13 0.1561 544 1129 775 1301 11 0.1269 742 555 886 598 13 0.0801 466 993 792 1342
PCzioMO88wBDUV7fAHiQusK6PwxrSXlA,0 0.9593 1398 756 1769 1120 11 0.3689 1004 331 1211 398
TTXG9d487LxdCP08PqHFBPqt1Dairjvx,10 0.4210 188 2020 286 2167
tqbxfR7JH92zqTrbMWxYWjywRJ4FNUeJ,8 0.7624 503 713 612 823 13 0.6312 507 726 621 818 6 0.4427 486 699 628 834 7 0.3974 500 717 616 812 13 0.1161 426 688 623 821 13 0.0885 498 718 664 853 13 0.0612 336 684 567 768
bCjSuZb5GzZ7GocAFM4Y8dME74tAsYvh,0 0.7579 1033 651 1310 944 11 0.2295 664 342 829 395 11 0.2176 1203 360 1376 406 0 0.1615 741 614 1281 1152 9 0.1136 240 1335 313 1446 11 0.1106 688 317 881 421 11 0.0660 1246 358 1421 417
Gha9kLP600DqQyfNTze78Jxixl7M0F3r,14 1.0 0 0 1 1
zV2HBci6mj0Li0opINLJtRC8Qfe64PyI,3 0.5082 1291 1633 2348 2023 0 0.0971 1741 940 2029 1259 9 0.0848 2657 1243 2740 1341
WsxGntGvNyVVoRX46v67K7MJnzBsRN4x,14 1.0 0 0 1 1
AdYDEOJr0ByuPvn1Vcq5bogfHkNnCiiB,14 1.0 0 0 1 1
GQrrKXP90o8PPeoWFHFGvuqbEsh3hwBn,3 0.4122 1026 1497 2122 1997 5 0.2509 1638 650 2313 1899 10 0.0610 2189 2466 2365 2668 10 0.0504 2224 1772 2367 2073
SJV9CqxbUC9hHHe0pSZCFZ7a7wppU6hU,14 1.0 0 0 1 1
vRlzUE3asZ9PQYUs1bC1MIVkj4OPobRL,9 0.4588 952 737 1126 1068 7 0.1877 941 676 1128 1108 8 0.0758 945 728 1157 1086
OhdD4MTplHrc7fe0P6xTsXCYHpzIyh9E,0 0.9984 1284 766 1688 1332 3 0.9799 809 1773 2000 2274 13 0.9363 1496 404 1760 853 13 0.9304 2206 1973 2423 2376 13 0.8986 783 380 1085 849 8 0.7940 337 1798 406 1857 0 0.7355 931 753 1713 1606 6 0.5293 799 377 1121 848 6 0.4628 2214 2077 2410 2389 7 0.4350 2220 2061 2396 2364 11 0.3810 2195 2098 2392 2400 5 0.3622 1761 1353 2367 2273 13 0.3215 664 412 1087 1027 11 0.2730 2244 1748 2416 2430 9 0.2259 2219 2106 2405 2336 7 0.2179 342 1798 403 1856 9 0.1894 200 1950 964 2425 10 0.1778 2200 2085 2398 2432 6 0.1448 1460 413 1763 861 5 0.1086 2167 2007 2429 2414 1 0.1074 2141 2003 2415 2474 7 0.1015 792 369 1141 852 10 0.0773 204 2295 316 2539 11 0.0743 1472 372 1751 444 5 0.0730 1578 728 2388 2243 10 0.0569 174 2112 338 2567 8 0.0547 796 498 863 561 0 0.0522 1216 1028 1680 1544
bO4iTa2kgY1oSyP06qqf7Q2TCMfMlVkt,7 0.9904 1180 479 1592 912 10 0.9772 1136 305 2139 2102 11 0.7518 611 306 812 375 3 0.4106 436 1243 1824 1977 9 0.2689 148 1654 359 1786 9 0.1653 886 263 2179 2145 11 0.1386 531 285 867 409 12 0.1200 1194 394 1691 871 11 0.1154 1189 280 1839 664 7 0.1007 1069 349 2104 2117 3 0.0927 413 1314 1255 1878 7 0.0831 1146 317 1719 861 1 0.0829 1214 397 2087 2000 9 0.0612 351 925 935 1971 10 0.0509 1228 333 1821 943
wAP2PdDkbFvhbI4gmjeyXnEriyyzqlbq,10 0.5092 256 2364 340 2507 5 0.1311 322 605 1135 2225
7vCXBK8dnXe3KUUOvrBde2g2RdBgtmg2,8 0.0518 2496 2277 2540 2326
iBAAFO9tyJsNY2P5SYO4BpckBefLHiD9,0 0.9968 1032 538 1253 815 3 0.9944 798 1163 1600 1652 2 0.6675 1146 613 1239 749 11 0.4547 788 232 919 294 8 0.0955 1470 514 1556 636 5 0.0903 1247 434 1612 1261 11 0.0810 1158 285 1333 333 11 0.0801 1202 290 1297 332
P5q3B6SxA3XIVKE9hCV7HrBvU9usiHew,14 1.0 0 0 1 1
DdfJXMcHa6Zcko2reThjEn6AaniqULTf,3 0.0585 699 1220 1559 1487
5JboSsJS7KyXnDN9sy9jl79kENo9ffCN,14 1.0 0 0 1 1
A9ZhtdtEajljIg56lFFKYymy2oS9IRnS,0 0.9027 1288 762 1653 1189 11 0.3662 654 387 987 514 11 0.0779 742 382 952 474
tGxQc4wP2KJZM20XYvRlwGcPDds9D9o1,3 0.6357 775 1511 1473 1821 9 0.4601 804 1108 1128 1913 11 0.2091 1161 710 1309 794 9 0.1397 854 1125 1040 1708 0 0.0645 1020 1051 1298 1373
TsnFuQEmxxJBmdREuXB90kGFec9dHBdY,0 0.5803 1377 893 1692 1231 3 0.0771 949 1704 2211 2181
H0Ahlr0HsNsUvPNcx4UbS6sNxMeRa4hC,0 0.8910 1172 807 1453 1178
0JKgsu6s7avZKjsUDoRl5GIigwAct7JI,0 0.1187 1121 588 1414 870
jZhKExBhj9TxDARtAGnGT7xle1QOrxQc,8 0.1917 1950 979 2301 1141
VAMADR16cCJiiy02RkbYxQCM1jTQJC1T,9 0.9194 1243 1679 1449 1824
IlrgsZQabAAUknm98IEXtCdMSB9TD52S,5 0.0810 1392 393 2300 1854
pAZSpwqzMS7QEfUZvF3KU6dolBgawGIj,3 0.7871 1043 1075 1963 1457 11 0.1689 1327 189 1730 408
gM7qF7mUiYwfwzVRh9jOf5UGePHM6x9Z,14 1.0 0 0 1 1
8LL5px2FQYlfLy9CmsvfL7pJ9TAInVvq,9 0.0653 2317 1279 2407 1488
knSzjKPnHgWxokIHwt9SGYJ3uHzP9DZp,3 0.9325 771 1544 1651 1902 0 0.8938 1049 879 1343 1215 11 0.7357 645 539 823 586 11 0.3186 651 493 893 580 0 0.1611 817 866 1343 1406
TDaIQPn4cqX7TNeAEegLpJhtJxulTHzt,13 0.5334 1709 1754 1832 1813 8 0.1180 1738 1907 1817 2007 9 0.0837 1719 1882 1826 2024
v23xci5qxStlHrjG9y4844cV0HOTjVja,12 0.0728 346 166 1405 2213
KeXpSjFov0f83ZEKnsdr5w0InzfHpHuw,3 0.1799 839 1419 2191 1924
YKQ72DGOnAdWWr5syPoA51IlOtseIdSN,0 0.9623 1170 690 1439 966 7 0.1140 113 899 762 2014 7 0.0510 1566 929 2050 1868
VudxJxx9dsD8d7mIFPtB120e6miNT66f,5 0.9291 1490 1359 1861 1888 3 0.8528 649 1598 1661 1947 13 0.8227 280 1727 603 1860 11 0.1004 1144 493 1403 584 1 0.0872 1525 1692 1910 2060 7 0.0598 1531 1453 1860 1970
W8DSQqq4RWrWzMNJXnE9vNTDD4sNrAGP,14 1.0 0 0 1 1
mNuDi7qlIwsaiGORWWdp4dAaDYqi7wBb,14 1.0 0 0 1 1
eEIj2xoOWh0SkkZzwVsV4A0BuN7apdXy,14 1.0 0 0 1 1
Sv7ZFiFuAebgkb7JCD2lBZTtBRWNnKhg,14 1.0 0 0 1 1
icnAkcuhfDDGXEaIUU9yUKkoIYE78cuP,3 0.3173 1140 1353 2116 1727 11 0.1658 1859 398 2068 536 0 0.0593 1186 743 1755 1144
g7gtMw2LRgGTPUlCfgGYS2kKsYEwueHF,6 0.5028 1982 2020 2262 2320 3 0.1735 893 1865 2016 2390 5 0.0936 1963 2054 2239 2322 0 0.0532 1287 916 1617 1293
pkc00PRytwr4MzGqqv18faEvGSUQA5To,14 1.0 0 0 1 1
b98XyeBhNHRQO7aMtbzO78CgszZ02Hhj,13 0.4006 2230 536 2393 657
Ql4VQUFzvCNsVl4XesqfOIdhyiGGisSq,0 0.1202 1196 983 1514 1297
QYzo3D34uA1uhbAoxi0flQRH0DYCde8K,7 0.2996 262 875 859 1757
DacUH9PB0tBRrr6ZOVKzyhwC2scwgqMb,14 1.0 0 0 1 1
WvITIjO9Wh9y1eGM3NWq1GvYdhTg6Prt,14 1.0 0 0 1 1
zr0c9TCe797taETYigDGX5SoOzyUXG2g,14 1.0 0 0 1 1
3MbXMsphns2T1BGWj77NWjqxN5e2cG0o,3 0.0878 698 1173 1528 1482
EuUK1WRxtFUSl5EkCgKr5ntH7B2CK3A4,3 0.1739 705 1325 1631 1588 7 0.0755 0 291 740 1631
zh8WsVAqTM2VASmUbgCUcJm42mHoeJs2,14 1.0 0 0 1 1
QIkZoeApJ81iGRz97cgLtChk2YUJoZeY,11 0.6603 650 457 908 551 11 0.6072 575 456 909 615
IbzHqQVDS3OTOVkmdgvoL26DrPdIauO4,11 0.2784 1050 182 1286 285 0 0.2631 974 528 1227 829 11 0.1623 607 171 827 285 3 0.1019 704 1219 1541 1490 11 0.0566 1020 180 1262 377
tt9qJg5XZWFjx3ri1WRrXJjphqEf8Lqp,3 0.2414 948 1694 2147 2288 11 0.1416 1616 496 1840 561
M1PUoJVQqZ98CLRUGGMuL5By8aP6iJ30,0 0.6805 1190 761 1461 1065 3 0.1008 854 1365 1797 1726
bfbZjj7pPtIyoWjDL4G6x3kItM6g9OSV,10 0.1211 251 1916 361 2080
Em26E9vtRGoNLj0SN3Cp02eoI3lXjc7Z,0 0.9860 1237 855 1545 1203 3 0.6755 872 1749 1903 2188 8 0.3257 1932 1909 2030 2021 7 0.2987 1923 1910 2027 2017 9 0.1194 1926 1892 2022 2016
yBTbVcrdtNVpbW9UJtYRJxPwXvgxNRbA,5 0.1698 704 902 1305 1885 9 0.0944 315 1266 407 1754
CIhWaQvfniTZs2fa4nqNgLVfE6MU8tyE,3 0.4096 1152 1335 2291 1764 10 0.0523 2462 1827 2537 1956
0m5xPv465JJo7pENsBcpGgLh6FLTYWbX,3 0.9985 1202 1450 2354 1844 0 0.7915 1596 775 1860 1066 5 0.5247 1945 626 2426 1384 5 0.2269 757 820 1246 1612 0 0.1028 1781 16 2171 210 11 0.0525 819 666 877 769
Yk2bxUYzzgQ9RMRHtdJwG9vrRhqg1QXb,0 0.8127 1312 857 1557 1149 13 0.2426 540 883 850 1071
U98j4g0ZiJDGS8bqzYTq2ot60QaJAGeN,13 0.0846 1637 673 1785 779 0 0.0748 1019 646 1319 981
FHyyHYKhXFwCRfv1fSsCXZsKGtlslNcc,14 1.0 0 0 1 1
fU5ygIfI5KXAYaaBsUbRXJmWSTUTAQ9k,13 0.7890 711 227 799 330 0 0.7517 1085 446 1334 747 3 0.2803 782 1097 1628 1384 13 0.2071 716 211 826 367 0 0.1868 821 447 1335 932 3 0.0654 100 1398 1994 2343
xz3FlfVkDPz1dqU3g0TDxCCNMDxqMgXq,0 0.9615 1108 797 1383 1120
r1hyAZaC7grRFRt2jk5E7l0cFIapmFng,14 1.0 0 0 1 1
mJ3pDTXWOtLnY36GMePu4ZZfzX6Ch1By,3 0.9585 812 1362 1820 1849
g0cfXAphnurTFlyK8zgSKTxY77Us2x9T,3 0.6646 973 1072 2032 1521 0 0.1780 1327 356 1621 670 9 0.1137 33 759 233 1266 9 0.0838 13 627 308 1446 13 0.0705 1508 976 1787 1453
DtYZWtq1eHxgnPEcLqGRyytJ5yXC3AnX,10 0.2703 183 2087 280 2232
3De7099qqj9Aj5hsMJzlJhnV6e8xuhQF,14 1.0 0 0 1 1
6mK2d4a05SU8QLtbSYEIWK4MaEaPdFzZ,14 1.0 0 0 1 1
0UCk4HXq8Mtw715CgY6UiFky5Wiwspv3,8 0.7903 1910 1639 1990 1716 13 0.1777 393 942 474 1016 9 0.0840 1913 1637 1994 1713
ICxBWjgXBfDAoeIizUeYFe2FRAXrih6h,14 1.0 0 0 1 1
IyRaxN2qhEkuTBo67T3EtNnLw8xzPltS,3 0.9955 760 1455 1846 1945 0 0.9572 1146 795 1429 1114 13 0.6275 624 1290 783 1353 7 0.5858 1810 1439 2048 1835 5 0.1501 231 640 936 1891 13 0.1150 469 1281 871 1507 6 0.1008 1809 1508 2020 1814 13 0.0947 615 1270 818 1387 13 0.0944 1802 1527 2020 1791
cTaX2qwsObzxOAa9mVVvg6l0bxqBCqNn,0 0.1519 940 0 1369 194
vYQE8jZdZwcaBndcqmZNctz1TTidKJ5g,6 0.1750 793 1995 1061 2269 8 0.1205 874 1402 965 1485 13 0.0502 690 1207 983 1350
cCU8iWlSRxaLtQtqMYBuqTZCPe0cKxFV,0 0.6306 993 499 1378 932 8 0.1229 704 372 768 473 11 0.0877 1209 184 1436 257 0 0.0611 779 466 1408 1034 13 0.0584 739 773 801 835
rnptYgIkuOCDfyNwS1E2sJa3gchyeG1g,10 0.2678 2567 2055 2678 2203
6RL5vj3aQ4hWfExcupCfqJ9RUDjDj3qC,0 0.8918 1344 852 1771 1321 3 0.0712 987 1444 2142 2058
ZASLuhSVADQDANQl5Sm1WMnjmxUlvTFz,0 0.9976 1247 670 1528 953 3 0.9976 931 1416 2061 1896 2 0.8430 1371 723 1494 886 10 0.0721 2089 1890 2301 2183
taLMuPXDxo4J5EyfHzmoIOfX8f6ByzKq,0 0.8831 1300 753 1566 996
E0nKIayEEvkPJSGVjhgEmi0oAqgKuS7W,14 1.0 0 0 1 1
3zOzNEMbKq46MKNqdsROKm7dyc0iqHuq,10 0.3019 2535 2206 2734 2564 9 0.0790 0 9 328 198
v643MzNUteQvbCL8OdZ9TSzUNK2buNz6,5 0.1044 499 1005 922 1584
NmHY7RQ6bTM9LPnuqXzRQw2AsPxDcoZN,3 0.0760 904 1934 2037 2509
SllOFNi0nyyWkN0HNknKmlveHEj7l17S,14 1.0 0 0 1 1
n5tLS5N80gSduKymX4KQVrkQI2xv9J91,14 1.0 0 0 1 1
azQABAVhfxCExoBQduPlEgoGMlJrdzIf,11 0.6448 1579 217 1892 317 11 0.4246 879 130 1127 226 5 0.2396 1753 1226 2147 2153 13 0.0722 2022 1001 2176 1091
FKsrjJLltsKZSXSYexdTIfyf4t18jb6i,0 0.6996 944 979 1188 1244 3 0.3454 732 1530 1574 1808 0 0.2620 793 0 1277 340 8 0.0650 800 0 1279 324
mfwbb3bK0Betf18CNSYatm9pcXgUp6Yi,9 0.2579 89 1655 761 2166 11 0.0613 422 409 738 654 11 0.0584 648 453 875 508
OANbJhOE1oRUdhsp0zl9TIDB5MgP8GBV,0 0.9976 956 497 1236 815 3 0.9179 656 1094 1480 1439 7 0.2459 692 354 852 694 11 0.1307 494 257 790 361 11 0.0690 1019 281 1137 422
e2GoJNnTzMKWcHZ573Zz17ClRYSYUBj2,9 0.4246 103 1703 837 2325 9 0.2927 196 1728 748 2137 9 0.0698 217 1689 681 1987 9 0.0521 1034 2046 1108 2108
3RaU6el1FcovBc3HOrCj5msnW8tDr75e,14 1.0 0 0 1 1
8GWRVIEYYd6WNDNQkcSzT27LtH2oDyMA,14 1.0 0 0 1 1
OJVsMz98Aar87YEPp2CRiD3jJEKmsNwO,14 1.0 0 0 1 1
UIkOBtMhZebaQFVKXbj5zpc5jJ8k4qHe,13 0.5935 1451 1820 1522 2053 2 0.4997 1446 1758 1531 2044
BqhX3TbzxoJt1FAlRlv0AmcRXkeT9siF,3 0.7859 1074 1652 2091 2094 0 0.7598 1484 879 1776 1209 13 0.0578 640 1337 914 1509
HHEkj7ybaLvAHLXePtRlrzBleRgvrxM1,3 0.9992 960 1329 2324 1788 0 0.9865 1310 693 1737 1086
SVlGpoXbyeipDBbitYwnUJdk13FpYxR6,0 0.7112 1167 1001 1517 1392
L8hY4KyZEu3xJuS43GH70rwEhUXAY7RT,14 1.0 0 0 1 1
owNmlykS8T01SuaF062XfR0VpzxC5qia,11 0.3196 485 394 859 562
1yhG9f0I5VWP6dJ2SEPBHjyPVM22zFrZ,3 0.3314 872 1633 1733 1960
ESxvKtr19jMaedo2jmWHBzFZcx9a6wBO,0 0.9951 1373 742 1620 1011 10 0.9835 233 1887 448 2275 10 0.8673 244 1970 393 2247 9 0.8420 1067 632 1476 1987 11 0.7177 903 402 1187 483 3 0.6898 1045 1643 1977 2098 6 0.5612 390 1080 877 1861 10 0.4947 273 2072 348 2216 11 0.3678 844 439 1114 488 11 0.2410 926 434 1184 492 11 0.2331 1550 431 1762 501 6 0.2142 487 1483 866 1833 10 0.1725 266 1880 707 2187 10 0.1250 236 2047 358 2231 10 0.1059 278 2110 425 2263 11 0.0986 236 1956 425 2260 7 0.0785 474 1475 838 1806 9 0.0752 298 1858 885 2199 7 0.0600 394 1097 878 1888
CCqAXcZk9PaPlEz7pnQFTf07dLn1BN3y,14 1.0 0 0 1 1
XBPrTn1yQaHok2oRpuRAlxlVqoUvajEh,14 1.0 0 0 1 1
13yB4gUYiQh4DPXML6ErR0Octysv64ia,5 0.0653 1451 395 2313 1859 5 0.0617 159 308 1212 1858
vPJQVu5t5UTyndhhNkZsrH89Ealif72a,0 0.8056 1307 693 1567 963
231oGC1vEtx6JpdjRZfD4ZojftMY8gzH,3 0.8601 924 1485 2059 1907 0 0.1966 1282 800 1599 1065
fIHLl4Cyt5gOZ1oEtuhzHO1j3DP6OZ8l,0 0.9992 978 581 1279 922 3 0.9872 668 1161 1587 1479
gw8JW3oDvrWFFSFATYVLJtRl5sUR4AmS,3 0.6735 678 1346 1864 1934 8 0.6282 636 1047 857 1238 8 0.5543 661 905 774 1011 7 0.4402 1253 396 2109 1740 11 0.2252 653 338 864 397 9 0.0958 651 1045 855 1231 11 0.0677 1203 347 1548 476
UjaJh8lPVaf6KicZvaBrA0OYQ0vL3LD5,3 0.7391 768 1475 1703 1825 10 0.3966 245 1636 377 1953 9 0.0902 201 1648 946 2185 0 0.0758 949 0 1359 265
3KCRUxs9sr6dTG6Y2IqkP6DP0PgjVpnV,3 0.9989 821 1489 2122 1954 0 0.9966 1277 637 1768 1201 13 0.9661 802 323 1021 777 13 0.8912 1798 559 1905 717 13 0.8215 703 323 1088 934 11 0.7425 691 266 958 395 7 0.6249 824 281 1176 870 13 0.2292 819 337 957 677 6 0.1534 691 312 1111 979 8 0.0598 685 1198 745 1262 9 0.0520 835 266 1317 1056
oayd0IFEvYsYKafl4xKQr2aTw2EzQ0qz,0 0.8993 1037 700 1271 960 3 0.2072 739 1251 1635 1757
MVPTnneogEY9HeghyRZ79B06zwbCXFb2,11 0.0586 1660 2184 1770 2285
EY3ALqpzrL5ZileT3wRArCSx9vWbc1yY,11 0.3335 1911 376 2089 482
0IpTPiry7nh2q21ejkOAzJ4YAkvFlsKW,0 0.9689 1355 1119 1700 1500 9 0.7598 970 722 1418 1757 3 0.6331 892 1910 2090 2403 7 0.5397 935 1011 1268 1789 9 0.1354 586 52 1648 1452 9 0.1218 857 517 1536 1950 9 0.1122 947 1051 1281 1763 0 0.0881 1008 1078 1705 1813 13 0.0760 557 1650 810 1785
Dn35Sd49DNqzdINYTiwlDUchcUniChpQ,14 1.0 0 0 1 1
ju12GB62Ix8K7zTJna46NqEZ2wVS4s37,3 0.4976 710 967 1534 1266 3 0.1856 0 1705 1956 2411
zKtlSyaYiZmtwbOdWVxhQJ4BjNnlJn9b,0 0.9977 1266 726 1518 1011 8 0.9860 1818 1805 1934 1938 3 0.7806 808 1635 1828 2210 8 0.3907 1795 1797 1960 1998 7 0.1746 1803 1817 1946 1929 11 0.1694 1402 408 1594 511 11 0.1297 1423 425 1568 491 6 0.0958 1786 1800 1976 2069 11 0.0643 671 324 1074 486
3KHBHJmCgFMvJeIWkWVs8nMy8UqOR1Nq,14 1.0 0 0 1 1
1egVc0q1EA7yRKrvt6AgtfUGCqWToYZH,0 0.9985 1445 1043 1775 1418 3 0.9733 1093 1888 2270 2438 7 0.0985 2153 1905 2553 2546
Bv2vmIhn01DBCaAsydRjHnu9OsYNfaTr,11 0.9971 458 296 730 425 0 0.2610 925 581 1180 882 11 0.1174 1040 276 1397 403 7 0.0631 424 298 743 415
G0DS4NmGgHWNw8tfiMUu2PzUpYFcMess,0 0.4909 1302 875 1585 1187 8 0.2878 1863 746 1923 815 10 0.0702 221 2246 314 2355
r4HXtT9KWUimT0EvhWY1Wh3G6GrcsXxH,3 0.3231 812 1215 1683 1645 0 0.0596 1040 606 1248 851
rdMtAzIhB2inRW3d2CdcU1Xsa9jxLeqL,0 0.9748 1087 726 1360 1006 3 0.7130 730 1362 1659 1727 7 0.4340 119 687 960 1803 3 0.2350 154 1567 1947 2394 0 0.1986 903 3 1397 220 9 0.1101 0 733 997 2125 11 0.1051 1487 525 1634 641 9 0.0776 0 235 657 1498 9 0.0734 811 555 1258 1768
bK6pJCW6pe4z0btrpIxZRfagU3Zu9QX9,9 0.0541 947 2337 1140 2565
V7hfDUwsb9DUI61jQtAHXOATAdx72omh,10 0.0760 2641 2398 2823 2680
7OOgoo7jyuEnpN3OdRfk4Hqcue9ro6ly,0 0.9685 1006 940 1284 1286 9 0.9663 362 1670 733 1927 9 0.8115 245 1665 826 2049 0 0.8061 854 937 1293 1417 3 0.5614 757 1526 1502 1925 11 0.5546 702 664 840 707 11 0.1676 395 1682 677 1881 7 0.1570 391 1689 721 1879 0 0.0722 796 894 1335 1748
5iJWQXZhqUhczBmZeG0qcoaaQZLUK4BX,3 0.5597 1235 1684 2230 2138 0 0.4086 1605 936 1869 1176 2 0.0929 1711 1058 1836 1172
32a88u4ABdmdIK8jM4gVwEPDK3EinHap,11 0.5339 1304 439 1561 546 11 0.0576 1284 449 1514 516 13 0.0524 454 847 625 909
GM8JoKnQCF4ArdcOUFNGyFLgMhrUf1jn,11 0.0854 546 455 765 512
Da8uLexmpC0hTJMmfHpWBrxOQWJBPyEV,3 0.9820 1172 1378 2295 1754 11 0.1068 1875 369 2098 497 11 0.0916 1735 384 1968 441
hXTdSZXkB69ABJu7BuxSZg7LuL4HEtSi,3 0.2243 811 1319 1659 1603 3 0.1348 111 1656 1994 2385
AnOwVZlK7quccUljYyZasEZdbDlaeBqU,10 0.8395 458 2318 556 2455 11 0.1887 462 2327 566 2462 2 0.0798 1438 839 1478 878
Fb3xty6laV1cwI6spRWzz2FBsZ5D1wSN,0 0.9875 1294 873 1583 1191 3 0.0876 809 1783 1991 2362 13 0.0556 354 1100 532 1221
3OhNSnUw9dr45NZVcbQ4HyyR4EmJMfpb,3 0.9604 716 1026 1484 1481 7 0.7987 1314 896 1723 1527 7 0.5683 266 744 820 1436 9 0.2566 38 131 1111 1540 8 0.1884 265 656 805 1402 7 0.1610 206 719 937 1782 9 0.1094 799 33 1195 1295 7 0.1055 110 465 723 1440 12 0.0894 74 143 1006 1509 7 0.0846 398 808 816 1257 7 0.0638 292 762 692 1125 9 0.0614 8 291 595 1649 6 0.0614 261 753 853 1448 9 0.0531 327 932 735 1344
Lygbcg4ZYTCz8GAinkVpuYPDB0qFkPlY,0 0.9899 1081 552 1346 862 11 0.7916 617 211 835 298 11 0.7209 518 213 860 390 11 0.1438 1223 203 1478 295 8 0.1322 242 1457 330 1575 3 0.1160 796 1320 1617 1677 13 0.0884 651 992 825 1046 8 0.0543 1455 833 1840 1706
HDvjaLDSB44tkDKWuUGumAjzvtvUKKI9,14 1.0 0 0 1 1
85jJw2qg9BndSwPOiSqN5UPC6APOufF2,11 0.0767 1648 362 1851 425
1VFf1ScmUEKlbdKQAJuYOYv4OibTOW25,3 0.9903 715 1379 1672 1763 0 0.9766 972 752 1287 1119 8 0.5775 177 1473 243 1539 7 0.3295 169 1467 240 1538 13 0.2624 1549 726 1628 798 2 0.2405 1550 733 1624 800 3 0.2357 657 1494 1880 2065 8 0.1868 1555 735 1622 796 7 0.1610 1465 1437 1952 1919 9 0.1203 1553 722 1624 798 11 0.0904 536 456 818 535 11 0.0867 1277 409 1437 457 0 0.0540 1003 746 1240 981 11 0.0534 538 462 742 512 7 0.0502 1444 1418 1863 1719
w5LWpoumlIROEQKjFBxwOieRmJBrGyJK,14 1.0 0 0 1 1
rL5iuRcp3IwvuZe4oRltyHrgiTivCuKJ,11 0.7307 567 142 962 292 10 0.1895 141 2603 252 2775 11 0.0758 1415 143 1821 319
aKiajd9vAddZOYJBlm8I5pATR2lhMNU6,14 1.0 0 0 1 1
iSE9iT38NaN6zZS1vi6zYyLUTfGnya5b,0 0.6060 1068 790 1263 995
Upvhgua6IWyrffAe4JF9jvp2mhy4xpzH,14 1.0 0 0 1 1
9abaSLM5qpZaVegtdlW1gaxIymKdbIFR,9 0.1478 249 1173 403 1300 8 0.1340 258 1167 392 1295
ybaTm52rvoBHJTf9nvPU7uOPkAcRA69p,14 1.0 0 0 1 1
Ij0IFCSsE6axsRp8IB9igUwhDmGfiDbR,3 0.9003 701 1247 1583 1674 0 0.5056 1068 528 1315 805 9 0.1455 274 1621 351 1719 9 0.1197 173 1392 840 2382 11 0.0821 1389 224 1584 362
vCyQODJG5Q3HavLUSSz50TgbG0PI2RsX,11 0.9700 612 407 964 598 0 0.8123 1361 802 1681 1151 3 0.6652 966 1684 2139 2015 13 0.2938 2055 1676 2294 1792 11 0.2835 1628 430 1949 550 8 0.1687 2218 1649 2269 1728 11 0.1674 684 411 1076 549
09hQGnlgJwuYvXFS58MrLEHUBO7n3A7e,0 0.8835 1293 878 1582 1224 3 0.4269 929 1618 2085 2151
4QR2XHTzJ9eskLKli3WGDGodKvuSEJwz,14 1.0 0 0 1 1
EQD8LMoFCfW6RoGlNwyd8A5FggDMdI2N,4 0.2799 436 1121 759 1509 7 0.1425 431 1019 802 1548 6 0.1127 352 978 886 1595 4 0.0956 430 1224 671 1488 9 0.0526 437 1026 788 1514
Im371NVb2GAPhVbVX21cHo5U6ShJbllS,14 1.0 0 0 1 1
UtonfAnTDKADWDdQew50s0gNIxpJnka9,11 0.0755 1514 326 1739 391 9 0.0643 624 675 677 747 11 0.0535 916 351 1139 397
UDCIfakMsM5AVx80PRYFcKqEXBSdJo4n,3 0.1750 666 1111 1544 1488
HKVMpot1ED96FlUjasvP7E1BhGpPbvIk,9 0.8602 2196 624 2473 2187 9 0.2755 4 1194 235 1993 9 0.2358 364 584 857 1185 9 0.1054 181 1418 897 2267 10 0.0907 2172 2083 2363 2333 9 0.0786 386 861 816 1164 9 0.0603 2197 698 2467 1482
OwL90ndCandONheVI2vLtaVOjpnPopDu,3 0.6734 844 1288 1968 1841 5 0.6518 68 482 1140 2012 0 0.6291 995 611 1556 1064 11 0.2466 1316 236 1723 382 0 0.1670 1200 629 1539 976 10 0.1142 2003 1606 2147 1914 5 0.0872 1328 505 2083 1849 2 0.0523 1369 656 1506 799
FRAwEPWJlYDd18QKwXw2SULAdyjI4D4K,3 0.4302 731 1239 1575 1616 11 0.2187 667 349 863 403 3 0.0902 7 1658 1994 2408 0 0.0895 1033 680 1250 928
XUnAzcySkPbY727jEDwuu1TyeyjvvTbH,14 1.0 0 0 1 1
UC5RDeziChzzgNipvjzEYBQC2oGwd3n5,14 1.0 0 0 1 1
WHzvCTIN6nMnZNgBVHHuCKsc4RJfJk6p,3 0.9992 747 1205 1816 1613 0 0.9954 1125 733 1483 1148
pCLwzyc2UMRG66HL8pn3hmPOyKsJPNoB,14 1.0 0 0 1 1
Tey6yk1kfBlfUnRsLcT0CkB71y7xXHyP,14 1.0 0 0 1 1
aX1o2RegUs0El4RTnJ0k2BGbG5eFagtp,11 0.0670 598 272 943 516
WiuhbAgQlSfdVbhcspmFugSGlXRV8yT8,0 0.4120 1029 919 1275 1164 11 0.2453 621 548 871 605
B0zdx3znTphkIeNnvw1I9Jh63q4q0CdF,3 0.9984 795 1757 2169 2392 9 0.4296 1053 575 1632 1951 0 0.2985 1385 946 1739 1433 7 0.1512 1079 734 1621 1650 9 0.0929 6 1690 246 2358 9 0.0772 1171 1312 1602 1900
PvLAeFhkALCWnxcmGFHUGXganiF82l4p,14 1.0 0 0 1 1
lNNk6plIVLLdGrhXo40RoSza8pq6D7oR,7 0.3549 1551 1350 1817 1764 0 0.2296 865 652 1306 1187 0 0.1853 1083 618 1288 836 6 0.1010 1582 1280 1822 1777 9 0.0570 98 1255 325 1870
Z0Cvib6mU6tmlxgbziLAeFB49Zjt2vnZ,10 0.9828 358 1988 550 2220 3 0.9677 1024 1812 2110 2230 0 0.9599 1419 989 1740 1269 7 0.9541 2075 1857 2343 2182 6 0.8796 2069 1775 2363 2222 7 0.5023 1935 1704 2387 2223 10 0.4745 336 1906 668 2283 0 0.4120 1102 980 1725 1642 13 0.3047 1928 1749 2343 2173 6 0.2390 1956 1597 2369 2189 10 0.1534 302 1898 546 2361 10 0.1299 312 1831 893 2315 11 0.1196 336 1910 566 2198 10 0.1116 333 2028 493 2275 5 0.1104 1753 1317 2381 2202 10 0.0811 369 2073 457 2244 11 0.0690 291 1821 686 2248 10 0.0526 2124 1893 2369 2226 1 0.0508 1865 1840 2382 2288
IoxFFbxF0DI5I8P4koJ2aZki8N3lAmf5,8 0.2433 353 1548 480 1689 8 0.0786 1678 1480 1795 1603
y2oDhhSt26WlpJ2TF49Pz4F90QqI29T6,14 1.0 0 0 1 1
5K68nbEFvBdi7WCE8O640UVNQqSxfNmo,3 0.6312 740 969 1576 1379 7 0.3129 98 285 878 1358 0 0.1725 974 456 1229 751 9 0.0945 0 269 897 1381
rmffuAQE8chxLWmOa3fUHpSiTgWQIPQH,3 0.8086 692 1691 1527 2080 0 0.6328 984 1076 1218 1354 0 0.2408 1023 1 1359 114 0 0.2361 1027 8 1353 213 7 0.1191 76 893 780 1994 9 0.1101 0 1736 63 1983 9 0.0867 0 613 748 1955 7 0.0820 435 1536 790 1994 8 0.0693 732 1327 803 1421 13 0.0537 39 855 612 2040
Bi92UXOb1VtHin6BOYdBunh1L8tkL82c,10 0.1317 219 1818 292 1936
W1Mu6ZI6nO65OOPKMWGBDJBVFd46qNeX,14 1.0 0 0 1 1
4ESNie5tN5v8Wa3ev8sLTYAK2CEjBG1F,0 0.9861 990 732 1225 1027 7 0.7999 1447 626 1697 976 11 0.4682 507 305 871 473 11 0.3948 573 331 822 423 3 0.2716 665 1475 1606 1898 9 0.2278 759 567 1127 1947 11 0.1356 1197 388 1424 482 11 0.1344 1162 368 1313 486 6 0.0701 1456 636 1682 986
pFy1RCsPQWK97lYMWbBJuedQPpoMBSKF,3 0.1686 1020 1193 1802 1585 9 0.1227 1031 69 1400 1330
opWcARIhUIEAzBXRJQFt9B27gr4Druh1,0 0.7067 1220 1110 1493 1435
wZWAzXvuoPKMsvVmEVBadPzNqrgGHDbH,10 0.1342 334 1806 415 1911
9ZaFaJSrztq3kAz06SOJhKOvoMCYnHKm,14 1.0 0 0 1 1
49l7rwhbAqjgfmlp6h53Wq2ATwrOdnVG,14 1.0 0 0 1 1
t2L075f3cvH8NTkM61YbSOPGFzipdSlv,14 1.0 0 0 1 1
Nko0Uss6MgVztc5bsaYtnGKxp5LTBFAS,14 1.0 0 0 1 1
XXj7qNddF64gj30BgO4ON7bW2BEmNmlF,0 0.9968 1097 869 1365 1184 3 0.9940 812 1429 1762 1835
ikiVWB2SBHFcF22550Vmv9MnvmMaFOYF,13 0.9991 503 1213 867 1541 10 0.9987 183 1399 885 1998 9 0.9957 2058 1331 2270 1801 3 0.9519 779 1436 1798 2019 11 0.9276 545 439 910 630 7 0.8674 531 423 1022 694 7 0.7588 378 1513 845 1679 0 0.6555 1106 773 1386 1104 11 0.3701 522 426 1035 724 12 0.3624 250 470 1024 1678 11 0.3338 1400 449 1567 514 1 0.2350 490 1179 885 1599 7 0.0976 521 467 907 640 11 0.0535 260 1459 818 1716 12 0.0523 385 1252 877 1624 9 0.0522 161 572 1077 1811
HAp1e7r08ZZIYOmuKmWmVwsDaikxdShQ,13 0.1567 2003 885 2336 1113
NmUR65HtNSGI96BSrRNyiZh9ZxUQfq0p,0 0.9815 982 1110 1192 1352 3 0.3106 745 1672 1482 2036
OMJmUbjHivcmkodbrS6LJXvSyTGa9JZw,8 0.3338 1579 958 1639 1017 11 0.0520 421 264 617 386
FrIszKFcMV3mbRJhsoJTydqQYB93rDoe,2 0.8341 1281 1240 1358 1425 13 0.2971 1276 1215 1368 1442 8 0.1577 1638 469 1725 561 3 0.1296 442 1975 1627 2480 0 0.0606 1053 1890 1503 2399
DRZqhZsDyBe1d0z3wgE8eV3sr4R6bDbq,3 0.9978 619 1550 1713 2026 0 0.9829 959 917 1230 1220 8 0.1272 1425 1684 1731 1952 8 0.0814 742 958 888 1159
RieRCKkG7rwHpT6TSS9pth5jF0O7QS2j,14 1.0 0 0 1 1
i6aOXumOuQqVA5ODYGzyh2Y2oVNpaNjs,10 0.8789 266 1583 431 1854 0 0.6659 1258 588 1547 939 11 0.4267 304 1575 396 1701 10 0.3627 262 1638 379 1888 10 0.3462 288 1564 398 1699 3 0.2201 953 1251 1900 1656 7 0.1970 991 693 1170 1103 11 0.1624 1406 273 1694 393 7 0.1358 2047 1454 2253 1576 9 0.1131 985 671 1160 1100 8 0.1006 338 1591 403 1652 11 0.0887 273 1571 384 1801 13 0.0685 1958 1435 2231 1559 13 0.0643 330 1588 416 1654
WTH86Gu0L4RBeeAYlFgp7wRkdIfOY4Xd,14 1.0 0 0 1 1
kVb81yTR4ExAbKV8jhut2La7XfYQPPPi,3 0.9984 574 1555 1765 2122 0 0.9951 1071 774 1390 1169 11 0.4994 1235 481 1534 575 11 0.3962 560 414 866 506 11 0.1649 22 1963 120 2163 9 0.1250 1660 1155 1814 1497 10 0.1214 18 1903 113 2129 13 0.0797 1639 1182 1800 1486 13 0.0672 1583 1500 1765 1605 11 0.0642 522 399 768 521 7 0.0600 1723 1904 1882 2219 8 0.0509 1477 1061 1848 1603
N0rR3Bb5FF8dC0Ot3OiI5BmsvQDaIrSZ,14 1.0 0 0 1 1
Ba0CPpVDsmZQXLAjTFUWIba62Mfm4m4i,0 0.1965 890 5 1428 288 3 0.0735 701 1464 1576 1729
AitKQ12W0in08B3be7H1wmbdWGgeoHbe,14 1.0 0 0 1 1
awUDU2rHf5JML501RkVAfRnlw2Htv9ef,14 1.0 0 0 1 1
eT9jevXWmIuL4cvSk3UmB7PCWLOmRGeP,3 0.7903 1195 1382 2206 1892 9 0.2728 2359 1630 2495 1889 11 0.1359 2336 1641 2498 1899 9 0.1298 1799 1636 2487 1950 0 0.1194 1381 674 2001 1831 13 0.0911 2327 1551 2515 1864 2 0.0647 2349 1510 2501 1878
imHOw8PUXePIZAdyFASVZSjCMICypUx4,14 1.0 0 0 1 1
u4ubCIDL4ZdWbD13mCJ0lPhyEjDe3q0W,3 0.9438 479 1400 1489 1803 0 0.2230 911 746 1177 1050 13 0.1167 373 1184 506 1268 0 0.0708 1863 713 1990 1013 13 0.0704 354 1244 510 1372 8 0.0541 589 1386 716 1522
seB4s2Q8XKzqYcpf99IntIP1Yo3VnS2F,0 0.9988 1194 803 1503 1151 3 0.9746 768 1342 1790 1782 7 0.9411 1524 992 2072 1723 6 0.8530 1469 897 2079 1759 7 0.1705 215 786 927 1693 5 0.1585 1550 884 2076 1757 4 0.1580 1522 846 2063 1839 10 0.0596 105 727 901 2084
SwglS2Vl1gFa1sjyF5eDAt7UIUCDugS6,8 0.8779 1472 906 1592 1012 0 0.1562 1193 1073 1423 1288 11 0.0927 628 2587 1317 2873 8 0.0870 1260 1081 1376 1182
WG3d5Gmuuomf71jl0xMYxTX8ik1IJlIi,14 1.0 0 0 1 1
dqKcJJwFij1aupmPGHqKN1mqnANPsscF,3 0.7655 921 1155 1894 1545 11 0.4766 813 114 1099 192
7apF4b3jPkNL9RzmFS6fVk4EAx4DT3OL,10 0.4548 241 1877 324 2007 3 0.0859 692 1599 1444 1841 11 0.0706 242 1916 328 2028
C3XgZCaMbkEocE3iuB5RLvcXN4MYOTeb,0 0.9719 1553 1011 1926 1431 2 0.4439 1694 1133 1842 1306 5 0.2047 409 1042 1313 2546
lKz36dsJDWIDoUPZzp1F3JuSgcwquuQa,0 0.9887 1060 651 1363 992 3 0.8121 694 1374 1685 1836 13 0.6680 516 687 579 738 8 0.6382 514 678 581 739 7 0.4928 172 1417 800 1957 11 0.3318 1300 365 1564 463 11 0.3232 1310 381 1530 428 2 0.3190 498 669 600 758 3 0.2871 654 1465 1903 2056 2 0.2370 520 685 581 737 7 0.1681 1341 1151 2011 1998 13 0.1661 502 645 581 740 9 0.1506 181 1489 814 1797 8 0.1360 187 1464 776 1860 7 0.1035 335 1170 802 1637 3 0.0979 696 1404 1626 1636 10 0.0860 164 1473 869 2090 13 0.0851 400 1170 625 1275 10 0.0789 1361 1285 2018 2032 13 0.0786 501 594 626 752 0 0.0591 697 665 1367 1391 4 0.0519 159 1386 832 1897
d4wbtmKwMDbkrBUWvaDWl7LC92sYsamV,8 0.0558 416 1169 505 1302
gcDzHK8uOQKbEqOx7Ds05Y0JreiOgqgI,0 0.2517 950 1136 1303 1526 0 0.1235 848 0 1505 409 11 0.0523 693 678 917 758
e3l2DM0Ht466QyfnJKfXUL1CaoRTmXgN,11 0.1365 1395 357 1675 744 7 0.1247 1415 335 1678 741
WT1eKjHB3nVK70ixx3WFnveCxrBjtqwp,10 0.1029 286 2409 397 2560
p9V0n1p9t8DUNX6qvw7HFfHb1sEaxebf,11 0.1268 1075 272 1315 326
vLep8WDFO9BRBJl1ttQYrrYOfoT5ep4L,2 0.8782 571 860 750 1021 0 0.8718 1304 882 1629 1197 8 0.8526 687 967 752 1011 8 0.8384 568 855 698 978 9 0.6408 443 1188 644 1261 13 0.5736 565 851 703 990 10 0.4496 191 2094 299 2328 7 0.4287 465 1185 660 1275 2 0.3560 2075 944 2240 1124 13 0.3366 460 1175 672 1280 8 0.2759 459 1188 557 1256 2 0.2525 555 861 690 987 11 0.2517 619 492 934 637 8 0.1827 472 1186 646 1270 9 0.1787 1479 1767 2491 2399 2 0.1596 531 827 868 1079 8 0.1240 572 868 748 1019 3 0.1230 765 1596 2058 2133 2 0.1145 435 1170 661 1274 9 0.1036 565 861 695 985 8 0.0797 2070 954 2226 1116 8 0.0748 774 1275 816 1313 9 0.0636 680 965 750 1013
3gYpeOI3IhBgb47VGEnCXgADhZqZEJbE,11 0.4303 729 340 1299 560 11 0.1688 846 349 1264 497
1QrdnnDTcDJaGxujXUytgt6Tpd6hB8go,9 0.1091 1215 42 1961 430
VzGjmalsNFYIr1XvW3gPwgIaQXzt73Yv,3 0.1812 95 1690 1994 2410 0 0.1088 874 570 1247 1006 3 0.1087 766 1195 1605 1453 11 0.0641 1259 237 1474 322
YIElAS6BxGSZ3xva4fy5kbKELWsCTTpG,3 0.9319 1240 1484 2265 1882 0 0.2436 1564 844 1820 1107 0 0.0666 1393 841 1818 1186
dX5UjiD3O2etfnPCtvwiWsoUja2ykvwe,10 0.2770 1676 1766 1758 1894
WpD7Uo0qpqFtV2WZNPb8RWJY610qlTsc,14 1.0 0 0 1 1
rlC2WrbWVkUwuandmk5KkXoblg6KjEQA,14 1.0 0 0 1 1
wXRVUr2YbOGuVsOgdJw7uH8ZxSSTV7iw,0 0.9696 1035 748 1336 1161 3 0.9318 756 1494 1738 2155 2 0.8187 1872 1825 2004 2023 9 0.7760 1508 861 1749 1083 10 0.6493 1776 1823 1993 2119 5 0.6334 142 585 926 1964 7 0.3197 161 529 845 1786 11 0.3042 1814 1843 2023 2132 9 0.2247 936 195 1970 2288 10 0.2029 1636 1816 2003 2173 7 0.1811 1486 1647 1943 1973 9 0.1539 168 164 1939 2638 10 0.1496 1527 1683 2018 2347 9 0.1442 772 409 1517 2413 6 0.1406 1181 501 1928 1817 10 0.1362 1608 1626 2027 2108 3 0.1332 803 1676 1823 2424 5 0.1183 409 1505 826 1882 8 0.1162 81 465 889 1942 9 0.1124 540 1934 651 2047 6 0.1059 454 1488 836 1884 7 0.0960 1521 893 1693 1080 2 0.0937 535 1942 656 2055 7 0.0905 1342 1426 1989 2060 7 0.0863 444 1523 826 1881 6 0.0835 1305 663 1856 1442 11 0.0821 1838 1720 2014 2070 9 0.0710 127 1798 862 2478 11 0.0702 1243 405 1594 518 6 0.0688 148 561 948 1957 7 0.0679 76 378 1744 2409 7 0.0658 1074 436 1991 2137 10 0.0656 1822 1764 2017 2058 10 0.0591 1116 1332 2043 2609 9 0.0543 796 552 1254 2120 9 0.0531 912 370 1156 951 9 0.0515 53 430 789 1842 7 0.0513 1476 1799 1978 2241
UN7xiHpUAX73aWgzVm0LXXfncDUVORiw,3 0.3882 753 1354 1628 1637
Ayt2hHfX4dncyTCJAIlgnmlJSu3YKOgW,0 0.9747 1359 768 1680 1071 13 0.7429 2116 1390 2253 1477 11 0.3821 1494 316 1771 415 11 0.1394 698 323 1109 513 11 0.0893 926 322 1112 395 8 0.0578 1715 1270 1871 1446
0I5zyOIgMWYBYDEzseuSP0sng1wcYjeR,0 0.8832 1319 965 1721 1457 5 0.8127 1768 670 2258 1463 11 0.2954 900 436 1143 506 11 0.1425 835 454 1151 526 11 0.1000 1561 442 1787 535
2soACMR7g0gEEvhAWEBGTkvE5Ey1XYVz,14 1.0 0 0 1 1
UljOcB99zdVK4aavoZcWiVq3p8DUfyC7,14 1.0 0 0 1 1
m0GkqYkGbpFnw7sxxtAGyGjuEcooN8Bs,0 0.3974 1069 565 1314 849 11 0.0839 443 332 691 547
z2YWGavDrk8dbGo6n5LDtYQBluGWpspW,3 0.7835 917 1758 1947 2165 0 0.4390 1231 853 1559 1208 9 0.1551 1043 652 1316 1219
Lp4FlZlbcXJhQgFjcdP0behAbh6aZNYk,3 0.2878 618 1400 1390 1729 7 0.0926 39 902 557 1819 9 0.0658 1658 769 1927 1264
I7EMtUFYt1373Al0SZJr5YwULJ3OXEkk,14 1.0 0 0 1 1
JkzSkFUx4pOFQYP8cHRSyfo3RbfLMdj9,0 0.2351 985 0 1542 324 0 0.1434 776 853 1316 1369 9 0.1181 195 1618 849 2373 3 0.1093 697 1566 1563 1798
JrF9N2uclj7mjDSoYNhSpHRTs2Gvp4F6,0 0.9937 1406 766 1704 1074 3 0.9072 1147 1353 1959 1742 13 0.6581 1913 1337 2190 1549 2 0.3778 1502 941 1578 1015 13 0.2694 2004 1363 2174 1504 13 0.1548 1832 1297 2166 1627 6 0.1244 664 1364 1103 1557 13 0.0854 679 1409 989 1543 5 0.0780 665 1316 1072 1571
1vpq2zUv8k1xMBEvzaYQ82EHHUhZwUom,0 0.0754 1182 919 1435 1182 10 0.0730 213 2412 303 2550
zxCwOtAINzbYU681ZHjc8GZvtOz9ErEr,14 1.0 0 0 1 1
9khQJK6t0PuMfuz7iw6jOfgaH2nXY4YJ,3 0.9485 997 1437 2116 1856
U7NSgVNxbbrOPhwrDzvo2l7QW2jJzxnx,11 0.8958 1420 602 1667 701 11 0.0965 1480 596 1630 674
JPPnMVUog5MMjMFGIwImosYXpnukhTXp,5 0.7790 293 1116 1052 2331 0 0.6433 1474 958 1842 1321 3 0.4909 1011 1794 2359 2355 11 0.4564 896 535 1230 686 7 0.2440 781 510 1259 813 11 0.1281 864 550 1291 780 9 0.0861 240 2105 935 2468
trynp5nJJXdlM7gei6aVyxuwo7C0CLM0,8 0.0552 1061 2541 1216 2656
Wjfuh51XNNfyKQH7A7TwbMaHnojPep2z,14 1.0 0 0 1 1
KhmlyT3df8x9cvSk8ruJBZtTgvr1r8lv,11 0.6684 703 380 1069 488
L2pUA3H717bjNDG29XA1IDMYkGoMqpMb,8 0.7313 1367 492 1431 581 7 0.6201 1365 481 1439 588 13 0.5909 1357 473 1457 610 6 0.4641 1347 450 1501 732 6 0.4056 1348 460 1473 625 9 0.3902 282 845 338 912 6 0.1884 1180 384 1515 842 13 0.1733 1343 476 1484 685 9 0.1490 1373 493 1427 580 13 0.1334 1368 486 1438 581 9 0.0633 51 1334 838 2402 13 0.0590 1188 443 1524 801
coqihgi4kLVa7GHfNIjbjFaxpa2COYgI,3 0.5057 736 1533 1521 1818 9 0.0649 0 772 626 2319 9 0.0628 80 1416 799 2409
CWDeH0NFfsEkINHfaTP84QL6XAyqQ16b,5 0.3967 978 411 1379 1218
lUQabHKJGrITXi9khW2TtBIvMq8ARmCz,14 1.0 0 0 1 1
YdLHPtXe8AoyQ36UjAtnsmhk5XLQd6WB,14 1.0 0 0 1 1
zgIT1VHNRGTtyLWEwglsZVVdmqjoaLEg,8 0.2121 1946 1204 2038 1274
z81vHi3fdNt6jHQUF9dggDOANLLPqLbg,14 1.0 0 0 1 1
tybOMt7vUqihPS8BLNOKqeIXcc5zBWQI,14 1.0 0 0 1 1
5CQyeEknXpiEKH1gojF0Ui10xAzR9UQ6,14 1.0 0 0 1 1
FPX8m4QYU0p0ZUdHe5la5ccTOhGt9CKy,7 0.1979 1285 353 1538 830 5 0.1024 1693 778 2185 1621
q6nVjXvhWYhCRijk0d0kJx3vdTDMSgA3,11 0.7744 1108 415 1439 520 11 0.6595 1042 421 1505 585 0 0.1042 1709 799 2031 1148
bYTzQXrQzMpbeJioder7hhTwfmUgk3xq,11 0.0970 876 216 1112 277 11 0.0551 853 233 1046 295
vJNImixGbRHEW2GXMdB7SqRynTCnITVj,11 0.7749 1383 431 1768 571 11 0.1169 1456 414 1862 668 11 0.0911 1622 452 1931 697 11 0.0578 1441 469 1695 531 13 0.0560 1407 514 1683 933
JAZkPmOX1MBKojx2MgImrwZ4t4JrseEz,0 0.5700 1242 702 1528 1029 11 0.2793 599 384 811 528 11 0.2047 639 355 862 492 10 0.0721 288 2169 419 2345
YxAaJUKSsAPxaymH01NBbR60kcOmbyUO,0 0.3341 1324 835 1710 1328 11 0.0616 1472 336 1768 442
CyGRGYxF21WioR59czeASxoEpqACl0ka,12 0.2127 276 0 1281 2053 7 0.1515 490 641 1143 1896
cOBFVqpbMZLG4GTVxFdebcWYGELdjpkc,9 0.1838 2236 2660 2589 2994 13 0.0518 2084 479 2267 659
2YkQGkX22CJBJ1G0pqIZFUD8uUYf9r6a,14 1.0 0 0 1 1
LDX4w2TpnNVJOsMJKJXPj2dVNgYadVoY,0 0.9983 962 436 1236 740 3 0.9974 603 1219 1567 1598 11 0.1318 534 248 694 289 13 0.0730 436 1361 520 1537 11 0.0600 498 243 689 308
ko5iSQKBmbOjg2PjJP2CLEieqfLzXgPT,7 0.1247 1392 330 1805 612 9 0.0976 1 985 91 1267
5ByzvIXrZBmiLoia1H6JSisTPLB1SjTA,11 0.5474 617 229 816 280
TgnkbZWk1KOuwRCoZ2i5I641ILoR1dOg,14 1.0 0 0 1 1
Hd03iwJPUCxuTR9tkNPxcFUSVLH4rOuH,0 0.3403 1391 762 1688 1108
kNNgtAKzEfoYBfkp6GC0bEoDEYTyFyO9,8 0.9676 2471 2448 2696 2660 11 0.9162 793 852 1022 1055 0 0.6623 1590 1174 1954 1541 4 0.1328 2448 2404 2745 2706 7 0.1175 2452 2412 2708 2638 1 0.1063 2437 2423 2730 2678 6 0.0898 2473 2399 2721 2651 9 0.0848 2525 2412 2751 2660 3 0.0594 1275 2161 2452 2620 13 0.0591 2465 2410 2760 2671 10 0.0531 2528 2387 2764 2676 11 0.0520 1740 726 1990 820 11 0.0504 2526 2405 2754 2665
YublContO7DFBgi2w12aGbrPcxsqLeMW,14 1.0 0 0 1 1
HHnMIVr5pGwYRiGw2iCd7L085tS17gZj,3 0.8415 744 1173 1577 1516 3 0.1555 43 1732 1953 2406 9 0.0795 44 1227 1354 2407 0 0.0705 1765 358 1993 696 9 0.0678 130 1249 828 1807 9 0.0583 25 1096 693 2243 8 0.0555 1747 302 1985 803
L2SKaRgk1dZfVfbMCU4vFmSbap1pgSIV,11 0.2024 1997 538 2259 601 10 0.0963 2704 2255 2844 2466
O2PixvTIeT5RJnuuxxwNOJGczYONtZfu,5 0.4504 107 524 1076 2212 5 0.3477 1425 863 2144 1955 3 0.1073 899 1481 1958 1961
QCB5Xy2zDnehAGzMV97m8nlLChHdzYSC,14 1.0 0 0 1 1
ET7wCCbKjqKW3ZEab9pVFMlN8CUwQ1oo,14 1.0 0 0 1 1
D3HL0Agy6C7Nphu3aWkln83aBebrAnEn,0 0.9022 1662 660 1971 997 3 0.8685 1289 1457 2479 1809 11 0.4704 1047 297 1465 387 11 0.3365 926 316 1166 477
UHE4nTYnMm5TQbUGsRktEFzk2POE52cA,7 0.0858 1713 797 1992 1546 5 0.0735 1693 869 1975 1495 9 0.0667 1686 810 1972 1466 2 0.0579 1664 927 1982 1296 13 0.0558 1677 929 1969 1294
8Q8fPobVc11InzzHAKDfjH2emkfnEdnC,3 0.0884 1282 1420 2195 1890 8 0.0573 2482 1744 2583 1866
fr8lrN3vMP7P9IecYrKi7BBUCDpnxqcD,3 0.7124 1244 1250 2256 1646
FAZpRuDk9OMpgpn6BiXtZFrTH2RjBJ9w,0 0.9927 1143 929 1380 1224 3 0.2175 777 1618 1674 2089
HMHkH6Ry0wTHAA69H2abdxXlHWlchJNU,14 1.0 0 0 1 1
79BA1qGBCbaJ4TbOZlRjamVol2JoVeeO,0 0.3763 1006 816 1211 1052 7 0.3430 69 662 862 1854 9 0.1943 7 526 896 1837
wT9uWXNpEeCJnNLJlAeRohBeXJVyKNCr,13 0.3378 567 1297 694 1348
eXritBJPRNuMzyhMSV5jA9ShuPYXU9EV,0 0.9955 1154 717 1469 1114 13 0.9672 407 1303 664 1456 11 0.7610 1267 389 1549 479 10 0.7118 1777 1891 1877 2072 13 0.7067 429 1322 612 1414 3 0.4820 820 1519 1686 1899 13 0.0502 449 1319 707 1515
L65aD0S3wJ8fe30qUdkV4Mp7ZMAcOgqE,2 0.9925 314 1526 384 1597 3 0.9826 785 1487 1925 1895 11 0.8604 542 428 1019 602 0 0.7998 1153 856 1445 1164 2 0.2652 295 1512 412 1605 11 0.2568 625 435 941 542 8 0.2044 322 1534 382 1585 11 0.1646 687 445 918 508 0 0.1423 933 840 1459 1233 2 0.0847 325 1554 377 1628
lqYNSIhZY1dAoLL9Im4ZqloNgDKnzWj9,0 0.9367 1208 974 1470 1294 3 0.9160 827 1492 1691 1962 7 0.8182 1458 1384 1936 1995 2 0.3684 484 1762 515 1802 8 0.3098 880 1495 1019 1666 6 0.1661 1468 1353 1940 2004 9 0.1035 1932 1327 2104 2012 13 0.0987 1551 1348 1862 1493 8 0.0949 1282 1378 1717 1936 7 0.0622 819 1372 1072 1692 10 0.0610 1856 1986 1928 2100 9 0.0533 1407 1282 2067 1958
IU7Jx3HMrFCGa3jCsxhPoLJcyPld3ASV,14 1.0 0 0 1 1
9MLpTcB9p4ZNC7vkf2T5ZjaMudeTB9hC,14 1.0 0 0 1 1
B4BoAXaSvmtn2dviQPqoWvPacSbF87fd,14 1.0 0 0 1 1
6pBY3qmJSoSJIiEbyyfF4kXyLo6hAtmY,14 1.0 0 0 1 1
Shi0XO9RjCJpCa7hvBpp2XsNYWseyK2E,3 0.3075 700 1297 1437 1768 13 0.0514 397 1120 558 1219
h6RrHckjMCl87NaZ4BCPp4kvnox4bNlj,0 0.9601 1226 1033 1453 1271 13 0.8691 1958 1950 2167 2034 13 0.8023 1828 1911 2163 2081 3 0.7293 778 1794 1890 2171 13 0.2984 2040 1959 2176 2019 6 0.0677 1792 1864 2134 2141
5Aw5ca6zWRkwndouf64kZ2mguvKwxxjk,3 0.5884 1173 1635 2485 2200 0 0.0688 1595 884 1920 1206
MciwVnR2VigUdkXb2jvkBHyyTX9mXGmm,11 0.5214 1057 511 1425 606 8 0.3758 1056 1165 1172 1257 11 0.1711 1001 516 1367 650
IOj2P2NhffEY0YqurfSvUx7DP3HDuOTY,9 0.1356 1932 1324 1981 1480
MZi2z5eYiZtlODNGMCuHXGFwHHLOSDR0,0 0.4776 1223 844 1535 1225 3 0.3676 862 1667 1818 2116
w8SkjgYKt3pV8MNxtI07vu5S5Z2xCKIx,14 1.0 0 0 1 1
yQ9cmiK9agFlrQD2pvxZ8lIoTTYnzSrT,3 0.0536 699 1012 1772 1479 5 0.0521 271 580 826 1334
I32afbg5sC6J0D5dTmjYV8jCEVPWxPDc,3 0.8791 797 1341 1905 1837 10 0.1365 175 1602 314 1930 10 0.1192 201 1652 292 1876
Y3p3082vV7rt4gpba2pLsh1TrDYCGfot,14 1.0 0 0 1 1
rmrbnwfiOIEXZJ86kBCMSqitDkynbEfJ,3 0.9873 744 1324 1638 1625 0 0.9814 1057 596 1362 952 11 0.4611 1170 288 1417 371 7 0.3546 1152 288 1385 561 0 0.3285 918 595 1354 1106 8 0.2684 325 1467 395 1527 11 0.2255 1148 277 1494 418 11 0.1832 612 331 864 412 7 0.1330 1143 274 1453 451 8 0.0584 1722 1368 1772 1421 11 0.0516 1208 302 1397 354
wpWaM70qvUkiKiKtGIIA3OIu67Kjoem3,14 1.0 0 0 1 1
B1pVOuQzKCZ6pDLcyz7ufVF4kAdpWuHc,14 1.0 0 0 1 1
oHVQkqhlGvLxr49hSL1EGUM7cM0MWxUc,3 0.1692 577 1364 1474 1882
mA6drCjXAfxayLy5heSUb1eZQeYYSq2U,0 0.9985 1399 642 1824 1200 8 0.9862 639 883 788 1019 11 0.9026 756 208 1165 350 9 0.4296 654 889 767 1023 13 0.3840 763 998 918 1065 11 0.3199 1665 174 2000 324 11 0.2510 669 183 1167 426 7 0.2411 1015 616 1320 1464 7 0.1754 237 823 1087 2047 2 0.1019 646 889 773 1022 11 0.0946 806 226 1113 307 3 0.0817 921 1620 2127 2123
LeIZQ276thZlZN8Y3tLdk2d4lwu5BmLD,0 0.9718 1333 786 1683 1155 11 0.2271 779 260 1131 362 11 0.1184 1625 268 1958 419
vvWaPy4K7EA8CdlGJi0RxriBc3Ki73au,13 0.3677 837 756 1067 986
62RujHjOd2YzpGEbBLWe9zyH3xR2N174,3 0.0828 792 1398 1579 1707 0 0.0705 1032 691 1280 979 0 0.0606 1034 1 1270 170
qOpQ1A4SdMPXdHsCWUg84ypft0LS07XO,3 0.9483 976 1444 1900 1908 0 0.9441 1297 828 1543 1106 9 0.4709 1044 748 1442 2061 7 0.1549 1765 1499 2025 1924 13 0.1242 1548 946 1842 1255 13 0.0763 1776 1149 1943 1297 6 0.0736 1793 1154 1944 1309
FMwCGfK0OguCB8nY229xrRrk33KbN8ao,0 0.6999 1021 787 1309 1104 11 0.2806 1187 495 1408 576 11 0.2303 750 483 901 544 10 0.2256 1837 2110 1889 2198 3 0.1861 681 1450 1677 1980 9 0.1459 0 532 1177 2027 9 0.0894 129 1792 805 2395 11 0.0664 1239 496 1414 548 12 0.0625 107 461 1031 2038 9 0.0510 29 446 817 1369
QN6wpISVCXa2ckqoAYXFzchbRP3nCp11,0 0.9987 1633 780 1996 1128 10 0.9924 1730 860 2861 2364 10 0.9675 252 2128 485 2428 10 0.8565 292 2070 1250 2463 13 0.8500 884 1388 1116 1471 10 0.6087 306 2216 441 2353 11 0.4637 273 2210 432 2347 11 0.4632 892 342 1331 464 11 0.4584 279 2116 398 2301 9 0.4170 250 1993 1242 2407 11 0.3657 260 2134 458 2397 3 0.2632 1035 1435 2764 2209 10 0.2483 273 2118 420 2315 11 0.1702 256 2062 431 2314 10 0.1555 331 2249 432 2326 7 0.1138 1987 1078 2559 1373 11 0.0898 324 2238 426 2323 10 0.0808 1789 971 2700 1838 9 0.0719 1713 907 2813 2441 7 0.0717 1944 986 2437 1260 1 0.0584 1823 1091 2800 2217 10 0.0570 263 2019 447 2356 10 0.0523 196 1903 451 2524
8evp5R0my3UaRIrLePYhAVLvXLgfpE13,3 0.9652 1307 1730 2546 2169 13 0.5742 2403 1941 2600 2051
E5vYvTLSHIzwT0IeC5YwjkQnz0DgES9u,14 1.0 0 0 1 1
gWGbXSOkPRVAmOTVym6HM1Cmj7Mgbvs7,3 0.7135 671 1232 1549 1699
vsKFQW6blFIIFeE884OgezFRfS2ECvVG,3 0.6980 693 1144 1634 1554 9 0.0854 87 312 848 1378 7 0.0821 92 345 828 1399 9 0.0726 17 1196 1904 2309 3 0.0610 0 1360 1906 2280 9 0.0538 1214 1060 1535 1436 0 0.0528 868 0 1337 105
Toa2Qvuu3Epo2WYxmiXCZ31nhT9DHsqo,11 0.1385 1554 458 1798 523
jxlOUQtaYtpSAR0vWYdS6wGQoJyzmAcx,3 0.7196 1167 1165 2334 1678 5 0.5522 1682 573 2404 1470 0 0.3150 1304 679 1890 1108 0 0.1739 1495 537 2059 1666 0 0.1629 1496 609 1811 974
6OReJ1YZ6V5kw0dVqcTTAoN1Rr8FOzgi,9 0.2588 40 1723 738 2343 9 0.0621 619 0 1034 191
yhv0o2Jl1OfbtAj5nE3m8AmCjsYuKcGN,0 0.8910 1552 815 1920 1205 11 0.7752 1899 417 2195 558 3 0.6457 1222 1546 2405 1947
7mjsXZGOyVa6l64sI6YNwgx51UySb2nw,14 1.0 0 0 1 1
AO18kng0ZQFrb7Tq9pXr2B3CFpgKiDVr,14 1.0 0 0 1 1
xIIKme8GmtsQEtrcuZLwR9c2BOrQU4b3,8 0.3503 1667 1192 1726 1249
Y5gv3WeK6YSR208kBvMKHAWzkbI2Tjgj,13 0.9763 1528 1449 1685 1511 13 0.8528 1512 1442 1721 1539 0 0.4149 1003 654 1242 905 11 0.3066 591 404 867 473 3 0.3020 700 1263 1535 1721 11 0.1707 1207 440 1389 484 13 0.0988 1574 1457 1733 1515 3 0.0978 722 1395 1532 1626 13 0.0633 1626 1504 1735 1611
TyhiVCWEqJLVN4kHtfJzl1Y8YMFOVnNj,3 0.9689 891 1383 1964 1904 0 0.6578 1341 596 1659 974 11 0.3534 903 145 1113 225 0 0.1848 1094 574 1661 1101 7 0.0732 441 1228 855 1898
cJ6D2YxEMnCRdbAUH0fHMuqSHGqBteB3,0 0.2449 1014 718 1217 945
IFi6KQ4Ncm14tz0TmcXqAGEJEt6LAj89,8 0.4126 418 1202 443 1229 8 0.1504 633 1476 662 1504 2 0.0617 402 1185 454 1235
A7kIVAD8EcOWQ7cm1W9jzpGmfGPulyl2,0 0.1605 1133 891 1422 1169 8 0.0730 360 1690 433 1773
0ZjwxTpKztHl3J5sneuV5YXcNDJUiZXO,14 1.0 0 0 1 1
Wgp2lIDk5I3nvvDUB96N1C5RYuzFLUVY,0 0.9986 1681 618 2041 1021 3 0.9884 1273 1442 2308 1851 8 0.1367 803 1751 888 1825 0 0.1204 1419 622 2022 1128 7 0.1036 790 1676 966 1839 2 0.0781 1579 160 1897 542 11 0.0752 1215 268 1411 300 0 0.0704 1686 611 1986 863
UQ1lZBOwelhArvazc9NqTPuzuPZylrDZ,0 0.9887 1344 444 1744 862 3 0.9860 910 1327 2145 1847 11 0.4755 756 17 1162 203 10 0.3106 168 1681 265 1839 10 0.2703 2064 1849 2265 2130 0 0.2447 1123 408 1760 953 11 0.1423 786 33 1107 150 2 0.1014 1590 605 1656 696 10 0.0911 2143 1828 2273 2080 10 0.0891 2073 1732 2333 2094
6kwAaHblENAU0yxgDyR9SIaMSDkdrDlO,10 0.1566 184 1998 256 2119
2ZflYcCFpZKrmyhZS8WSOEXVQqzj9Z4F,11 0.3554 520 194 771 292 7 0.2681 240 928 735 1538 8 0.1536 961 1721 988 1746 6 0.1263 248 900 740 1538 11 0.1052 1247 233 1442 330 8 0.0785 958 1681 983 1709 11 0.0593 540 205 721 262
vJ3bJBgeheuavAtyC1l98bqNuMAfFUYi,3 0.2458 888 1183 1690 1448 9 0.0807 1792 672 1985 1713 9 0.0746 0 770 414 2292
bkyb4SsZab8KrZ1DP6I6AKVz7SbaYhv0,3 0.1802 724 1305 1563 1631 9 0.1745 1667 553 1948 1259 7 0.0642 1677 589 1962 1322
tkWPEa21tUYHEW06McevJ7e51vt2lS4N,0 0.9975 1098 716 1395 1039 10 0.9965 268 604 1023 1882 7 0.9860 429 667 921 1232 3 0.9605 758 1205 1936 1927 13 0.3008 1732 1408 2070 1841 10 0.1606 328 443 987 1376 10 0.1413 304 951 898 1578 10 0.1402 1740 1402 2080 1930 9 0.0852 1126 726 1367 982 7 0.0832 423 948 900 1367 7 0.0736 277 512 1012 1617 12 0.0624 384 399 977 1104
zHEutlvxfDKcrV4ZzJTj20JEVOecmna9,3 0.9929 997 1257 2190 1715 0 0.9835 1331 604 1623 878 11 0.1201 775 322 1062 432
eaSjf0EWtT8Az2RX2a7wMDiftnlsOQad,0 0.9954 1691 695 2029 1058 3 0.9723 1281 1279 2421 1625 10 0.2004 2533 1439 2738 1728 10 0.1773 1760 1258 2862 2568 10 0.0962 2123 1475 2792 1950 7 0.0593 2111 1435 2758 1785 10 0.0558 2480 1467 2785 1828
xRcXWPAPWDOb2HDFOKTsL6rQneZaX1CS,3 0.9877 861 1366 1814 1862 0 0.9322 1153 636 1411 940 11 0.2574 638 327 956 408 11 0.2219 1369 320 1675 423
pBbRTuAHRrdiW76WB4BiPod0Pnreecan,10 0.5282 2355 2336 2481 2588 7 0.0552 318 765 1137 2132
yh5yqQGo5FoBBs6zyI3EoFadCGIuXWIH,14 1.0 0 0 1 1
vYSJ2OHqNBmtslSQF2NIhKVgdYPwwcnX,10 0.2689 27 2045 111 2142 0 0.0877 1000 704 1202 918
TGad1Bao1vZFrq9baxZgTzBCKNdxOAPT,0 0.7660 1096 702 1340 948 3 0.5722 816 1461 1603 1868
W3Fj5RC9Fy18NtUk87sordfg8eIhOk4W,0 0.8320 1508 940 1817 1264 13 0.0600 2065 977 2281 1057
qSt3u56tR30w1bRjtDulkin4ooooz0w1,14 1.0 0 0 1 1
J5hhyBnubiF4lWysNSzfnWtqlHoxmPtn,13 0.0769 535 1637 817 1763
vcPwSrVWLRd2eBteobdHE4Fc1c9he04l,14 1.0 0 0 1 1
fol0pW6z0mTgsmMSIy8wr1WAzrQQbLcD,14 1.0 0 0 1 1
1Fxm2Uj3hTjqnAh7gX7LMJjaGAQ3QZ3X,14 1.0 0 0 1 1
oKPw5FfaGDYdLAFd8W1cZ8Az8bypWZJt,3 0.3666 817 1340 1688 1676 11 0.1418 1170 424 1345 600
YmD85CcUMi8YtpdbMz9Bprla8nUL4cqw,14 1.0 0 0 1 1
8YS5d4xA5PL1YKlrTXkfHn4rcIJ261mY,14 1.0 0 0 1 1
Eu7Nu8pYWpQncaxgDaPaE66woRBTmHSO,9 0.2496 204 15 1151 594 8 0.2153 553 1825 667 1942 8 0.0855 811 1010 1057 1183
lRFRQD86hXgDZtfzfzod7C7PBgWpSNnn,14 1.0 0 0 1 1
johgaMHgVf0IqDC3Rr78BXSiarJf9PUg,14 1.0 0 0 1 1
jp7PQYqxNsz8UggiaL29zMA6M7ECxl36,0 0.9640 1390 871 1649 1133 3 0.7871 1066 1558 2087 2029 11 0.5497 817 503 1141 579 7 0.3582 1946 1667 2268 2105 2 0.2480 1503 989 1614 1100 11 0.0817 896 512 1123 564 7 0.0789 394 1274 934 2274 2 0.0675 1482 945 1631 1125
wNvACBcJjAwwd39DyKYMMcRbhw7kZRKY,11 0.9311 1067 730 1296 814 3 0.2686 669 1610 1553 1963 0 0.1809 968 1026 1221 1312 11 0.1138 1110 735 1268 794
pJX5ohmvruBfjNkr2vh7E979FMmDBzgs,14 1.0 0 0 1 1
itjj9TXQajBzppP7ECsD4TfXZs3dYPm2,3 0.9883 690 1294 1537 1732 0 0.9557 1076 519 1320 819 10 0.7301 1469 1794 1537 1924 0 0.7248 795 524 1271 1228 10 0.2660 281 1548 368 1676 7 0.1532 311 1232 737 1726 7 0.1421 523 1289 708 1508 10 0.1020 273 1486 429 1746 8 0.0796 541 1319 694 1490 11 0.0773 1475 1820 1539 1929 8 0.0642 408 1349 494 1412 11 0.0558 1279 273 1478 386 10 0.0509 278 1311 476 1808
4wjHaHedHDTOxxMXTkYss0S0y2AmqkhS,14 1.0 0 0 1 1
s6YLTyOW1TOEW1f09f8C53aToeb5v3Zy,14 1.0 0 0 1 1
dJE70U97DqWfd6JpAD9iLMxK3qsyT9rY,0 0.9930 1409 563 1746 967 3 0.9461 1004 1383 2129 1786 0 0.9346 1074 541 1737 1295
JKIIFdkgYv4dptNnUcI15WidixNEFnw2,8 0.8886 722 1094 865 1308 0 0.8254 1031 810 1270 1057 13 0.6918 1636 1906 1720 1964 0 0.6063 735 802 1279 1382 7 0.3593 1129 1083 1351 1384 3 0.3354 688 1581 1532 2060 8 0.2725 1132 1091 1348 1376 7 0.2439 707 1064 868 1316 7 0.2052 1630 1583 1717 1676 11 0.1583 655 437 862 527 8 0.1060 1494 1644 1550 1709 9 0.0682 706 1065 839 1321
mD4z19xRj4hedykaWcCbckCj5cgKNBQs,0 0.9660 1660 906 1996 1217 8 0.9121 2462 1308 2514 1361 11 0.3123 1066 388 1492 527 2 0.2656 2392 1239 2591 1395 13 0.2421 2321 1129 2660 1412 2 0.1743 2310 1132 2648 1410 11 0.1266 2331 1167 2640 1401 10 0.1162 2719 2536 2926 2792 8 0.0839 2280 1140 2701 1446 2 0.0823 2446 1286 2590 1375
dUjaQ65RQdl8BZHrWhTyrrOFlNI8RRrl,3 0.7794 1273 1545 2247 1971 5 0.1116 593 920 1347 1894 0 0.0630 1596 869 1917 1233
E7FbITnCCWtMFttGDLKnDWQbvmIi1jd7,3 0.7724 783 1151 1862 1714 9 0.1170 0 62 147 238
voNrViPDeCgo4mwskympQ13hV4SSGYMQ,9 0.2252 49 453 895 1392
ydcSc7AX20kdx3druATQKDEUSacd5F3h,3 0.9742 1115 978 1858 1293 7 0.1162 1623 459 1732 563 8 0.0864 1634 461 1731 544 9 0.0768 1093 896 1234 1164
mmk41pNMonUy8MXJ4zDOAxYE4lH7IM0H,10 0.5720 83 2121 169 2260 11 0.0805 83 2122 178 2282 0 0.0577 903 4 1356 161 9 0.0560 126 1819 839 2416 3 0.0542 685 1455 1542 1983
wtQMaNjw3KBUtDJDk8lD4whbOA9KMGCu,8 0.3335 434 949 559 1061 7 0.2710 258 841 677 1505 3 0.0947 728 1297 1479 1562
yte1MNxCzEW60X8P7F81xju8LVErPuXM,3 0.9906 902 1674 2057 2102 0 0.8607 1268 791 1629 1159 0 0.6352 1068 754 1660 1239 2 0.4384 1367 802 1558 1013 9 0.4253 385 1158 441 1234 2 0.3911 1401 820 1520 884 2 0.2462 1453 957 1573 1109 5 0.1586 267 1528 788 2073 2 0.1083 1403 832 1586 1079
2EafmMJvwxaOMIRdXiMJg3TJyXkZPWwo,14 1.0 0 0 1 1
7zluaphuRftB2jYPmDVhLVKVV6e2pG96,14 1.0 0 0 1 1
MIaRm177M6P0TfmklVr05ANV6dmTw35F,3 0.9980 810 1667 1964 2221 0 0.9960 1222 774 1529 1137 11 0.6470 1608 463 1903 769 11 0.1080 1561 424 1856 671
UieTd8N0U1xXU952gh0lyVb8RWENmFkK,8 0.7670 2344 2074 2455 2162 7 0.3375 2336 2070 2461 2164
VYvAYpMGYlrmpTKwMRLUA85LNMFP4gEB,11 0.8853 1559 400 1713 549
2Fy4nWvU50e82rWKho6bkrkgXi25Qgiq,11 0.2698 590 4 929 137 11 0.1304 661 6 900 64 11 0.0726 1327 5 1695 90 8 0.0509 355 1464 490 1588 11 0.0501 679 2 956 34
6Y3g4Y9dTisDALbZvOd9Ho7jut1ffdUL,14 1.0 0 0 1 1
8f40juywUh3udRrNaqUgLSdmR4MbFoFF,3 0.9803 748 1331 1638 1796 0 0.8058 976 679 1208 924 13 0.3808 322 741 581 1021 10 0.3329 1739 1836 1793 1941 9 0.1814 294 1622 795 1899 13 0.1072 280 1624 519 1834 9 0.0759 416 1629 729 1814 10 0.0645 249 2003 338 2123 5 0.0520 192 563 747 1846
FmveCik3MBP1ag5IxeEuuxqaLZWdS3I5,0 0.2317 934 678 1128 884 3 0.0976 644 1051 1478 1433
1L6L02sEAfL9w9fLpKEuXNSlEjkzFe3F,11 0.1674 1542 431 1887 526
jMSSJsg3zBbSj6ukjHRAZGcxzxW7B5Po,11 0.5099 1587 320 1790 397 13 0.4561 362 1193 590 1255 0 0.3351 1342 843 1646 1131 9 0.0921 1 9 277 204 11 0.0908 783 302 1091 397 11 0.0871 1528 300 1821 413 13 0.0793 337 1177 635 1281 9 0.0555 0 44 200 176
rZwYsfkRRzoztw6evd5mCIFmwvE5vFRZ,0 0.3301 738 732 1218 1232 3 0.1806 688 1437 1408 1746 11 0.1396 625 480 841 540
VgXb7xePJNw15sbtdsTT97F4QLKSHfDt,0 0.8139 1087 555 1395 954 3 0.2071 694 1214 1732 1642 0 0.1618 813 565 1428 1125
wzjA33PvHSFPvdSAobZG8PggygXdd4Wj,13 0.1213 1503 379 1692 597
FNp2ZH36PF3zjNdv0dENnOJoBgDpvEKF,0 0.9160 1275 723 1584 1021 9 0.1348 85 7 470 162 3 0.1127 852 1452 1887 1974
IojVwIM4LzdKkjXS9yLYtMD0ecqbTnSa,8 0.0607 1012 1298 1161 1407
n4PKl3V4PDccRmwFWWFfyTWoErzF8bAL,0 0.7728 1334 679 1606 995
h3Hs5uTyGC7qbRUYO78RyODDK1hbzlC4,14 1.0 0 0 1 1
I1zdXcpE1LWQcSkvPe2b4RIChiB98uDK,0 0.2981 942 772 1168 1023 11 0.0681 1099 462 1367 559 3 0.0553 701 1456 1441 1731 8 0.0527 618 1365 706 1478
1b5SEsRwETbeH5qf4INcuclj9zeq0RI7,14 1.0 0 0 1 1
spshFz93oT08GsXakODUlaRR6Jw9PV8D,11 0.0627 851 494 1171 587 13 0.0574 2207 854 2399 1163
ENjb6QGhaORTkpqb5pMM98rdZJm5Nlkr,14 1.0 0 0 1 1
xAEsoxaJ2Pmd6U43NaNYZclOQNEXpHjc,13 0.2760 608 1004 989 1207 11 0.0881 1067 220 1260 260 5 0.0808 1878 945 2455 1941
wuDFdz7qmveQgrqEo06aD9J8cAUTVW5U,0 0.9987 1804 322 2126 655 3 0.9859 1340 1049 2284 1376 11 0.9607 1430 121 1664 218 10 0.9533 2378 1223 2530 1469 8 0.8924 1059 2698 1132 2760 5 0.8634 1036 246 1546 1345 9 0.6953 808 1995 925 2211 5 0.6601 2010 839 2467 1332 11 0.5311 909 1157 1077 1469 6 0.5003 1054 536 1649 1337 10 0.3405 916 1154 1068 1463 11 0.2724 1507 129 1667 250 2 0.2156 1922 405 2058 548 11 0.2110 2343 1218 2524 1555 9 0.2038 1526 74 1989 1292 10 0.1942 2412 1168 2584 1465 11 0.1694 1419 125 1638 180 10 0.1447 2296 1185 2543 1539 9 0.1415 788 2473 1210 2870 9 0.1274 463 2460 1176 3062 9 0.1221 1400 328 1825 1316 7 0.1211 1020 954 1376 1291 11 0.1172 1192 172 1428 355 7 0.1055 2109 915 2501 1339 11 0.0942 1961 201 2111 286 8 0.0861 1312 1086 1566 1290 13 0.0817 1044 961 1178 1056 9 0.0764 2380 1272 2563 1534 0 0.0677 1554 319 2154 809 9 0.0597 1608 348 1800 826
GfppFWOxLwc9LVq45RE716kwjngf8B9f,0 0.9463 1151 801 1435 1127 11 0.1784 551 549 726 660 9 0.0762 1270 1028 1457 1586
lG1nigpPHFNWNMFyQxun8NuWoRPuQC2Z,0 0.9430 1087 977 1346 1276
8LJDcKO4NN0oluxVCLXrb3lAkudT7g0F,8 0.1356 1161 862 1203 900
gFW9wzepTeCPolBPQOINLGPWJS9FmqFf,13 0.8883 1211 649 1417 1018 7 0.2829 1217 670 1428 1056 6 0.1178 1204 645 1448 1051 13 0.0650 1250 663 1392 930 11 0.0537 1201 617 1458 686
q2BCVlYDnwGEI9b34VhNFQFliydj9NrM,3 0.3892 760 918 1500 1261 0 0.3637 925 0 1229 143 9 0.0531 194 1167 1455 2404
BUHnoitCIPcr5mFFbUKjOsYyBrZWhGZq,14 1.0 0 0 1 1
73wZY7ybHAjELnBqcvedTIG4cHyLzqpc,11 0.2234 644 729 832 775 3 0.2145 728 1701 1464 1979 11 0.1305 586 701 850 785 9 0.0688 40 192 694 643
lpGkLGD5ZQFUib6S64L553AN0i9RacV2,11 0.1255 879 387 1173 550
xEgumxDSRFzjH31HDks3XAeRdSY4a5ZI,14 1.0 0 0 1 1
q3rFskrjdJh244TScOvWcZDtkYAvj0me,14 1.0 0 0 1 1
GP56Y2hIzgu1aLy6PxHDEk6gUgSGcDWo,7 0.0953 16 341 604 1508 7 0.0630 1574 780 1769 1218
BlL3GrBiJVZr5P14ZeFzsX7VxWdcPzLK,8 0.1895 783 887 820 947 11 0.0547 1464 484 1680 563
E18p84mxO0qBfvV8P41sFn0lYC41VImp,14 1.0 0 0 1 1
NGCUWmVqbllZeS4VYMIYB9LExIKijUkw,11 0.3061 587 108 758 164 11 0.1919 562 93 790 181 11 0.0582 965 100 1058 228
T3ltJKM6tjzISUx6kvKsz36RdFq56AtN,9 0.0576 0 1352 193 2192
wQ3BTt5I3huUhJNaHPPPdmGEvw3V6yiv,0 0.9972 1377 467 1715 863 3 0.9917 892 1152 2121 1700 10 0.4613 340 1259 500 1571 3 0.3756 975 1313 2243 2052 9 0.3396 1407 456 1703 805 7 0.3301 215 1275 1161 2085 10 0.2678 176 1214 1222 2162 3 0.1895 892 1131 1919 1470 4 0.1382 254 1250 1148 2047 10 0.0891 2113 1367 2250 1586 7 0.0780 352 1285 994 1812 10 0.0694 378 1292 486 1485 9 0.0528 274 1299 1069 2021 10 0.0521 302 1347 1066 1834 10 0.0514 323 1200 570 1614
2ssd8IGet6M6D3nLXZEGXG2WcN7sDkRJ,9 0.1716 19 676 474 2363 9 0.1082 43 981 856 2339 3 0.1072 73 1370 1994 2336 9 0.0960 154 1163 1959 2316 3 0.0672 757 1017 1651 1470
YR5APG1H71bfXUyYViLfeDpLv6700zaJ,10 0.8161 676 2060 775 2207 13 0.3422 2234 1795 2483 1908 10 0.1005 652 2000 785 2228
U3x67lJud6EynAyXnssR4GKLlh6i2iBt,3 0.6025 790 1338 1622 1795 10 0.0887 1740 1829 1810 1969 0 0.0833 1000 624 1209 855
yCMUmyftc7GsyqcMVvN0c7PrFFBCF432,3 0.8869 859 1386 1982 1802 5 0.7221 1497 530 2359 1862 0 0.6649 987 608 1709 1084 5 0.6623 1752 834 2281 1777 0 0.5183 1313 641 1713 1047 5 0.2682 170 299 1173 1943 9 0.2353 2 2057 16 2587 5 0.1687 1708 1334 2366 1800
o4AWfMPSk688VI1zIbI1YqpqDuRvg4nq,9 0.6419 80 1568 865 2092 0 0.5030 1044 665 1341 962 11 0.0737 464 345 730 461 10 0.0518 76 1964 181 2109
ValC8sVq0LuhUJ24G4K6fwM1CUiXNxna,7 0.9046 679 758 1286 1720 10 0.7523 1362 300 2757 3103 1 0.7066 599 627 1319 1908 4 0.5517 669 750 1245 1765 3 0.3923 635 939 1898 1885 1 0.3516 1204 346 2853 3126 8 0.3080 466 914 626 1042 9 0.2956 1437 231 2780 3108 9 0.2056 715 512 1317 1744 8 0.1799 412 1419 492 1494 7 0.1529 1293 287 2810 3260 7 0.1445 454 901 638 1054 13 0.1180 265 1427 607 1647 7 0.0793 457 796 1138 1910 9 0.0727 750 592 1217 1341 9 0.0655 909 554 1477 1636 12 0.0638 1522 333 2346 927 9 0.0634 1106 380 1691 1711 6 0.0587 517 766 1162 1754 8 0.0558 581 727 1298 1724
4CiSCzJPb88bgM7MnV2sm8jKXjpg1TqQ,8 0.0564 1528 2441 1645 2587
ebV9HIzHxMivV8waolS85Sg1Ci5aIyQX,14 1.0 0 0 1 1
e4RAGqiHLUleyMcO2DfkpiMeX7FZwvEB,10 0.0929 1688 2046 1764 2172 11 0.0879 1676 2034 1766 2192
WNnttxgyofEOnYIywylRWQczdFWvUvlM,8 0.7342 363 1246 461 1335 0 0.2208 824 0 1251 264 7 0.0915 188 968 620 1933 13 0.0521 354 1584 589 1755
pjuMPtoHtUt9l64uE7iodBX0OjAjm1O6,14 1.0 0 0 1 1
hu6z9sCbONjovk2s9UoPdudAGw2tjUGH,14 1.0 0 0 1 1
8qFYZzOr9c1mRgALjEUcFfsTdJqY02JH,3 0.2239 815 1263 1981 1751
S8zgltrNdMGDdWJHJUgvPwyiS7g5Serv,14 1.0 0 0 1 1
BZynfNoea1B9q4PiAR7aVxIyuZwmlcQz,0 0.5856 977 628 1209 906 0 0.3355 708 611 1213 1131 11 0.2475 1074 330 1351 407 3 0.1410 32 1646 1863 2410
0HZ2VZOURao4ilxaAnANmMVLun3scedE,14 1.0 0 0 1 1
pO3j6K66x9XGJW3Fy0cOcSBQRZ8BlN4B,14 1.0 0 0 1 1
MgIomxifp2e0KqJ6sgJ1ZK4nJsvSaRfd,0 0.9993 1660 623 1927 919 3 0.9948 1286 1205 2236 1509 10 0.5141 681 1347 823 1618 9 0.4990 776 1301 1186 1496 11 0.4175 675 1340 811 1573 10 0.0732 693 1374 792 1568 7 0.0695 2007 1139 2413 1465 10 0.0660 2431 1404 2594 1675 9 0.0625 833 2459 1334 3008 10 0.0533 2363 1423 2483 1640
agutLw4UpYabexv3VrBOBjUmjvgYhiPr,0 0.9949 1194 748 1504 1121 3 0.9922 907 1679 1936 2199 0 0.2324 885 687 1525 1221 2 0.1999 1367 905 1444 1016 8 0.1715 1697 1915 1737 1982 13 0.1384 634 929 904 1231 13 0.0716 438 680 958 1292
6VzPuG3fGZs14FUtzFUtilxUZzlx5Zrt,0 0.9936 1200 981 1488 1316 3 0.9885 826 1615 1823 2017 0 0.7677 907 995 1505 1526 10 0.3983 1865 1725 2117 2102 7 0.1610 1819 1693 2134 2140 5 0.1221 1551 1412 2036 1929 11 0.0801 1839 1748 2166 2123
VkyNogy6srK7un32rlF0yxi7cFe8rlvn,14 1.0 0 0 1 1
9WLNNHvSNrnxESrzPM2p0eRmmZF0fsXm,8 0.3226 447 788 536 867 3 0.1190 815 1040 1509 1358
w3EcmeRthsOk6o6AWXjdV4tgcIWJd6ah,8 0.1502 410 1123 503 1228
9K8cBBCWH9g1MWG1l7eZlxyYbTMzYVqJ,5 0.2153 1928 936 2633 2167
skDxmWqeLNuZNchVxsk5lg4OvrYl1Dcp,3 0.4694 916 1642 1762 2069 0 0.1551 1165 961 1405 1196 7 0.1334 874 1299 1051 1608 11 0.0802 1381 638 1565 692 8 0.0712 489 1766 547 1827
bOScZWy2CHxfhLAo3gI6Qil7DTiEY6FU,0 0.2671 1040 619 1274 911 3 0.2273 756 1231 1531 1514
ZzygOS8JykNpgzlVS4m8KoGiRgryqjWD,0 0.9726 820 664 1329 1210 0 0.9033 1063 659 1321 988 3 0.0616 885 1439 1559 1642
wv6N2PyOTR285b8xIPPIE8UzFioHaAqc,3 0.9616 748 1536 1749 1902 0 0.9438 1126 796 1417 1110 7 0.1770 195 1330 667 1805 13 0.0777 249 1333 592 1601 8 0.0589 668 691 716 737
6tm9radMnL9rj6BohpWdEYOxIQ8pdMqo,5 0.0648 1530 452 2347 1704
uJ81Crn9qpBjmfnFfUp7alDeH1gFAdjA,14 1.0 0 0 1 1
voylgDdjkQF0unXY9FLQvI6sqqJIdLU9,0 0.9906 1314 859 1597 1188 0 0.2169 1105 848 1618 1312 11 0.1703 1478 532 1619 616 3 0.1625 950 1547 1880 1989 2 0.0605 1438 953 1555 1087
dOFGT3v9QzLodBAymXiRZ8A17UalxG0n,14 1.0 0 0 1 1
QlkRf3XYqWHHFL84D36FqUcMtRSiR6UI,11 0.1216 599 495 850 548
I0JZtkT6LxvWuEPnaY4YkUhVS4Evrukq,9 0.2761 631 180 749 259
3opAEhJ9CDJgVvQnwRIRKcaom0P0mTqU,10 0.9196 37 2035 161 2170 11 0.4889 50 2050 173 2234 9 0.4881 443 2358 989 2836 11 0.1486 60 2063 149 2165
pmdO6taocoDtNn61ZRbfMICZmwMz7hIk,14 1.0 0 0 1 1
acRC7z8oSOi8SrnDMquomJXXu7dUHJiW,14 1.0 0 0 1 1
7mecbTCnEZqq4BlZzDAsqv7xaIDjwHOJ,0 0.9977 1353 670 1689 993 3 0.9970 985 1507 2199 2158 7 0.2694 1959 1560 2295 2144 10 0.1879 2230 2214 2326 2361 0 0.0956 1536 4 1895 213 9 0.0621 1058 455 1554 2054 11 0.0536 1582 353 1732 437
uYb95rfkbhXXof5Y3jdx92cREcw2gDKe,14 1.0 0 0 1 1
mXsFduS8uXvDGtolu29BgsOz6ukTmbdM,6 0.3835 364 874 545 1052 13 0.0932 419 967 534 1068 6 0.0911 416 953 525 1064
lseGX4Z8yjCfRQpn5EyzfVDwHlemht0x,14 1.0 0 0 1 1
9LIxsmOfqcuqL4E25QbpafxGus8DSLy4,9 0.1663 73 1108 882 2372 3 0.1421 732 970 1577 1405 3 0.0665 29 1486 1994 2367 0 0.0547 987 427 1227 713
IgQnxmqfhKqIM2BxdehGagMpLnTtJDJx,14 1.0 0 0 1 1
yiLAn4vKXgeip9EdRXTwlfN2LlXY0waG,11 0.3109 687 328 887 411 0 0.1351 1063 656 1320 905 3 0.0551 740 1271 1699 1536
8eDsxtSStyXrhwVxcuV87xaIBNIYBdQY,3 0.1205 692 1532 1633 1776 7 0.0724 1563 1145 1832 1789
J1R9yyxXc0NwHf8qGnuEL3zowNkQVyfI,3 0.2471 727 1299 1479 1583 0 0.2037 986 693 1237 994
M5Ogb14v2pvkYcvV3O1jfD7U68G8jepk,5 0.6793 139 506 961 2022 8 0.3023 426 1494 485 1546 9 0.1123 421 1494 495 1553 3 0.0972 873 1468 1956 1957
1DvaR51TG4F2vQoPRLdvl62cu6E3NDQA,3 0.6105 812 1788 2053 2319 8 0.1945 1908 2026 2047 2171 0 0.1273 1262 873 1652 1357 2 0.0717 1906 2030 2055 2174 0 0.0706 970 863 1673 1462
1TT41DkOx2DKLaD7Ncb5TVVPxVaseLGV,14 1.0 0 0 1 1
xqJylJ6MWGg8PsLdDloCo7VMx6Efw76u,14 1.0 0 0 1 1
XykO79BamKReBa4LktTMZogpxEAccLe6,14 1.0 0 0 1 1
KeWLCg7vY6ozTBeLeLY8Yfpg2tFWppjG,14 1.0 0 0 1 1
oNuAgKilqspLqibYAcMRBi1BtHuycoPn,14 1.0 0 0 1 1
D16qA6rStAlEDrq6BlEE2ZAllf1MkNt6,11 0.6093 671 8 858 43 11 0.3457 652 14 845 66 11 0.1589 653 6 892 28 11 0.1255 1545 69 1656 169
MCF2KKPEp3HKVuqCiBR4MOxkU59zSC1A,3 0.0998 748 1153 1577 1411 3 0.0555 110 1499 1861 2415
N7QQdkX2tSxZAxcBcLNSMxTVeLkr2Vm5,0 0.9212 1705 1045 1996 1376 11 0.2308 1820 608 2042 702 11 0.0600 1913 626 2139 697
IrW6dO7LmSVe2jLIy2tsizyTo5azlFLI,10 0.4952 17 276 571 895 9 0.2609 0 158 776 896 7 0.0978 0 278 640 1113 0 0.0892 936 8 1510 235
9cU0VZ2ltmPrKvoCuN2aN40QhtrHjA2r,14 1.0 0 0 1 1
ecywJn2UPp4TlKjHMmVMT9y8Kyl9dzWc,10 0.0515 2201 2096 2295 2281
PXeumz83RM3aONYpX7uS9u0jtFbEBP23,10 0.2618 139 2222 220 2365
geziaULYhrNP0XVWF9fNszgo00uqdrWz,8 0.2751 1408 949 1466 996 2 0.1468 1381 925 1475 1011
lAxDvm8r7s1B4GCOyI15T8AReVB0ksM1,0 0.1589 1220 871 1446 1200
CqdKsVPiyDBcq8hDR8F0sBkBUQ3sHwfC,14 1.0 0 0 1 1
FwoMgIftqNG3BeQ7TQ76HdcEAIyGbO10,0 0.9943 1300 961 1646 1370 3 0.9845 909 1577 1975 2116 2 0.9226 1462 984 1606 1198 11 0.2764 1013 656 1272 816 11 0.2018 1490 739 1718 849 0 0.1497 1130 927 1666 1469
krCFU1sGaXg7jBZ9yOIQyK9vnPKNMMBl,11 0.1635 683 292 1145 446 5 0.1219 1961 1121 2581 2630
0rwcUiZcyuFkv7xW2TAqxF2aKlqaXBZv,3 0.7194 612 1341 1539 1684 9 0.1223 36 1384 746 2226 0 0.0530 942 901 1202 1204
ecyigSdGyNyDQYz9k1jOQQVjKsCAAqN4,3 0.9865 598 1086 1634 1498 0 0.9724 937 517 1211 806 3 0.2292 544 1196 1753 1682 11 0.2228 3 1435 71 1683 5 0.1797 20 961 639 2287 11 0.1601 375 313 629 427 9 0.1600 0 438 599 1920 7 0.1575 0 1171 794 2025 3 0.1131 75 1225 1961 2338 0 0.0946 807 498 1224 939 11 0.0741 3 1517 62 1651 7 0.0647 1 1423 66 1659 7 0.0590 0 580 779 1872
MV8oKvBoQgQiP6UdEEpmxF5RbdSJDMaL,11 0.8540 1339 428 1468 532 8 0.0980 364 1319 435 1391 8 0.0688 1649 618 1979 1225 7 0.0657 1642 601 1985 1247 9 0.0509 1634 655 1954 1218
UVpsQuaxyiFiU1tu6Fl832t80DT2lMBi,8 0.1988 1522 1615 1606 1701 7 0.1052 1513 1619 1608 1706 0 0.0697 1059 876 1259 1117
Vb0Z81bOfixghpMqlUmUTlDKGTetZaZ8,11 0.1651 684 132 846 173
AoRR2emhU2TsbW1U8fXBWopTw9wTwYfO,11 0.7725 1462 346 1726 416 11 0.1603 903 371 1120 416 11 0.0553 1471 323 1678 389
Phw0P5VJJWotDOUWhvSntvZGrEn6TUcm,3 0.9961 629 1386 1619 1820 0 0.9949 976 696 1270 1051 0 0.9292 688 678 1271 1322 10 0.8333 1726 1805 1826 1975 10 0.7333 53 1774 161 1950 11 0.5507 481 263 695 379 2 0.4274 1066 697 1201 856 10 0.4185 1677 1806 1820 2032 11 0.2499 1712 1824 1819 2054 10 0.1426 1613 1762 1831 2074 11 0.1117 1739 1803 1842 2012 11 0.1002 516 243 788 345 11 0.0554 1638 1844 1812 2149 10 0.0539 1734 1857 1802 2001
woD7D8Cuf0Ynp6UiZ9LP2sNTQ4v5Gk5X,14 1.0 0 0 1 1
y1YHloPUQnh8Ce9YpXry9gGHNHeZjx9d,7 0.2037 427 1595 810 2007 6 0.1005 421 1580 849 2016 5 0.0949 1906 1155 2503 2083 6 0.0765 383 1294 929 2010 11 0.0707 1663 132 1887 194
RFHO24gi3m3YcLa0iVBvsgj18Wl86wdp,3 0.1447 778 1398 2007 1775
3uh1Cpkpcj7z6UlbkdlDkGQzIx5yD5nX,8 0.3574 538 1490 613 1545 0 0.2655 1033 801 1302 1116 3 0.2506 796 1452 1547 1736 0 0.2489 796 827 1301 1332
HDmCLs0tlNdMNWxuFB7gHmt2RUp4Is4w,3 0.0772 1272 1408 2403 1846
nVLVAyUKLiHMvXzz4NeBKVIfRfCFiOje,11 0.1142 1345 573 1570 679 11 0.0607 1253 546 1534 660
yyaZUjgM8MBow7QQdutbc1pwb085sBBf,11 0.2616 757 428 1048 523
AiKANXoaIxqzkaIZETpzYrB3gDRdwhLY,11 0.4906 1575 239 1817 362
HRyQruypQO7F1D5El2jj9gmTz80UXq5x,0 0.9940 1418 843 1907 1405 13 0.9251 523 1361 843 1536 13 0.8456 635 1397 832 1539 3 0.7067 957 1597 2290 2177 9 0.4207 1150 293 1486 1286 11 0.2827 963 373 1284 511 8 0.2712 1625 1131 1911 1397 0 0.2667 1048 798 1927 1703 0 0.1189 1322 1002 1943 1526 11 0.0866 1746 360 2041 451 11 0.0631 1867 370 2047 446 5 0.0606 2026 928 2612 2138
jfjBYSjpBnDTlWwOeKPPcHXVmTlwN2tL,14 1.0 0 0 1 1
GMwHRqjL4RI0kvj5GpxQRS25ULPVwp02,11 0.1238 1183 382 1363 421
UFQ0Wv6VXIKhEyXQUokOyY85qkUj7aaF,0 0.8068 1399 681 1714 1038
9gfMZzvIwvjAac9EkQFMQfgYCzRQUaCM,5 0.1657 1410 827 2172 2210
ZWALUto6pE1xlBVtB0aiJ6qQXus7cmLs,0 0.8767 1581 700 1921 1087 3 0.6201 1184 1561 2485 2133 7 0.1361 2261 1763 2660 2129 2 0.1115 1707 749 1900 1042 10 0.0933 129 2097 256 2256 1 0.0598 2253 1809 2662 2085 5 0.0579 302 650 1253 1982 11 0.0558 1760 345 2074 443 11 0.0535 115 2105 260 2264
Q3Br9pF36t4rL3S0tnRyFXUtt8vaihtv,14 1.0 0 0 1 1
yaKvn3jrRBOL7qdswClKF5OGUVyVTArm,14 1.0 0 0 1 1
BxhqMS8Go6EppZuzqqWjJUDUlSuYxMPH,14 1.0 0 0 1 1
IvYNgMxo5GtvpB2BEJqqtr9q53h1lml6,3 0.9981 1163 1269 2425 1699 7 0.8736 850 1335 1047 1464 8 0.2526 852 1340 1002 1467 9 0.0615 830 1345 1031 1470
pjhC1LhcpiwNzqZ6xYQnRl8aIPV8snzN,3 0.7587 900 1520 2003 1948 0 0.4109 1234 684 1552 1024 11 0.0509 1540 148 1787 279
W9gT8VTZqFqHTqI0KSZo5wefpL6jgrFg,14 1.0 0 0 1 1
DPjW8xybLTGMzfROt4dse0VoiFlj6kaX,0 0.1182 1624 585 1889 853
voIcMmURpBlSNvlq0jDiy45qyypEmx2T,10 0.9117 0 1883 133 2060 11 0.7529 3 1922 110 2129 10 0.3065 0 1936 75 2109 10 0.0995 0 1996 105 2152 11 0.0770 2 1999 117 2174 11 0.0724 0 1874 141 2075 11 0.0514 1858 1993 1952 2179
JMKjE0ZladLAPhhLa9EHd5PccwbEG6Bw,0 0.9663 1340 889 1656 1213 3 0.1553 888 1811 2031 2348
XJnUN1yL6GbLmhma13UL0eS8ydKNXued,14 1.0 0 0 1 1
yntAjZVHVRKmFqwPz9vg5hxSypwgVPYD,11 0.0923 1288 195 1446 272
V40xRgyTTADt6fXc6ZYXbnCq9es3a162,14 1.0 0 0 1 1
gmCljNvivZ7vROEcBnyz9NmrlZrlJ43c,14 1.0 0 0 1 1
tvWbR2hOGlhuPY5CXPESSq8n5XzLiZQi,9 0.1651 1095 1994 1149 2047 8 0.0819 1091 1995 1143 2045 11 0.0706 340 260 665 474
GHAfjQ2JmNZ21u2DoSh2Y95oiRYgOXjz,0 0.6031 1659 677 1951 937 9 0.0710 2619 1661 2663 1730
VASSW96sm5MeHhK8df3Y8ubGq5JpXloa,3 0.9977 834 1521 2046 1995 0 0.9976 1276 721 1611 1114 7 0.2579 253 1395 810 2083
uFeoVA80r1419cV4BND9ofedpavsH49p,3 0.0726 814 1279 1577 1588
2OMggQt5nST55UbOV0hCRe94bDfGcRrb,7 0.3583 1257 502 1489 723 13 0.1319 1239 508 1471 730 11 0.1239 702 370 936 457 9 0.1058 1236 487 1478 700
qpHIEgHso0VUvlN1wEsSvcRli7tHCR6y,0 0.3473 1013 825 1205 1016 3 0.2411 732 1457 1456 1765 9 0.1129 148 1504 851 2390 0 0.0715 1699 358 1994 904 13 0.0544 325 1625 372 1660
I96rGlKc0vxe7DgNFoy7SPED3CHicagK,0 0.9980 1582 734 1889 1033 3 0.9894 1145 1599 2278 2033 8 0.7547 922 1257 959 1296 7 0.1123 2288 1860 2494 2226
8sMSMm7dWExlFzJ84SQS4BiJHMD7Dt25,11 0.0680 1741 407 2104 519
ZFp29n7aHyQ6R9G1qOp0JlgUpXYXFlX6,0 0.9958 1030 765 1253 1019 3 0.9575 702 1285 1588 1706 11 0.0648 1141 507 1326 592
PckNeZ7kmLGrc2ggktpG2d4YDzgYlXXC,11 0.3467 570 260 869 378 13 0.0610 637 1193 853 1328
zsHBqVEgBe4wuLucGbSaW29psvQSUZ1I,3 0.3718 834 1316 2038 1734
HC8QCz5PvXkRVtz0GyvvYfZt6AQNkmeQ,13 0.5390 1923 977 2066 1059 10 0.0542 242 2416 366 2565
yTeSlYUCQTvCzGsKbAkifj0fZYJKCu8o,14 1.0 0 0 1 1
PaMmH0NhHwxeILnUBZy1CswxosaTfmka,11 0.3443 807 392 1021 434 0 0.2561 1194 716 1444 971 9 0.0721 361 1656 939 2016 9 0.0645 1004 697 1300 1839 10 0.0624 1900 1886 1961 1981 8 0.0535 435 1657 482 1724 9 0.0522 302 1678 1079 2273
2ZjOgjTF0w5msZJ1P1TZ41It3FYcG3g5,11 0.7901 528 242 710 337 3 0.7326 621 1188 1479 1519 0 0.6085 907 536 1166 797 8 0.3860 507 443 583 516 6 0.1457 335 369 683 713 0 0.0828 688 532 1162 1053 11 0.0717 305 278 595 535 11 0.0600 1074 294 1269 377 11 0.0600 276 337 424 607
YifARMaDysLotFmsuyy8JDgRQuL8ZRQI,5 0.4319 1655 1063 2461 2710 5 0.2606 697 1303 1359 2691 13 0.1029 2044 2163 2301 2448 9 0.0908 1566 905 2475 2768 5 0.0903 829 1419 1240 2341 2 0.0654 1283 11 1449 121
ijnke32ZlS41vQoDwgHVNBHA53Rm8HrE,11 0.0704 1637 241 1855 424
G3ehDYSTmFeC3NC0V7qu10KLDmGw0dNK,13 0.4354 671 1404 819 1673 10 0.3771 205 2146 273 2254 3 0.2041 741 1487 1576 2028 9 0.0520 801 292 1131 990
SeyukT0vkBeGlkTNA4q6lCDbnj1kFWzn,3 0.4781 897 1650 2067 2212
IJakrXttHuRTyDHe6W0yctGz5Na1Prl2,3 0.9920 1181 1407 2260 1762 2 0.4423 1825 1142 1921 1238 0 0.3409 1581 675 1846 961 11 0.0786 1087 321 1347 398 10 0.0651 77 2839 485 3072 11 0.0626 1189 322 1403 370
SekaBW6nL42efdH4iCpUp2FJm82nlCfi,14 1.0 0 0 1 1
t22jGO5UadDYsJI4UbPN2vU3I0ilnNOA,0 0.9599 1056 633 1304 923 0 0.6057 733 644 1313 1228 3 0.0653 705 1361 1580 1754 0 0.0522 927 639 1303 1034
raVV2y6FqPvjAezWObY9ddlzbPgtBGLN,3 0.2026 1112 1786 2179 2265
aWEN8aRSrgpSdJufsXQrPjEvnI7FH70s,3 0.1207 1118 1367 2451 1793
4RXkW20brp9YQrWM0JTUOfsTVj72vyZf,11 0.3215 758 272 929 320
RAhLFL98fy6IN4q9mKIqOOwHxJ4ZmHMm,3 0.9379 837 1419 2043 1876 11 0.7095 790 336 1091 432 0 0.0645 1235 683 1526 982
tNDqMDvfwEobLtj2QRDRzx5h3GGbvsFb,0 0.7123 1028 794 1298 1073 3 0.0517 712 1547 1796 2016
zFkYuRnnRvfLg3S6cDP8xnPaTrC0wWtA,3 0.9926 967 1512 1945 1947 0 0.9792 1276 757 1534 1076 13 0.3969 528 1213 942 1408 8 0.1061 1367 1521 1397 1555 8 0.0532 1375 1576 1410 1616
R5H3c931IGSUbiBY1Pu7J9RCxfvCH2XX,0 0.9995 1061 774 1418 1173 3 0.9988 660 1369 1822 1827 7 0.1163 751 509 1004 1027 10 0.0723 146 1613 239 1835 9 0.0542 797 498 1177 1065
Wo1NZEGu3nQfQ9vx7uJdrptq59KK6E1C,14 1.0 0 0 1 1
zY1jGjbJoR9HssRuz7o3n5KVKPYTlA6J,8 0.8534 1808 829 1844 873 2 0.7899 1811 831 1847 874 10 0.0983 158 2282 260 2409 7 0.0814 1717 1202 1993 1690
qawn6wvJrsZFho1gwZsoVhphrlwkoQOc,14 1.0 0 0 1 1
4nll3sBugqXTPJHJyUvhAZzpfidjRGDY,14 1.0 0 0 1 1
iJ2AI0pDzTv3MVxns8ijihAC7Im9yRht,9 0.1611 1711 11 1990 219 9 0.0583 1513 16 2084 379
EcCPtJ6tw8PauiFDWx5KHNh42re7ISv4,14 1.0 0 0 1 1
LXnDJQBB6rHkf0KnKbdK0sSAGGCzrPTg,5 0.7641 1586 728 2503 2489 5 0.5929 1948 1700 2483 2517 3 0.1635 1006 1826 2126 2455 6 0.0614 1647 542 2514 2593
VPA5Tm0YFBEow0F5Kp6epTw8YCXdqMqH,14 1.0 0 0 1 1
9N5EBcmsjJz3o5OxRIH7DW9OTXpnL0bB,0 0.5754 1134 786 1473 1173
M4eP4F6o8T2A8mWdoPFwmQOYSrDss8k7,14 1.0 0 0 1 1
RmBtsKLHxrcJvXPypN9ouirCky2EFmZK,14 1.0 0 0 1 1
ZO5Lie2nGYD7h5YDeL6FpFMamAiHyO67,5 0.9048 1541 648 1938 1346 3 0.7902 833 1529 1864 2014 13 0.2628 1425 677 1948 1344 0 0.2584 1179 758 1453 1032 5 0.2132 1414 600 2001 1668 11 0.1101 819 302 1034 365 9 0.1083 1443 701 1965 1323 8 0.0620 447 1510 511 1573
KVFa7tqDBEeySpSS8Zm8ZtB8wGRJmeWA,10 0.9701 2057 2090 2218 2347 11 0.7191 169 2126 283 2266 10 0.3915 2001 2004 2253 2385 10 0.3744 166 2128 270 2257 10 0.2441 155 2058 286 2290 11 0.0961 2037 2114 2208 2345 10 0.0589 1996 2057 2201 2299
HBeLs3p5oTdsZIkNyQCMmVJHdIhNlVur,3 0.9487 1303 1401 2269 1804 0 0.8644 1710 657 1968 932 13 0.4984 2154 539 2237 661 11 0.2332 2121 346 2338 515 13 0.1037 2123 503 2254 660 11 0.0975 1235 264 1560 386 13 0.0943 1844 1026 2048 1226 13 0.0578 2152 508 2243 604
eaYzLSBF8Y7XJGbPgCxWnVkBi6j1RuHz,3 0.9581 1345 1269 2397 1619 0 0.9513 1659 691 1968 1028
nZQzqHBCQ08aU0TxxhfeEX7lY9KouEmI,0 0.9931 1027 1154 1290 1426 3 0.9567 713 1733 1593 2129 11 0.5204 570 865 868 1015 0 0.2386 771 1135 1310 1550 11 0.2172 196 1788 305 2146 11 0.0973 1218 0 1364 69 2 0.0606 1274 0 1364 101
KVbdjyjWWddoDB5AheG7QGOiQAfLf7Vx,14 1.0 0 0 1 1
lZfJX7buojmww5Rd22MXfN7s7ldAIcfu,14 1.0 0 0 1 1
spwV4l71ARlH0d10FZUCeeoOJFnH2z0F,14 1.0 0 0 1 1
XUTu6rwwoxJmmSoK4AxL3FYr13YfWx9D,0 0.1529 1189 650 1381 854
32uaFglGRNV4ZnjYvZNPcjGiLMfFeoUw,14 1.0 0 0 1 1
boDyS4ipIjhchH2Jr6RgGScoLpissXBA,14 1.0 0 0 1 1
24do4fjSabesp4lj00XbgyJnmyIDZKjU,14 1.0 0 0 1 1
SbDzroyjGzjOjoGm0Xn2E9LOJnVJTV8P,14 1.0 0 0 1 1
d558v1WO5gJPA4O66se5VKCMdG2vqPUR,3 0.9540 648 1637 1608 2069 0 0.8590 941 1006 1232 1327 11 0.6132 603 617 753 674 11 0.3111 1101 631 1372 729 13 0.0996 178 1476 276 1546 11 0.0785 1163 641 1360 700 13 0.0626 168 1477 258 1519
v9o5j1YEU8UqhLuIocaEGAkqIza3XlH5,0 0.9249 1494 840 1854 1242
cPeQCHBj10fBlyUtgbPHurnHebY1R6po,10 0.4176 346 2058 413 2182 11 0.0600 1408 349 1675 445
ZaTde5KIyyecaQhk4RHzFFD2D0Dm1Sej,0 0.0504 1751 812 2056 1199
MSx6rMeb0B5X44r5uznDZWKKTwphUmpf,11 0.9041 534 567 1008 805 11 0.8832 1325 616 1633 724 13 0.8775 433 684 1012 1286 13 0.6544 653 712 954 1119 6 0.4238 633 705 1007 1178 6 0.3849 438 605 1060 1311 11 0.3510 559 610 875 775 11 0.3214 1299 586 1691 759 7 0.1727 516 581 970 763 11 0.1538 373 393 1046 1407 6 0.0995 1325 671 1771 1128 1 0.0740 531 535 1024 828 13 0.0629 1379 745 1680 1093 0 0.0536 1146 987 1445 1347
2Imb3QGwaJner2pmaAMTYjUWsh8UACok,8 0.8249 518 1332 608 1418
Yu2JmvXNyqrU7uY7Sk4QSfGumcc1UI9A,14 1.0 0 0 1 1
Z1bW7aB6Bp1c3xt8fQAAo9qnB85unPh2,14 1.0 0 0 1 1
Ddls8tP284UFmIIX2GKdsHhllmnmMds2,0 0.9291 1413 693 1778 1080
cCt9yzZmSH0HwgrvKsn03hFmO6J18S1W,14 1.0 0 0 1 1
4gyFXNfxgPoh9J5h6GNPNGtvI8dNzm0z,8 0.1409 637 1555 665 1578
bYzw1oRBIlWuP1RFt77lUlg8CcEHgjCD,14 1.0 0 0 1 1
j03xCkuUYPnuwqjARCtgeQjkb6PblqlD,3 0.7635 909 1421 1911 1951
hdtystv9Tf5yOk2mmfJsZgJGLsLXvUv4,3 0.9988 764 1313 1900 1745 0 0.9988 1073 695 1396 1033 11 0.9334 1212 410 1423 517 11 0.8820 626 469 858 546 9 0.1964 736 470 973 911 11 0.1725 708 482 835 543 7 0.1196 769 492 998 905
2a4wZKplHyjOdXkv6UID7EFIdrEx4Gk9,5 0.2437 78 769 1100 2089
UUeFB1vMKFpUJqqDcHzA5o59n2QTab71,14 1.0 0 0 1 1
LHOsoF3Wbqjv5WyLaxNZu4uwIezFWsu6,3 0.7717 782 1288 1557 1652
XzCOBL0GCnsoGnBvIdmM29O3sbGi3dN8,14 1.0 0 0 1 1
wDmD8bnqXPR563F6hHJhxb9BAdYNRAli,0 0.6912 1184 544 1464 936 11 0.0630 1372 205 1598 274
lWCTighb0B8Kaj0u1BiwrJJHE2LCGtcd,14 1.0 0 0 1 1
EPdXhvEjY0jJeuyQdMuwSdOkR1AVyKgQ,3 0.1331 141 1671 1982 2429 3 0.1053 756 923 1518 1196 13 0.1050 681 637 799 855
Uftx4S0fDFpnu4txt8DLfe0GyqqnXqCe,0 0.0799 895 449 1624 1151
DFNVNEoQB3P9dY8mJ3P2W7XRPgQJMQUH,13 0.1028 2037 1678 2240 1750 0 0.0880 1279 814 1628 1231
esT3JTWzgoTeXGEQRGCzKN0L8B1pd4I8,0 0.9957 1435 777 1748 1074 3 0.9933 1129 1438 2338 1919 11 0.7197 310 1702 498 2059 11 0.6934 1620 434 1850 477 10 0.3321 317 1723 459 2086 9 0.1826 350 1622 1106 1989 8 0.1166 1688 913 1740 953 11 0.0955 1920 470 2121 620 9 0.0917 1152 660 1627 1898
oXn9sCdabRja0aw5xgtfxHCDvwrV6nD7,3 0.2584 735 1471 1408 1813 0 0.0557 1003 774 1215 975
eZgNWJwMSGadhFYVAdjNCghFwwC1CIu1,3 0.8731 810 1291 1678 1705 11 0.5351 595 187 821 336 0 0.5342 1121 593 1336 829 10 0.5090 1813 1773 1898 1907 11 0.2912 634 182 860 288 11 0.2413 695 187 915 239 10 0.1184 239 1677 355 1875 2 0.0751 1582 1639 1646 1704
7yIieZyXeiWiDG7CJg2X3HmnflPOaOBX,0 0.9973 1206 587 1539 856 3 0.9882 903 1014 1987 1357 7 0.8059 391 769 1003 1239 9 0.6605 467 949 951 1222 7 0.4131 365 463 1055 1350 5 0.1255 1484 459 2040 1215 0 0.0615 1029 582 1578 976
wM5e60Yiw5mniPjEIivEMMqKv9EHty15,13 0.8802 1667 756 2097 1028
gICLQyGYCqPjbww47EP1M3s80xnow9Za,10 0.0858 763 2314 917 2486 8 0.0623 2459 1503 2536 1560
gO3HjATgCQXzopwLgqeeEe2Y3vxMHo3X,7 0.4268 1629 652 1824 886
chbdkbbtstGaRWDEOHpWljag2PLbC9J8,9 0.1178 1664 617 1964 1414 3 0.0807 745 1338 1485 1668 7 0.0752 1472 981 1669 1347 7 0.0721 92 639 792 1651 5 0.0659 1655 594 1965 1472 8 0.0501 1672 604 1980 1419
hgA3PkYPPTx7S1lpbX98lrPe8CoEt2Qy,3 0.4702 852 1472 2001 1905 0 0.1754 1266 748 1551 1096 13 0.0721 1804 772 1928 892
XYldKL7HUfgLesBR9wFeZEvfOWituxCk,5 0.6371 215 593 1117 1763 10 0.4386 69 1396 1136 2134 13 0.2012 459 1060 887 1240 7 0.1907 148 1381 1093 2102 10 0.0864 130 1331 549 1979 4 0.0829 86 1408 1108 2149 9 0.0600 118 1412 1152 2177 9 0.0599 269 1436 601 1634 10 0.0594 182 1439 433 1802 7 0.0562 182 1414 1080 1743
dmmypgzpaX3S0IXiLY1daMLBbNUo8yh1,11 0.9961 625 389 1115 597 0 0.9340 1299 833 1634 1209 11 0.7852 1435 420 1748 525 0 0.6870 1091 818 1632 1289 11 0.6600 774 388 1113 530 9 0.1871 2241 945 2478 2690 11 0.1290 1762 465 1894 590 3 0.0938 958 1742 2075 2055 11 0.0667 689 405 1020 554 13 0.0592 308 1358 447 1422
eWiy7LFnGoLkiFvtLugNa1EknkaS6HxJ,0 0.9952 1125 702 1495 1204 4 0.7777 632 648 1090 1518 1 0.7361 589 578 1025 1622 7 0.6595 577 628 1060 1381 0 0.2090 832 671 1483 1434 6 0.1902 365 875 750 1811 5 0.1894 1415 673 2048 1853 3 0.1275 636 1249 1607 1823 9 0.1043 456 833 880 1688 13 0.0657 1692 645 1851 854 7 0.0631 701 632 1026 944
LRq9vnF8F0kBdMOBYANztdITrbzku9tH,14 1.0 0 0 1 1
erp5K2eQejYxMCFa2YViODnaCtOyKf6e,13 0.2871 640 963 895 1148
1Bi3yvNo0duzfn6jq9jq5Rjp6NYL3606,9 0.2072 0 106 179 301 9 0.0526 0 134 116 283
ACUDsYOyUxA2ZL0V3jawDPFBZAji77V4,5 0.7091 1702 1012 2246 1989 3 0.1867 903 1579 2048 2036
bCHM2wM3pF7t4NeXc0dmlapR4xHUrp5v,3 0.7111 826 1492 1886 1960 5 0.4501 1610 887 2048 1968 0 0.1533 1150 819 1456 1159 5 0.1418 35 610 1084 2091 11 0.1166 1879 1644 2153 2117
zE4LkXzhnHjwsdclohiBKpMOlEZtKtNl,0 0.3019 1279 1038 1540 1335
y3zIjDpNrCQPNpH0aV2miBQxVK0gUcAg,11 0.4400 1578 469 1813 583 6 0.1659 1526 513 1941 1026
kabWcKL5Ere8ILt857fvg6nNiHRUNWxt,3 0.9979 996 1475 2188 1926 0 0.9857 1381 714 1702 1042 8 0.4774 898 1204 1176 1558 7 0.3863 902 1216 1155 1584 9 0.2291 917 1199 1157 1569 11 0.0900 1711 298 2019 516 9 0.0854 140 168 379 280 7 0.0656 552 728 1138 1583
YQXn442LOVWKjIKLI8BAxzk5QUfprh39,0 0.1726 993 597 1266 937
5E3mEJ4x1816wOh84t1U7HFM8u9vDXED,11 0.9890 769 385 1171 633 10 0.9148 398 2069 574 2328 13 0.6743 854 526 1178 901 10 0.4273 359 2153 845 2564 10 0.3348 408 2120 624 2406 7 0.2952 778 381 1172 589 9 0.2245 377 1811 1085 2386 0 0.1963 1339 753 1690 1150 8 0.1595 582 1469 630 1502 13 0.1516 817 447 1158 774 7 0.0806 414 1853 1095 2354 10 0.0634 351 2005 620 2357 9 0.0584 454 1916 818 2235 1 0.0572 775 380 1194 668 10 0.0556 417 2071 536 2260 4 0.0535 776 362 1169 611 11 0.0518 397 2117 589 2400
lYUNLkemFYOBrhgNvrfSajjiHOlYFM0l,7 0.5590 47 434 576 1530 5 0.0947 39 453 520 1531 11 0.0840 593 197 784 246 3 0.0699 59 1640 1793 2430
1Ne2MopEyhMvBUWivD7OKQHyzAVvo7jx,3 0.9986 754 1683 1777 2103 0 0.9875 1100 939 1391 1332 11 0.0930 692 572 885 630
sbnatUF1mIPes8IsEB7jPmAvjz7U2KPy,3 0.1018 737 1302 1878 1729 5 0.0808 116 374 982 1834
UbVJSHIaomojJ2Bgf8y2n6REG3YNwOYr,8 0.1455 405 1357 520 1469
iAc9jCwBpLANcdk2A7M0xfmqcmxSWWNl,11 0.0683 1232 407 1387 454
sR6detPDzAvJagxCoifV3IyTDJ4BTTMV,11 0.4080 834 312 1111 402 8 0.3161 823 472 943 602 11 0.2543 824 377 1083 443 13 0.2150 834 340 1155 606 8 0.1794 795 474 970 686 11 0.1273 895 390 1101 452 13 0.0847 894 389 1104 580 13 0.0800 694 532 810 611 13 0.0658 600 513 859 808 8 0.0541 885 325 1145 634 10 0.0538 2369 1983 2440 2111 6 0.0528 886 353 1142 596
A745x8khahnSNOFHuYrgBERrMtnusLtw,8 0.8873 242 2003 332 2129 0 0.8318 1376 850 1701 1178 7 0.1298 247 1998 331 2122 11 0.0889 1588 298 1820 366
jWla8Rabll1FgJ0UGgRFXZPrL7eXaoAc,11 0.7073 1776 395 2025 470 0 0.2460 1594 674 1807 890 11 0.1972 1784 413 1926 462
mWaymHUHQIq8O7F59gFW5eK29zXAekd5,10 0.9599 110 1381 409 1883 10 0.8831 130 1299 607 1922 7 0.7718 175 1429 508 1727 7 0.5498 143 1356 572 1849 10 0.3158 130 1514 322 1843 7 0.2967 176 1518 679 1816 11 0.1150 115 1347 521 1860 0 0.1069 966 672 1215 950 4 0.0734 154 1486 729 1912 7 0.0627 127 1431 369 1942 7 0.0576 181 1328 469 1626
vPPP97tdPXoAlo68QmCWIqFjUe66JC3B,10 0.0852 473 1988 593 2232 9 0.0652 333 1921 474 2125 3 0.0505 1075 1610 2148 1993
7iN5m86rcraOF1CVmTuVpC1cZFNlBrkT,3 0.9972 892 1549 1868 1922 0 0.9941 1231 845 1584 1290 13 0.8483 540 1508 849 1698 7 0.6163 442 1474 872 1756 13 0.5514 611 1560 816 1653 13 0.3923 533 1389 733 1477 11 0.3810 861 446 1036 520 5 0.2498 442 1380 844 1740 0 0.0562 1178 848 1608 1760
cY7HtWJdUaliVbmdEUQK76CJnE8FESfE,14 1.0 0 0 1 1
5LfEpyRJ2z4LssLMIEp9hB7oYtQEAIC6,14 1.0 0 0 1 1
rkgiZ6AxWj6D3CBir7DcgkJLt0u9SgpX,0 0.9869 1221 631 1560 1025 3 0.8149 826 1246 1896 1549 11 0.6779 783 319 1027 380 11 0.6277 1393 254 1655 335 13 0.4790 472 1322 773 1455 7 0.3844 2198 1217 2536 1752 8 0.2012 2217 1200 2532 1752 9 0.1085 2243 1203 2529 1834 0 0.0782 2227 1208 2516 1846
X9lWnEyAw97dnzp1rK1TdhTnqbtfI7Yi,13 0.6805 2315 1866 2495 1929 13 0.3711 2394 1749 2523 1823 13 0.2714 2428 1772 2512 1821 3 0.0739 1083 1851 2352 2492
DYIy2KIKpBmKZdUsZRihG5fI0uwKJLS8,14 1.0 0 0 1 1
JGj6Pmc9fPQ3C0BOJgcyUWLN1xt1Gp8M,9 0.5345 1492 2061 2131 2294 9 0.2236 1958 652 2029 799 0 0.1241 1289 709 1637 1083 9 0.0739 1747 2075 2013 2244 3 0.0628 993 1499 2044 1960
Zcyw5Wkp3F9Ll0tR0WDnIUSxadr8XcEO,8 0.0523 1645 1090 1699 1152
K2GQL6S1solDatteSLnGpXi4xDDI4Wb2,11 0.3215 1975 758 2222 931 8 0.1667 2205 1951 2328 2057 3 0.1630 1289 1786 2212 2157 0 0.1465 1319 800 2043 1338 7 0.1358 1400 730 1980 1219 9 0.0723 1289 717 2025 1377 0 0.0633 1360 1029 1992 1468 10 0.0576 2431 2146 2531 2285
az3Jp5BRJxesIs9DBXKc6HTDcDeIYINL,11 0.0748 1466 402 1684 451
iyqe1Pv9cjNn3ffeImwASlOp73G1PFtY,10 0.7239 1810 1728 1847 1831 10 0.6542 1809 1750 1842 1807 0 0.2691 1078 619 1293 883 6 0.2144 282 1262 588 1602 7 0.1272 289 1225 563 1606 8 0.0762 353 1297 435 1384
M2X2HyryXr4ZQkvDIgeK9sv5GwhLuUMw,12 0.0585 504 230 1609 2328
rwWAc3r9THw2p2Nlvt3iVKM7J3VUsImF,14 1.0 0 0 1 1
FRdS2QeTfDsm5EBKbFHwMogYY4oM2ZWU,14 1.0 0 0 1 1
1agD6nh6PEPZZGlCmLWW2hU78H5i3fHV,3 0.9945 1071 1656 2333 2083 0 0.9913 1491 770 1851 1148 10 0.8844 224 1860 417 2212 7 0.8688 2186 1581 2531 2066 10 0.8176 2199 1529 2595 2177 11 0.4181 2261 1558 2617 2215 11 0.4002 815 358 1285 502 5 0.2623 2031 1520 2475 1932 11 0.2424 239 1836 444 2167 8 0.2141 930 1656 1033 1763 9 0.1942 280 1725 1164 2116 10 0.1822 2302 1739 2583 2144 9 0.1667 808 1719 976 1837 7 0.1606 309 941 1208 1990 11 0.1177 2296 1678 2568 2094 10 0.0995 2195 1597 2517 2000 7 0.0581 2222 1643 2463 1943 7 0.0562 358 1756 1150 2084 7 0.0521 264 1731 512 2182
KLAs1f6WzJgmzXQgwwQNybGzCiSINlkv,10 0.1080 2135 2329 2336 2507
mzQXWAuEaW4uqRliG3VlJjwjjFGnThk4,11 0.0664 475 592 614 708
Gkc4r1NgG2zdWPwrENy16u5A0mbBb1nl,0 0.8272 1290 818 1592 1137 11 0.7746 589 409 778 561 9 0.2102 1592 2024 2381 2364 3 0.0979 853 1748 1849 2180 13 0.0933 456 897 808 1229 5 0.0647 1697 1009 2269 2131
lIhm8ssi6OiIZwHeltrJE3c1gxKULSt8,0 0.5099 851 741 1403 1290 3 0.4434 828 1384 1696 1808 0 0.2023 1050 728 1399 1125
Mjd8BcXkJreiDBzSvpE0wUrdHIZTe56d,0 0.9347 1658 849 1923 1110 3 0.7176 1332 1575 2270 1991
6HmV1ynvGau9CrUbXuJMEIqQhJ5IpH2D,5 0.5050 1348 956 2135 2181
TmAMNWSQt5rldJdtK3CPXdixLizVMnqZ,11 0.9069 2408 1968 2506 2145 10 0.7997 2400 1986 2503 2135 10 0.7634 2337 1969 2497 2154 11 0.5785 1727 257 1932 319 3 0.3632 991 1647 2085 2113 10 0.3047 206 2047 305 2240 11 0.2158 2345 1967 2515 2184 0 0.1792 1424 774 1710 1018 10 0.1223 2418 2015 2496 2111 9 0.0755 1067 807 1557 2174 11 0.0667 2423 2014 2494 2115
u1ClmbtcFUtr2joObkuIBSkqJr9ctSju,14 1.0 0 0 1 1
cG47XA0IJym5Ltfs8yYDtd08RduP0j42,14 1.0 0 0 1 1
jDDoofxzzdPuQyYtz1DXoKNPLZ0E9pqA,7 0.3129 260 704 955 1704 3 0.2431 27 1078 746 1619 9 0.2109 0 636 800 1470 7 0.1155 440 1030 798 1577 7 0.0763 347 1076 923 1755
iWWl1KmfARX2LK8yXKi3bh3TccqtuR6X,14 1.0 0 0 1 1
7y1oVPQQ6pvElmaglCV0OVspGuqEY2JY,10 0.7479 115 2111 235 2278 10 0.1981 126 2036 280 2265 11 0.0748 107 2075 278 2301 11 0.0552 743 388 973 450
8Ak7pXW5w1bIoRSbZkJSMWxDhoXEZ3u6,14 1.0 0 0 1 1
np5fDALzwUG8A7xFm6CyCvWC26P8B22n,0 0.9290 1203 694 1492 1026
chLEfuFfzf45LwnNnsqwb2uqImWbQ6iH,5 0.8892 257 687 1048 2021 6 0.1247 284 584 1076 1830 10 0.1221 134 2167 215 2362
XonxvTP0Ni2TLiBLMBu73SieL2eBnXFO,7 0.0883 476 732 690 981
dYV7vMHfhTQGetYxU3Cobv6UuakJLSMz,8 0.3247 338 1093 401 1173 3 0.0873 775 1122 1449 1485 8 0.0669 472 1277 542 1369
VPbwxz8065WMfClbfii2ow1ChYbL2s6c,11 0.1153 478 170 771 291 9 0.0823 282 585 454 822 3 0.0549 716 1444 1487 1677 7 0.0510 197 1198 687 2275
JUwWTgzZcqcyGEpn5BdqhO3VlNyRhh8S,11 0.6974 1455 1676 1518 1748 7 0.3519 422 1242 835 1680 6 0.2011 421 1226 848 1710 4 0.1736 439 1227 828 1620 10 0.0929 1661 1862 1728 1963 11 0.0655 1435 1671 1500 1739
teOXEt27eAQ0ouTxWL4s7MXenimZmfec,14 1.0 0 0 1 1
Ugna1DGzQlCSTswP1qw8oZx74Ifbfw3X,14 1.0 0 0 1 1
tzxwGz2w4opGak8S9uxxje8fgrGhJQeC,0 0.9995 1589 747 1927 1118 3 0.9951 1199 1591 2303 2052 11 0.1353 1222 401 1417 473 9 0.0512 1330 428 1750 1631 2 0.0510 1761 950 1821 998
pmoDaiSR0fBiLjE3uyNRw2MDBVyojme7,14 1.0 0 0 1 1
tWXgPlkiShpsbcEORLNzdboZ75tQIcUd,14 1.0 0 0 1 1
6YEEubab3t2V4b2IRZxiEv06IXBoKAMN,0 0.4047 1251 641 1937 1264 0 0.1620 1549 643 1906 1050 3 0.0642 1175 1364 2370 1868
XTHTArZy4DjcXZoLLGsN5mwZadYbXsPr,13 0.1645 1617 403 1855 751 11 0.1066 1497 310 1988 525 6 0.0681 1506 363 2252 1102
I0vPMveqmqQqEhCOkWz4OHFJZX7R1w65,14 1.0 0 0 1 1
wELfMSqGm3SRBchgFpWydbbX0tu1Iez3,3 0.9838 1068 1760 2174 2191 0 0.2998 1438 1179 1779 1557
qx3FlTTITsOXx3JmEAPnGoUA611qqlkc,0 0.1245 958 670 1183 964 11 0.0768 729 298 822 367
PpfYRmh3yNP1ZBryK1P8KpW4XMrcntlr,5 0.6568 93 422 1022 1976 0 0.4302 1284 620 1614 983 0 0.3615 958 641 1631 1061 11 0.1775 656 262 1062 362 3 0.0753 848 1510 1931 1945
3d8lJeYun1X8PgHidiAhDjJ67gYUxhHu,14 1.0 0 0 1 1
jFZC8Mhs1gliE1MCio4HqM7WE4W4mhwg,3 0.3451 731 1331 1541 1621 8 0.0667 325 1326 426 1413
pZO0YzhjWri24bFnyoUIgHVIpPKBxCCO,14 1.0 0 0 1 1
KQpSPbnakKFES1JTHpByqc2D4c8oyfg8,14 1.0 0 0 1 1
jRlRyxOGmdZOGkpRZbJd30r5jVAg0B0D,0 0.1463 720 571 1229 1103
32nGrGx5LGTr2NwV3qMKUCJ909psrOV5,14 1.0 0 0 1 1
9cWElYorseAYFFFAiqperZ20Gl2P39Tu,14 1.0 0 0 1 1
2R9QOFxCicpf72yJbSkjVnNaHdb91EF6,14 1.0 0 0 1 1
VkuKKHF9Wu6qCc260s7PEzb51edp5aKW,11 0.1484 1846 347 2106 451 11 0.0996 1214 365 1461 419 9 0.0863 1115 2133 2021 3072 10 0.0505 733 2082 822 2201
5oL29Uitdgg1j1K5vX93gpf8aQloJXPp,0 0.9178 1262 857 1512 1092 6 0.7760 498 1289 1102 1788 5 0.2154 469 1235 1060 1825 7 0.0909 497 1265 1043 1780 13 0.0764 550 1472 1000 1737
dch4nNlMP9NCrW8IPUFivw9Lin89rPs1,3 0.9984 971 1302 1880 1668 0 0.9953 1327 656 1554 886
Mswx5p6JuWoZQo47s1eul785eTxcl1VQ,14 1.0 0 0 1 1
EB2c1ZSsIP3kLzljPOUyFdcHH9mB7DES,3 0.6549 818 1340 1711 1776 7 0.5297 428 1447 649 1604 8 0.4659 450 1438 630 1597 4 0.1326 448 1438 648 1594 11 0.1273 620 315 881 451 13 0.1234 633 581 774 706 13 0.0788 733 424 860 649 7 0.0606 450 1418 736 1642
gEFd26C6kFDDzl7sl8LOm8ntXFHBdSf0,3 0.1183 625 1224 1673 1718 9 0.0572 1 2089 11 2426
uP2qldzrDN8qqnz1tzPPGzkkUon1IjSF,0 0.3814 1512 784 1879 1211
WiTydG4Rdpmf3LaA77YExnFwB9xCW0Vl,0 0.9883 1467 557 1868 963 3 0.5954 1080 1312 2437 1826 5 0.3567 380 710 1257 1674 11 0.3534 1705 204 1963 262 6 0.0849 530 846 1270 1595
T0yzdGTNMk6ywgjL9PfktO9OUdtBEp8W,14 1.0 0 0 1 1
ny5JISflcfTMRtOqlcdGfVI6rMHWYsEs,9 0.0539 1151 1402 1605 1820
JSjoyeWqPCnC1zJjpGjMq2L4CnvF2gZB,0 0.0784 1292 776 1589 1128
aNOBbSjpr2078KA61tWVEk04PL6DTZIy,14 1.0 0 0 1 1
rK0vaKmfNhkwwUFWkty9ABcFEsoynr8n,14 1.0 0 0 1 1
TqjD4bf4SaogtRD2YUR6kMflUFAukuoC,0 0.7418 1020 771 1266 1031 3 0.4744 677 1377 1578 1731
N8TyRb0EWd3u3LPkWSbaFAlsRtZDXpHw,0 0.9722 1125 777 1466 1210 3 0.9660 788 1510 1933 1904 5 0.2609 1366 724 2035 1878 5 0.1722 239 606 941 1951 2 0.0513 1328 914 1403 1045
vijZE6SdqjwxNFrFVtIYcHIvyW1C2tVG,11 0.7029 764 714 954 777 11 0.1213 1271 772 1576 870
bmukISYTRFWNHFszmBozpI4NLKDgd2qz,3 0.7563 651 1526 1420 1896 0 0.1831 956 932 1190 1188
us0oWwGj6qyDYjkHvnBTwwowHxf7oGWR,3 0.8915 987 1492 2255 2005 0 0.3014 1357 701 1678 991
eIHR1f7L9fqGIKLRF7ma9UCZcHwqr5qY,11 0.2658 1075 372 1336 445 3 0.0990 1293 1599 2330 2033
NVACWg0xl66XZg1OgV3S13fph9F4oftn,13 0.2938 1072 996 1310 1194
8ryQsmpvgOTirsL6tfOywBL7XyWfNUn8,10 0.2213 652 2107 735 2273 9 0.0817 1500 342 1943 1678 6 0.0519 2213 524 2388 756
448iDmgrFGo4pDEjtVCrbNZBIRIjFdLl,14 1.0 0 0 1 1
Qa6tBlWqplDsheNSrchOqJXDyU9dx8eJ,13 0.0682 512 591 645 707
OfoBU4TSdlfNxdkmjtURJ0COR7qWaGG2,3 0.9687 828 1345 1711 1802 0 0.6469 1092 762 1342 1054 5 0.1571 317 562 1017 1832 9 0.0575 36 1499 333 2085
F6O7KYTHinyBHJUjydYb3fpy3Ph7D3C4,8 0.9915 748 1666 840 1755 8 0.9766 1976 1633 2106 1736 7 0.1161 748 1657 877 1757 9 0.0503 1974 1638 2111 1729
6nths6RvH6Ux0cuM3IuLltehJvW9X27b,0 0.9982 1224 701 1546 1089 3 0.9935 924 1392 1845 1730 11 0.3453 1383 366 1669 481 11 0.1229 1283 415 1383 507
aukrT4sTEgFSpLSCUzC559zhljQLOrkp,3 0.4326 715 1466 1625 1941 10 0.2052 131 1978 290 2190 11 0.1329 591 564 792 617 9 0.1109 1069 1774 1496 1948 8 0.0770 670 1323 761 1420 11 0.0586 698 587 838 644
ZeRNjyynuAFG695gGEFUkN0nTOt0gMwl,14 1.0 0 0 1 1
7AwbORLsV7Av4ALoezruD5io8afK0l0C,8 0.9628 305 1608 381 1684 8 0.8887 389 1587 497 1683 7 0.4752 305 1605 382 1681
cdXoqfNZpoBDM53mTQrF78BUXlH0TT8e,0 0.9988 1367 879 1754 1358 3 0.9784 960 1772 2198 2312 9 0.0873 1005 455 1692 2401 0 0.0805 971 883 1775 1703
4B5eliMqwYb99U3Ij2OCfFZjbiG8UnOh,11 0.2769 538 145 797 186 10 0.0801 1786 1481 1832 1583
6J8wX1cb16ZiodlYb4nQ8SJUWZP6wvvw,13 0.3431 1891 1838 2052 1944 0 0.1918 1184 867 1460 1143
jsbUaSD3kpXolKTto6qc37B6oZeLHnjs,14 1.0 0 0 1 1
D4VOWcA5LCGX0sAnDVvz36ZCSwTYKmMi,14 1.0 0 0 1 1
X7eHIqiD8w5pYL2weHwmNfLaUsa66Iyd,14 1.0 0 0 1 1
1NlGsgRqP2r3ezs2AZZan9BTmHFja7Ay,8 0.0980 886 1194 950 1263 7 0.0533 889 1192 950 1267
1GLECFsNISrTtNtg5wcdFFNc9rXaCGHR,14 1.0 0 0 1 1
54lCsDSfaWoNBojU98vmehxZvEtXNULj,11 0.0863 604 409 913 487
Ax5bOjMaqHl0TLhnhINCFQkke4UhwCVN,14 1.0 0 0 1 1
T4rgPYWtPIS3vHhFe9ORvl42yTcZoZuM,3 0.9809 790 1413 1802 1825 0 0.9632 1123 772 1422 1074 10 0.7002 243 1803 382 2024 11 0.3260 1400 525 1652 582 7 0.0839 755 1272 957 1533 13 0.0628 402 1595 593 1725 13 0.0625 422 1546 794 1720
RXQWRUL3jqMAOSbqxMrILMJTDkr5YF1I,7 0.8498 1488 922 1700 1149 8 0.4530 1495 937 1694 1143
MyIdECYRT0BYB3FVRqMYQ6uqiRcEg1n4,11 0.0647 1279 477 1457 515 3 0.0615 646 1475 1511 1928
e7hC3QSMJYzdSIfEjVM0WqHyDhsusOO3,0 0.1303 1074 659 1302 961
iitI5mrdiCUdP0QvRN1I1q2NChrw3OnL,8 0.4989 806 396 898 507 7 0.3361 241 456 608 1328 6 0.1952 277 550 562 978 9 0.1191 0 386 500 1267 8 0.0804 396 575 526 717 7 0.0689 39 336 528 1230 9 0.0528 9 201 341 1019 7 0.0502 245 492 546 963
ZEB1SZxpjx3tDXtf6WtCBPm4RxBxEXjW,11 0.9316 708 483 957 567 9 0.7090 415 2081 834 2342 9 0.4363 333 2016 940 2473 10 0.2783 221 2323 375 2612 13 0.0741 1804 1792 1994 1858
S0OxU84uuWmPGDlpSagmYYTpLkePUPOl,3 0.9905 903 1613 1774 1977 0 0.9797 1191 783 1522 1181 11 0.9110 804 486 1009 578 8 0.7589 498 1827 574 1931 7 0.6294 494 1833 582 1926 0 0.3413 942 776 1512 1475 9 0.1304 496 1832 570 1923
XWzK5yzFOoKE8wW2lOXcWN0vcjSA303U,9 0.1718 348 1175 781 1695 9 0.1616 0 213 847 1558 7 0.1126 112 493 946 1925 13 0.0976 569 1246 771 1673 7 0.0870 640 1480 738 1616 9 0.0622 224 768 863 1785 7 0.0580 241 899 838 1807 1 0.0564 500 1228 780 1660 7 0.0548 99 667 793 1485
aL0BS9XpLM2aK5nDrzy09ZoW6lcOcRpz,14 1.0 0 0 1 1
cxnaWtzkjVdSZqrUdcWFtrrgChLps1Gp,0 0.1776 1491 675 1816 989
5DS4xc7lLGySeXkdjgQROOmK9jYHyCVZ,8 0.7638 1186 538 1342 706 11 0.0942 1804 337 2003 410 11 0.0755 961 372 1149 502 8 0.0694 1915 1011 2077 1163 3 0.0682 1314 1478 2378 1877
aUMUDzjZAi5i61Yavix47dJ2BWiHCCbI,0 0.4412 1211 710 1504 1049 11 0.0579 585 461 911 590
FeGCesye9e1yG9R6juvyqfmZtQJ86CMM,14 1.0 0 0 1 1
5UHMC7HmKlE8E9pTpen5ReDRhIEQA9PK,0 0.1852 1242 720 1601 1106
LEn2GWxPX5TgtgMRdBn2SIX0Ov3HNqMA,14 1.0 0 0 1 1
rPZHaRKa5mNx2vPuwqLQfXn7umZNHqbp,8 0.0948 423 1375 499 1446 9 0.0632 904 660 981 770
HUvqxqvgA27VA4wGJ6fxop9Gkd5WyVRi,8 0.1101 350 990 414 1058
8dPlolcMGwkn0Bf0QV7mSVyZwGNUYZTD,3 0.0913 684 1414 1452 1792
OUcX5AwO4dwjQR0JsW4lZyEV8j3zACBT,0 0.9284 1087 705 1324 989 11 0.2913 411 575 783 849 11 0.2672 1221 520 1488 599 9 0.2637 0 439 920 1630 3 0.1492 797 1472 1654 1884 7 0.1033 0 422 915 1547 13 0.0590 170 555 900 1139
EcgS5CY5fASWl8rl8oxdu3SLS9dNXptW,14 1.0 0 0 1 1
MPBK3ooXuvoootkmUlMqnMuyK6O0bkbm,13 0.8898 651 336 795 503 11 0.0682 540 299 807 430 13 0.0507 579 318 832 511
RsYleSmGfA1jLfwcUMGgW2wRu2D9rgtK,8 0.0919 638 0 771 137 10 0.0575 112 1626 200 1751
l13WTsvtkZASykSOsaF9foIYZQewRkTe,9 0.0670 2299 665 2489 1053
duagvQmdrcDW1zWk76MCHZnssrJx7CA3,11 0.6375 516 470 949 658 11 0.1196 1387 466 1690 536
ZLKO7acD9ZT9OU3NZQkUp04USkj1POzz,10 0.3963 474 2379 557 2532 0 0.2100 1534 1055 1866 1421
Ml1DtNE0ofNdljq9S2BH6BCXAl9PFT1O,14 1.0 0 0 1 1
Dfv0orKnyRDQurKk9YQnm8XKtJRDGLkd,14 1.0 0 0 1 1
jjEpKFgG2CbEaiKYHUXjMMM1c8cRK1eq,11 0.4782 759 363 1021 439 11 0.1193 1367 343 1611 414 11 0.0845 825 378 996 434
bOlsGSkVYc70LeWUannNBqvdqsMWv30F,8 0.8067 320 1693 441 1841 11 0.4120 640 214 1037 369 8 0.4022 2015 1298 2059 1336 5 0.3902 1662 1407 2080 2030 11 0.3872 1336 231 1659 335 9 0.3048 324 1717 439 1830 13 0.0958 1612 447 1843 653 6 0.0901 1564 301 1948 781 11 0.0734 1369 186 1732 359 11 0.0566 1454 216 1715 329
XtiCrG7XDVCRgLX38WMwbtHoLc8uGC0I,14 1.0 0 0 1 1
wGxthsVbMXdhKfIlpzPQSodYvaa6sL3V,14 1.0 0 0 1 1
9GARCnUKdm9XypPrrC6Jj8NdfHJnpkf0,14 1.0 0 0 1 1
O1FTc4RZxNauiaPLFFSKhDVXU7r0eO1I,8 0.9997 589 1596 782 1789 0 0.9962 1419 688 1774 1092 3 0.8923 993 1581 2061 2009 7 0.2509 308 1526 842 2122 8 0.2374 536 1579 800 1893 2 0.1610 442 1486 848 1971 7 0.1289 1511 267 1785 458 8 0.1284 508 1798 609 1915 8 0.0918 429 1531 829 2010 9 0.0849 1100 221 1690 1937 9 0.0838 316 1794 1122 2275 11 0.0608 995 251 1175 340 9 0.0567 453 1533 822 1997
FdU2pZVa6xxdr71CrNBOcqvllQ3LhO6m,0 0.9990 1002 604 1306 926 7 0.9962 1347 845 1783 1122 10 0.9859 1473 915 1867 1362 10 0.9850 1391 767 1901 1477 3 0.9753 586 968 1635 1443 0 0.4543 706 585 1288 1073 8 0.3226 718 459 874 629 10 0.0619 0 2026 60 2188 10 0.0605 1089 645 1979 1702 10 0.0566 1 2061 85 2228
z99xOOrp2SIWJDBJZGytNCzFn1l71fp1,8 0.6980 351 1360 440 1453 0 0.1866 1085 695 1314 931 7 0.1246 334 1360 434 1461
WQAgIxoWx5s8EHYh7qr7WZerAH3fKdM7,3 0.6260 905 1385 1787 1650 0 0.5301 1189 669 1454 978 9 0.3011 12 726 771 2329 3 0.0896 71 1695 1994 2379 3 0.0867 886 1318 1851 1808 11 0.0689 739 404 1022 518 9 0.0575 0 416 1190 2095 7 0.0504 72 330 1096 1711
OzOUUzGaWL1dlmEj9tfjJbswGXnHLlIZ,3 0.9431 882 1527 2113 1957 0 0.8455 1351 925 1661 1241 11 0.0522 721 586 1001 734 3 0.0521 1332 915 1662 1246
Aof3cxdAfkEeXEjI0DFCcse42UH1KHQn,9 0.7125 2179 1026 2271 1091 2 0.6121 2182 1030 2273 1099 13 0.5705 2182 997 2314 1095 13 0.5236 2181 1039 2252 1088 11 0.3647 2174 998 2320 1098 8 0.3118 2177 1026 2263 1093 10 0.2162 369 2320 456 2486 11 0.1515 1758 341 1989 442 8 0.0872 2183 1042 2246 1085 2 0.0813 2187 998 2317 1100 3 0.0807 1152 1752 2136 2174 7 0.0527 2181 1011 2308 1088
qrs7VQbtWRDI5n4Q5j3e7VSqay0Bjno4,5 0.9231 830 578 1409 1580 6 0.8645 799 659 1472 1458 7 0.0506 787 825 1442 1473
zBRCB2Z8JDnATSDvDu3NviwyjHnXMu1u,14 1.0 0 0 1 1
t6hSgzUtAgDA2KpWMLMTtvCQlEc041d0,0 0.9858 1497 776 1853 1134 3 0.9503 1208 1427 2275 1883 5 0.6620 589 1342 1375 1821 7 0.3796 2026 1302 2414 1843 10 0.1839 2310 1724 2440 1959
zi5SZmGQ1fFAZA8ppwi2mFz1xRGbsf3b,10 0.1503 2633 2602 2760 2826 11 0.1320 711 2539 861 2715 10 0.0650 687 2519 860 2675
CTEMtF9KvjFazScOt02AfurFQeOFNref,14 1.0 0 0 1 1
sc11mMOQZ16GyDUczHKGKmRDxOrnha5p,14 1.0 0 0 1 1
LwpocpD59nll97UjrPz4jgmdIdeZwMYv,2 0.7229 2306 1941 2425 2055 2 0.4525 2264 1909 2468 2072 8 0.4339 2298 1936 2423 2050 9 0.2926 2303 1940 2430 2050
nR5TV0Rf4y7yId2dWeV3sWb7V8d4v3Q9,14 1.0 0 0 1 1
3LRO7ffNR5s4fNq99B7ut5UWQuShozU5,11 0.9457 607 439 794 493 0 0.9111 1016 664 1211 853 11 0.7921 570 441 797 528 8 0.7756 1480 1353 1531 1406 11 0.3418 1107 404 1310 462 8 0.0995 1281 615 1363 737 5 0.0969 1142 399 1692 1736 13 0.0852 1107 704 1158 789 10 0.0553 1703 1779 1791 1930
ktSXXZL3Z3oIrentocTGXWpTKPmtupWa,14 1.0 0 0 1 1
mz6jgb3wVgbeNG4Zi2LZZPta7wCfLlIJ,7 0.4490 11 454 719 1891 8 0.2662 320 1598 421 1692 9 0.1671 0 685 749 2335 7 0.1464 26 565 634 1388 0 0.1154 27 702 595 1515 3 0.0919 713 1575 1624 1816 8 0.0780 42 840 631 1834 7 0.0740 834 826 979 1179 11 0.0721 530 547 835 646 3 0.0712 683 1480 1670 1952 13 0.0599 45 663 608 1564 9 0.0524 15 203 653 1468
dQiJQBt8N96WRaxNInEDZ0I7tg2SAIQ7,0 0.2000 1140 788 1328 995
T53YwgnX7MNljQ8HpufnR1prhcly6EaP,14 1.0 0 0 1 1
zebeIZuzY3AhxuS9xSyCi9LNnbcBxWNO,3 0.1960 767 1031 1434 1405
fu413UYOJlWFM7QcOnC8c3Kc5f6VqFsR,7 0.4111 146 567 693 1626 8 0.1332 1474 1543 1588 1680 9 0.0830 303 1309 933 2372
YDNhTLbRhIraCpxnK2lhbhTB5aiiEvaY,3 0.4383 593 1459 1449 1951 0 0.3358 893 813 1151 1114
iaZDk7jcgmvflBP9ozmFuKBGRJSOX6ux,7 0.5910 1543 671 1994 1494
BpHU6C76wzMeCj0edF9Z1iDUqxgGhpFR,9 0.3614 674 2832 772 2906 8 0.1648 964 246 1016 290
b7KMfind8DPVksslhhEmxeSX90DEdVa4,0 0.9419 1286 600 1611 892
BHo7ayObOhRebKNqrIFxMDzSquua0zdE,0 0.7985 1256 672 1538 979 11 0.1523 1355 343 1869 548
2dBSirjO7tu8uvjbuJMbs6n0WbiyM9WQ,14 1.0 0 0 1 1
d9xokbHCvuBIFbLgBb6S2RpSsPp2KyGp,3 0.2284 1340 1550 2552 2013
Kcen06ppoW9LGfyE8DSLs145k6aPBWjb,9 0.2511 147 22 482 251 10 0.1986 2 0 419 679 7 0.1225 0 3 417 467 7 0.1140 34 6 422 222 9 0.0966 282 23 421 222
8u8I2MIjoxQmHpp0wPqpuPmhHXHtoOhe,3 0.9970 1170 1472 2334 1955 0 0.9777 1600 709 1911 1094 10 0.3724 2156 1803 2472 2197 5 0.2531 746 844 1252 1839 6 0.2039 1920 1257 2470 2031 10 0.1582 626 1822 740 2091 7 0.1484 1841 1559 2497 2115 10 0.1039 2040 1675 2501 2233 11 0.0734 2318 1811 2459 2057 5 0.0567 1927 1208 2468 2038 10 0.0546 2296 1745 2500 2143 11 0.0529 1164 328 1391 386
FwNr7wUO5WERltupW4ZlGgOKneZrBb9U,14 1.0 0 0 1 1
IQOtibMiv3a5Lo9InCUlTDu64HaR7dtz,3 0.5287 1081 1520 2397 1972
ViQjOTqfxiSy2NpLeRGBYzF9vphe33KM,11 0.2186 767 351 1013 392 11 0.1077 1372 297 1581 410
muOKw3j4jQNutzUUjPMDc6kWYNT8aOAZ,14 1.0 0 0 1 1
YC4LNzLuSkMaJEBRfxZhN1GO0GsDjRCk,14 1.0 0 0 1 1
44cLPLj3V4xSdabxoJBqg8QMJHYys0us,0 0.9614 1091 518 1377 878 11 0.1674 1184 221 1424 326 7 0.1251 298 954 745 1694 3 0.1199 830 1331 1600 1745 11 0.0900 1201 226 1373 287
zZFZLPeWhIKHRiNaspUJKkuNvcGEd7YE,9 0.1430 177 1845 843 2376 0 0.1320 955 5 1457 263 13 0.0810 69 352 645 1262 1 0.0714 45 336 653 1237 11 0.0681 1186 426 1569 552 11 0.0676 31 311 671 1143 7 0.0651 33 302 628 1202 13 0.0593 209 529 606 1174 13 0.0585 369 664 585 1007
NcUYpb36JBjfe1bFw6OvU8gC92DlZ56L,3 0.1333 705 1281 1686 1714
BUKPlHg83bOwrxFrZdVkCaMvcC6zqqbr,9 0.1043 520 6 889 736
ZdpGkNG0pInl00dTcNgNIh2t4EwprJb8,0 0.9750 1306 730 1641 1107 3 0.9068 951 1628 2085 2101
ona97YPBGpBuZB7iRKkiTaSkZbaxqoqj,11 0.9234 737 372 1014 430 0 0.8595 1261 737 1530 1058 6 0.7644 646 1549 974 2001 11 0.7297 1523 408 1808 487 7 0.2965 638 1521 977 2013 11 0.2218 1478 421 1777 465 11 0.1938 673 354 1010 451 11 0.0726 670 351 1076 536
lN7e8gGz6I4ivUQy0jefUTnI83rl6uiy,5 0.1177 314 663 1393 2119
r424I1okPGQMFR5VviBuQZ9yrmHTlgG0,0 0.6040 1335 1095 1635 1395
op9RHqhflY4zV83k6kVzrntfRSu8mgob,13 0.1933 741 896 866 1092 9 0.0736 763 876 892 1123 7 0.0734 230 909 853 1793
eODKwRUYYvuEYsEhJozRZjhxH21euaSb,3 0.8230 635 1491 1543 1918 11 0.7465 1040 540 1183 636 0 0.4403 937 836 1192 1126
2bgI4aWci3LXPUyTRvbfecNhXk47PuQw,14 1.0 0 0 1 1
pKQLBzmOxT6FFqxPIppoMwGWAhRs2Eqc,9 0.3340 2055 142 2661 394 9 0.2030 1905 40 2682 351 13 0.1067 1935 27 2652 346 13 0.0912 2158 138 2568 308 5 0.0503 1941 10 2692 388
vEUPJcKlTzFLgx0VqcO2nWh7Z5UQLPJ1,11 0.9171 1271 276 1616 424 9 0.5468 828 2137 1447 3022 3 0.4567 1459 1257 2471 1667 11 0.0726 1350 281 1583 373 11 0.0547 1440 281 1642 398
Ok3sq6JczodyhaNdLhswA9oaYD0W1Rir,3 0.4283 873 1239 2094 1708 0 0.3802 1233 718 1568 1031
dE3kb00owiNAB7mPG54ZbPBKYgN73QET,14 1.0 0 0 1 1
O163bchLH4bRWMtKmGlHsGSJ3nTVOItk,5 0.3719 348 659 951 1759
kOYa3KllF4IddfeW1HIMBEQHEtYMPzVU,3 0.6914 636 1340 1552 1715 0 0.1318 983 637 1209 893 9 0.1163 1 1287 818 2397
caWzob3uuciOzgsyIupNUiJafUkchBIL,14 1.0 0 0 1 1
LTaicG9Nv0sSJ3ECKoBpBU7rDiM43T6n,13 0.1464 1809 1853 1974 1900 7 0.1238 471 937 539 1007
n1BPVFrz957Hj7TLsNoGbyojav2JeaOW,5 0.9957 1124 295 1911 1825 11 0.8916 1278 199 1558 409 5 0.7861 66 182 943 1846 3 0.4776 646 1249 1656 1711 0 0.2984 791 554 1286 984 5 0.1851 86 763 724 1836 11 0.0553 1145 196 1499 379 0 0.0537 1000 595 1274 958
EIUSRGn9giGNFISyInOSmdpovkkPbNGM,0 0.9566 1267 910 1844 1355 3 0.0831 1177 1554 2218 1947 0 0.0809 1479 906 1808 1254
2GV5jeyJfmcB7IiH4RYQrYLoLu0TfTAt,10 0.0845 194 2446 294 2601
Gbb6pz9qip7O7fLGAi6i0hlSLJza8StJ,8 0.9863 718 1439 865 1574 7 0.1148 707 1439 881 1639
4yaM7b3mWC0ceLolcIYjOOWjOHVqPFxe,9 0.1181 1552 1451 2440 1903
fdEm3QkNm6wcdohdEz4KYjyCpRfS0Vb5,14 1.0 0 0 1 1
Z8v7OAGBiDOttx30HANPdYPhXbWtdyIa,0 0.3477 1628 706 1870 988 11 0.0925 943 319 1307 460
cZfcqSpEWrJGPean4MdUKgnbO8GgFvo8,10 0.1749 235 1741 324 1859 11 0.1542 228 1738 331 1883 3 0.1457 706 1156 1504 1627 10 0.0511 227 1658 323 1881
OQ63C0n95y9JxrsbD9A9N7hhCy1kGXwk,14 1.0 0 0 1 1
Hen2OdD8DE2ZtRt5yvYqsMJJgQpdT0Ng,0 0.9055 1343 703 1610 988 11 0.1866 676 369 926 531 3 0.0965 945 1520 2037 1895 11 0.0539 1501 449 1808 536
L5tO7bUd3XyX9xrI7zT4Evp8AXpLAkM2,13 0.9377 1712 1463 1939 1545 13 0.5758 1630 1444 1941 1609 3 0.4690 693 1438 1688 1782 0 0.1587 1061 748 1294 987 11 0.0956 624 321 878 401 11 0.0698 502 310 870 438
SCV92BOUtUGsXnb7U7JESCk8fFWCO1pR,3 0.2123 744 1287 1674 1756
K3BL39EQB9UPPdx07AceD5NlanQAsBqH,13 0.2634 2028 1830 2147 2014 13 0.0619 2380 1427 2431 1454 13 0.0513 805 1502 1028 1637
8V0RYnD0DGlH4izN9mWCbE4ZbkFkmpnK,11 0.0791 789 272 1148 432
02lnSbnT4byIfNdRjUZIt1HWrIgj4AAn,0 0.7819 1347 693 1628 1022 11 0.4254 1495 427 1757 525 2 0.3171 1637 1213 1704 1327 11 0.2873 1451 374 1732 455 9 0.1695 1512 1178 1734 1588
nx291NubIUpSrU3LfaTLYqTuOZUyyusX,14 1.0 0 0 1 1
axn4SfV5VuU7FedaCZ2AFzY4awcext7p,14 1.0 0 0 1 1
ScuOCDLi52JzhmpTukkFO9gzOYRR7TJx,5 0.6956 73 295 925 1767 9 0.0608 51 1535 772 2026
e7sW0kIxm0vNVVWat2qSiSQa5niIxhSp,10 0.9981 147 684 902 1419 3 0.9910 775 926 1735 1310 10 0.9175 172 747 411 1182 7 0.8615 297 769 882 1065 0 0.8366 1085 483 1351 788 6 0.7093 278 344 979 1095 7 0.6323 279 388 931 1076 11 0.5796 143 776 402 1132 6 0.2945 352 728 907 1064 11 0.2175 119 689 496 1215 11 0.2065 626 141 859 201 13 0.1797 316 676 636 847 7 0.1597 213 748 477 1093 10 0.1160 139 821 479 1301 11 0.1072 169 811 648 1133 10 0.0948 1823 1143 1940 1449 7 0.0912 260 877 840 1128 13 0.0791 327 719 733 932 12 0.0649 263 96 1026 999 11 0.0644 166 480 655 1275 13 0.0626 370 765 864 1021 6 0.0615 338 412 757 977 5 0.0570 274 458 901 1055 11 0.0543 585 136 783 193 7 0.0516 156 782 393 1119
ydx5YDORH3ebOjBwU6umOfT7S1qkWJQG,14 1.0 0 0 1 1
Z7jJHHbkQCcHQ80HbMysrK89wi3pEcZN,0 0.4772 983 662 1600 1292 11 0.4408 1412 258 1897 482 0 0.4378 1200 687 1577 1187 11 0.2675 1418 282 1717 398 5 0.2196 1243 364 2353 2486 2 0.1467 1313 702 1540 945 11 0.1236 1467 294 1850 432 11 0.0815 1426 300 1651 373 5 0.0584 144 339 1104 1916 5 0.0551 1517 679 2169 1506
vJOTNSAMjEeWbiCtVql8WE3F9Zg8jiSe,0 0.3858 997 0 1395 226 11 0.1344 733 332 895 385
uI67Ylq5qI2dZOZjS3ZoMkeYW8Brc5l5,0 0.3143 1030 818 1311 1143 11 0.2277 1118 550 1315 674 3 0.0838 734 1437 1594 1935
soy6BLSeBDEO2kntUozz10s9qFf61qDe,10 0.1599 144 2188 262 2325 11 0.0881 132 2199 269 2332
YGL2Zti4g4MAP8S95vTiQay2cGHAyTfg,14 1.0 0 0 1 1
zsSOkUPfW0c9TGLABcIiYAIf48WADDeI,10 0.9904 268 1056 1033 2032 7 0.9830 366 1220 843 1806 7 0.8200 474 1310 1000 1791 10 0.5947 255 1177 776 1918 11 0.5804 715 261 1041 357 7 0.5259 580 1469 1003 1851 9 0.1454 642 1522 1020 1761 7 0.1034 592 1442 916 1718 11 0.0828 660 240 967 388 8 0.0619 535 1471 1061 2120 7 0.0545 543 1473 1067 2097
leylZKdCbHINq0VSre1f6i1PlKWq3iag,0 0.9991 1443 874 1846 1291 0 0.7780 1039 838 1827 1602 3 0.3758 1017 1738 2088 2132 13 0.0943 641 1886 845 2007 10 0.0694 267 2264 355 2429
xLb8o8KmOrTplk0kjwdnerXo96DU48Wl,5 0.8621 1286 244 2287 1990 5 0.8270 59 353 1117 2055 0 0.7741 1187 541 1553 946 8 0.6145 1967 1623 2044 1698 8 0.5861 2129 1778 2167 1810 5 0.5467 163 940 833 1833 0 0.1911 861 542 1606 1125 11 0.1834 1332 240 1747 382 2 0.1773 2102 1722 2182 1835 2 0.1702 1244 537 1531 893 11 0.1098 2070 1773 2233 1984 9 0.0659 2117 1705 2172 1835 9 0.0556 1964 1630 2048 1702
mX0pgSoIkETI2FbtuA4GnfdAVkHSeAUg,3 0.9957 821 1340 1736 1821 0 0.9940 1087 686 1335 961 7 0.3772 1379 969 1833 1720 0 0.3441 838 680 1347 1266 11 0.0746 1667 592 1732 674
IJ1DJslhiL48dKMDTs4VpUry0O0Gul0a,0 0.6343 1066 850 1306 1105
jb5rhY39XYQlKWZuOEyuvaj7KwYYXHAA,11 0.3772 1471 23 1950 240 11 0.2774 615 67 1032 243 11 0.1470 676 76 969 194 3 0.0697 870 1229 2116 1753
aZ5cFjaWuGbLDP09yLx0iWEyKjYcWMvz,3 0.1915 1321 1419 2343 1854
Zqz2AsfJI8jFVWiCzbEN8zj40eLS6fcu,0 0.9216 1252 906 1532 1255 13 0.3195 1977 1532 2080 1671 9 0.1261 1980 1535 2057 1669 0 0.0709 1004 890 1521 1385
eSrM9hgtT9Z2zt8RqaAPQRLEZKP1NBE2,0 0.1195 1275 708 1489 914 11 0.0647 1429 370 1609 415
Mbn1HLuQQoVoFm0lfdkTc8c6p2KRLYwR,14 1.0 0 0 1 1
XqSv8OBcyYgz0NxDK9EkBdiNd1hDjhTV,10 0.7745 1744 1832 1862 1991 10 0.3126 238 1830 311 1927 8 0.0893 1630 1713 1738 1831 9 0.0634 1450 1957 1535 2106
GqSNFFlgCnMjcMcT6VcBODoIfQ6TuYfR,11 0.5565 1144 199 1447 279 3 0.4673 680 1075 1585 1358 9 0.1306 38 1118 873 2336 0 0.0570 1048 484 1250 695 11 0.0501 1119 178 1433 329
eBIkmUIua7iZX2OBOUxX8L5rENjc4YUI,14 1.0 0 0 1 1
oWEHIZVpxQGuXsrypATdbKHfH0sKhJGW,14 1.0 0 0 1 1
FbRj4drpQ3dE6BZaLgGo8UYTFOkCLXam,11 0.9532 586 375 920 504 11 0.9418 1206 424 1508 518 11 0.6840 1240 406 1493 483 11 0.4905 570 366 801 482 11 0.4225 600 391 781 464 11 0.2101 657 391 876 461 8 0.1329 259 1839 313 1892 11 0.0963 1272 393 1442 438 7 0.0696 1546 820 1700 933
wi9mBsJ0I5jBHstqmKHLRBmcvUOCLg9S,14 1.0 0 0 1 1
jLP0Gof1Aop9X469rMOMj5g8wL7S350p,6 0.8393 443 1196 1068 1961 7 0.7020 419 1239 996 1950 6 0.2639 502 1259 961 1709 7 0.2217 496 1279 964 1679 5 0.1951 476 1268 1022 1911 9 0.0750 463 942 1099 1853 4 0.0669 555 1259 1016 1694
E1OE7FjcqOYQXjpiPrRKbBarNT2JjNIp,0 0.9967 1494 730 1890 1206 3 0.9918 1052 1587 2363 2121
CXwt5ITnRVorDXZmGWrebpGAZzaWTXWR,14 1.0 0 0 1 1
lwCVpflJ8Agwb8OzHNFkHH3Nqw8Wtb7r,11 0.9653 1788 321 2002 453 5 0.5287 1730 1181 2181 1832 11 0.0662 511 347 903 515
pWcJBKHtucGxD0ImhKDJtbRFhsis1hnZ,3 0.3028 830 1442 1653 1887 11 0.1564 1279 536 1454 611 7 0.1555 37 650 808 1968 9 0.1244 11 534 691 1914 9 0.0666 161 1641 992 2320
nsqHcnIci59ZpG13dMMxDXwo4FnIk0sA,3 0.9742 1229 1440 2195 1767 10 0.1836 543 1687 658 1989 11 0.0510 1817 512 2080 567
A46GsrH4L0LAFWSyBckJMI7KL9F0yC76,0 0.0612 1700 1498 1893 1891
LlwupYVae7ekU8hoNYqGpwn6twzVPVbQ,9 0.1567 1414 53 1826 674 11 0.1168 738 527 1096 656
EDBEOUvBUdiCiqKEGSeO75lfpwvlq3cG,8 0.3316 1279 1707 1548 1920 7 0.0687 1282 1699 1552 1933
1EqEu3CTDPmNaUthLSERNeHuwHjlosrl,8 0.9641 2202 2343 2270 2419 10 0.6957 324 2689 481 2844 9 0.2091 2201 2340 2275 2421
N9eqcDPW3DdnFjKWumbt9vfmxqdiatm0,5 0.2871 138 240 1131 2106
lWGx7uTHNrclAtP80lzfH4Yc1Ejwc8Nm,8 0.9803 348 1217 412 1295 3 0.8760 779 1354 1621 1709 7 0.3640 347 1227 414 1292 5 0.2334 236 618 961 1837 11 0.1796 746 474 877 536 13 0.0936 311 1191 677 1461
wsBETjEZzfl3njmfvlXGXXuyE6BNsiOx,11 0.9247 648 313 1012 416 11 0.5427 593 294 995 470 11 0.3331 1339 304 1673 401 11 0.1823 710 318 992 372
lkdbhi9jHV78zV6SRdbYh4Lns5zHVE2n,14 1.0 0 0 1 1
6wsrL1HajfaCvmTbLto2HzetL9UY6ZTg,0 0.6387 1093 766 1317 1048 3 0.1561 747 1442 1503 1705 13 0.0569 1314 1129 1467 1238
eZWh8n8IXTFxoUjgGfiS05DvEi3lqwd8,3 0.1595 626 1414 1658 1783
GuhAD514jMFLpFf383SKl570UzGNUsET,0 0.5255 1435 782 1751 1131
rqiD8oad4CtrAlPfmfnxCahRfKhkRYtB,11 0.3952 1888 273 2174 349 5 0.0886 1997 1060 2757 2356 11 0.0767 1096 288 1424 361 12 0.0534 450 148 1615 2395
Iom15fFwB8hPqkMO1mu0WoVORKvVWi7Y,0 0.9548 1233 836 1479 1095 5 0.3494 1652 1160 2028 1924 3 0.1900 839 1519 1823 1971 0 0.0694 914 809 1504 1436
JJmKoDivBTFwA1Mq5F5GE9lBo7iTJ5Q4,10 0.9385 306 2024 412 2213 11 0.5769 682 390 1044 553 10 0.4072 315 2060 390 2194 11 0.2978 1411 386 1714 456 11 0.2260 811 401 1047 460 11 0.2131 793 370 1083 473 13 0.1513 633 656 1053 1106 0 0.1387 1255 775 1545 1071 10 0.1184 273 1913 436 2242 11 0.0887 1511 382 1771 485
WuQdncun8drmDQBLibDKk0mjjlcxoYuC,5 0.3182 121 380 1158 2394
lGtkWb8HWyTEGj9HpwvwtUVSwQuzinee,11 0.9282 646 383 1148 573 11 0.3941 1578 342 2018 485 11 0.1013 860 448 1168 588 13 0.0762 1950 749 2270 1060 6 0.0623 1971 741 2257 1069 10 0.0615 171 2624 284 2783
BxhwjdqsMtUMikNeDKLcggZUtXgsOBSh,3 0.3677 704 1354 1510 1812 0 0.1977 961 807 1169 1050
1Ckeh7gch0AOm2vXsoEWQdlXoQvT5zdt,13 0.0894 358 439 469 503
JlabvN7WsrvJXDt40LSvFsy83NasLMIU,14 1.0 0 0 1 1
KWnW2gdO7tfaVR6Z4jCXEctFHv1U8Ys5,10 0.2755 92 2302 178 2450
blVgeXsbC2SsD1ugGI4FiPzkGOLOQQF7,11 0.9232 1022 136 1272 190 8 0.3986 998 293 1075 344 8 0.3897 2539 1417 2620 1500 11 0.3707 1017 139 1352 218 9 0.1445 2369 1178 3072 2765 13 0.1302 680 1672 958 1920
uwVdKpGOCjJrCLQQwbdURykPfSCTzv0k,10 0.4902 105 1966 180 2086 7 0.0624 40 357 545 1855 10 0.0588 1651 1924 1743 2072
IX7CsmDvs1qgSbnWZE7aIN8za9nk4WeJ,14 1.0 0 0 1 1
Zi3fGyzsltiSeBFIN4iprXvYzsV2nnA0,0 0.9919 1118 433 1356 711 3 0.8621 848 1068 1818 1439 6 0.2536 1496 452 1630 573 8 0.1109 1518 465 1615 564
c30pmyiefNscUH6vYFEhvKGhOGAlCLFr,8 0.9241 1694 2525 1923 2730 3 0.7229 968 1711 1933 2263 0 0.5812 1284 721 1515 955 8 0.4168 616 1926 733 2074 5 0.2240 400 755 953 1846 5 0.0743 302 678 1137 2338
zuIo4zO8l7vbTrsxim97fLKNuSHHUNMu,11 0.7292 693 306 1133 474 3 0.1316 884 1702 2149 2197 11 0.0889 842 288 1160 433
J98o51aXW8qRNgJbDcjhNfMZ5NCZVGjo,10 0.9587 2161 2289 2296 2525 10 0.6864 2107 2243 2325 2578 10 0.2617 2181 2333 2276 2480 11 0.1045 112 2125 321 2435 10 0.0586 142 2215 288 2396 11 0.0571 2141 2300 2301 2527
EgN8Nj2SljxmnoWkbhBJpTCgq7d28A1P,0 0.9354 930 845 1149 1091 13 0.2253 340 1522 665 1639 3 0.2078 659 1495 1427 1789 0 0.1213 821 0 1366 343 7 0.0798 91 1545 731 2430 9 0.0792 112 1588 784 2372 4 0.0649 85 1593 792 2360 7 0.0530 39 646 618 1946
h6Qu8sECmY3Q6gqOA0bF8Cc4QY2fyrUG,3 0.3415 698 1613 1486 2026 12 0.2012 57 638 956 1970 9 0.1439 146 723 1037 2016 0 0.1210 871 1009 1209 1350 0 0.1052 1011 1020 1220 1242
T5nl0MhVjkq7kWTqW6eoSm32YYi4roTI,9 0.7659 397 1210 819 1721 9 0.6965 351 1045 902 1879 7 0.3970 393 1220 873 1706 0 0.2931 292 794 1399 1791 9 0.2671 132 953 1215 2372 3 0.1939 210 1270 1522 2387 1 0.1920 88 1545 819 2500 3 0.1454 329 1098 1526 1916 4 0.1249 116 1667 826 2457 7 0.1090 325 1015 921 1844 7 0.1040 68 1593 790 2500 10 0.0980 53 1965 335 2462 7 0.0899 83 1932 358 2500 4 0.0897 271 948 956 1833 9 0.0882 77 1711 776 2477 4 0.0879 163 1901 623 2478 8 0.0591 463 1785 598 1975 4 0.0571 44 1123 936 2408 9 0.0545 269 729 1317 1845
wZkFU1eYBXIWv00JlDdiOvZ1VW4Hapio,9 0.7683 1 79 197 233
A8TsafmNx0hrQnMFM6aOPLpvaQkSywHC,10 0.2772 178 2376 293 2526
j06wnDsD517GOVP5PElbPkbtjJBGG1TP,14 1.0 0 0 1 1
Haq3PpK3buwN8RDjqUGkcheNPihJcKho,9 0.0652 776 1200 808 1240 11 0.0637 1099 559 1474 689
qCn3Ibp3AgExghJ5cNFnO6I2IU0GRDun,3 0.9970 1292 1622 2391 1987 0 0.9941 1749 628 2089 965 8 0.7104 990 638 1035 679 9 0.3207 726 1222 777 1270 2 0.2642 976 629 1050 684 5 0.2282 2050 1246 2569 1965 9 0.0609 835 863 884 908 13 0.0540 961 1027 1363 1378
cqUkbQCUAAph13V1O2ys5r84UuptgpSP,3 0.1530 1335 1511 2266 1831
VUxRRvZ8Y1GdTLbDCkhGb69hpIRd3pVG,11 0.6876 910 412 1233 517 3 0.1421 1229 1734 2313 2141
tCdwAPgOrAtIor3bQIl9AFXdkGFe8365,14 1.0 0 0 1 1
5MPqhLEFsmjB2oNGjNpJaf6L4aXRXuKn,10 0.9051 91 2225 171 2340 11 0.1713 1149 434 1338 491 8 0.1053 1817 1937 1902 2033 12 0.0971 146 427 928 1892 11 0.0762 88 2229 168 2351 9 0.0552 1819 1927 1895 2034
kp9mbommPGCG3FwPryluiYmuHqWz4azk,11 0.6948 1989 329 2201 474 0 0.2807 1543 775 1829 1075 3 0.1129 1310 1629 2228 2076
1QjxQ1W3fw40nKvFLzEFAIYQgzGNisAx,3 0.1163 835 1609 1724 1901
h2oqiibU41YTj8XMMOoAR3eazekNJE2l,14 1.0 0 0 1 1
8vUFxc7PHy4hHrzW8FfuSvvhfsj8zFLW,0 0.6685 1509 758 1749 999 0 0.0792 1560 2255 2126 2908
5hlRrehEZpIHhs8QMSL31NrX26YQLQB2,14 1.0 0 0 1 1
FxIfRh6KQOEtWQzf6QlBRqqIPWegPXzp,3 0.8802 972 1647 2258 2329 0 0.8393 1339 1019 1703 1426 7 0.8321 1709 1396 2381 2054 7 0.7611 127 472 1108 2892 9 0.4214 1629 1319 1929 1771 9 0.3414 1054 916 1652 2605 4 0.2606 1468 1337 2273 2185 7 0.2272 1582 1315 1935 1754 10 0.2115 103 328 1035 2762 4 0.1058 1810 1554 2322 2017 9 0.0825 1552 1303 2158 2105 10 0.0741 1525 1424 2480 2510 10 0.0730 1775 1533 2462 2213 7 0.0680 1849 1587 2317 2065 7 0.0568 172 1222 971 2622
6xE4PCgSsEmoPIvqzzNmhmXAjBmeOc02,7 0.0674 488 1467 841 1945 6 0.0500 399 1379 961 2067
YOWwaDsO1atRejjCltkzgXcKqcyvYMFn,3 0.9640 783 1417 1695 1783 0 0.6059 1105 817 1377 1120 13 0.1228 582 623 631 673 13 0.0595 347 1005 512 1132
ZAip0vh5gqkg24H8YOq00RQZ9DL7y5iM,3 0.9950 678 1094 1882 1567 13 0.9571 1783 1207 2000 1286 13 0.6187 1741 1187 2032 1380 9 0.2652 1051 835 1220 943
La0kfSkIRDC9CEHZTdnkHz4Iqe4ushf0,8 0.5839 1524 750 1574 826 9 0.5486 387 514 418 549 0 0.4019 1058 803 1303 1054 8 0.3832 386 516 417 550 10 0.2541 1746 1886 1806 2054 10 0.1213 1735 1924 1793 2010 2 0.0537 1527 750 1573 830
fdtPSrSzKjmXIBOTUYkh2OpmpzIrGP35,3 0.8437 925 1110 2089 1468
ULgVL0mltF4IPsdGiGmuysGIvg0i5Uvm,11 0.0813 1046 303 1372 366
rMv97dh0sjvhqgRWz9RdPBEtEUNaTuHu,3 0.1306 810 1081 1614 1510 9 0.0991 0 98 944 1335 7 0.0675 46 319 879 1377 9 0.0514 13 207 647 1098
VTKKZldQSJgEwCPARphICGKnAfCm6fU2,3 0.9748 805 1453 1692 1852 0 0.9195 1120 754 1361 1031 11 0.1227 1264 504 1539 607
ja66LHxO20mHOY7HT1bAA9ft3vBBbL8r,0 0.9987 1674 545 1962 880 3 0.9963 1445 1222 2329 1602 11 0.7304 1276 316 1493 389 11 0.4109 1839 324 2069 399 9 0.3249 1486 358 1748 845 8 0.1163 1008 1320 1102 1412 9 0.0997 1467 300 1799 1497 9 0.0908 921 1396 1146 1565 11 0.0865 1117 338 1459 457 11 0.0515 1821 344 2001 426 5 0.0512 877 453 1449 1456
TIhKtxVSyZNTxQ7DJx6szmY043CVjfEO,9 0.4417 0 1918 19 2241
9E7IWn3IRWmTwDJWDuChDtAfRqUWV01V,11 0.1763 681 292 888 341 3 0.1528 748 1443 1932 1910
g5YBwBeqUqjCXbniz1hLDWDHhaPt3Mhk,0 0.6622 1545 828 1906 1167 11 0.0823 1704 402 2027 503
85H8j4H2wimmKPhhcpQNCGbLNIvdDpPX,3 0.6584 1110 1585 1997 1966 0 0.0716 1396 858 1608 1089
eF4gL3BmrpvLdlaHRoBW8vljRzJ03ZPl,8 0.9672 301 1466 374 1549 0 0.0737 1723 513 1992 989 9 0.0616 168 1592 844 2126 7 0.0586 181 1434 807 2421
adUALJBFqMcqfzqSLlo4GmHvIydtdBQO,8 0.0904 2197 1238 2274 1332
s8BWuHnMHoMi7mrISNhr1O8aJP89COuK,13 0.0762 2149 2010 2269 2079
iyHQkUmBQsjOL69J5qfhWcSBLDHJP4E1,8 0.6511 1793 648 1876 710
oA6Na57waywddlS0k6prsjxFpIDwqyAH,14 1.0 0 0 1 1
vX71C9efGKJ3zS84zmqxpk8XZbUvwdrM,10 0.5389 223 1563 317 1717 9 0.0606 178 1454 838 2289 7 0.0543 199 1445 671 2396
Qec1wH4PMD9ga3UrB8cyAPN2BWG0Rhaq,3 0.7397 1272 1252 2317 1642 0 0.1222 1396 579 1906 969
wWByWqZjbgnK91sTtORXfmf8sxFmhlzx,3 0.8466 836 1193 1777 1567 11 0.4509 542 258 777 396 0 0.2317 1066 638 1316 911 11 0.1995 596 266 855 373 11 0.0636 1417 307 1583 387
hqhqOGcA5wMfJH8VlAAOIWCZXATJPaQO,11 0.1954 635 221 989 393
FXmkmMeo2vPJhqIuZsp7oBrhE2uQJ4ll,14 1.0 0 0 1 1
SRpg8wWQ22BDbQipPoko4t3nYfh63tMV,3 0.1901 988 1538 1970 1904
RV1hZCGXGHu0F3JO9GgtDsGS6nxuWqDZ,12 0.9989 16 481 938 2329 12 0.9854 147 570 941 1585 10 0.7138 13 2179 89 2318
baEZhABPF44doRzedu4BICmqvYJPTjEl,0 0.0816 832 0 1298 110
KTLudnXMpRtVqjtuTgPy2uSw4hFiDNM2,13 0.2967 1754 1467 1934 1636 5 0.2279 1305 582 2050 2246 3 0.1796 679 1560 1810 2056 5 0.0892 1707 1393 1973 1711 5 0.0586 32 509 976 1912
yN1Wn2s3t5dWMZGkGTUChb2gz1Ljl84S,0 0.9980 1376 714 1746 1086 3 0.9136 1080 1552 2173 1919 11 0.1315 1519 329 1768 459 0 0.1036 1049 703 1779 1474
9ULrbdGcLHacT0huZMfKSZY8h5OMUMII,0 0.4921 1093 859 1365 1148 13 0.1706 452 725 632 827
0jCWqfkaOie0EE2rTXDzIQ1jj87qMUev,0 0.9913 1194 708 1512 1079 3 0.1385 831 1360 1953 1760
ghrUhi8uvMbdt9gziNjks4iEpyB5GHbJ,14 1.0 0 0 1 1
TgP4Z2xEKPJzo8hupzMG3zJ4kukPYZPX,0 0.9864 1046 888 1325 1211 3 0.9772 745 1564 1663 1992 11 0.1377 1593 1896 1656 1959
IIZjr0ytsrqlY9ILdLzClmSSl3WNsf5B,0 0.9816 1060 796 1344 1144 8 0.9705 1362 976 1678 1324 7 0.7123 1374 977 1692 1342 4 0.2555 1357 966 1689 1350 3 0.2105 763 1624 1667 1983 11 0.1538 616 489 939 576 11 0.1247 1224 498 1361 617
foJG4alkgiPGt61t4u0pRWo1c4e6TUwE,0 0.9883 961 493 1260 817 3 0.9478 573 1356 1497 1776 11 0.8275 1204 156 1473 252 11 0.6843 448 117 816 237 9 0.1989 105 1532 502 1725 8 0.1374 1523 1451 1643 1607 11 0.0833 564 122 823 206 11 0.0675 397 121 747 302 11 0.0635 622 135 841 240 0 0.0625 617 442 1236 1205 11 0.0619 1148 138 1504 291 8 0.0557 1531 1382 1571 1431
fZvLa0bOi9Mnyt274IdvciWYL7RVe8si,14 1.0 0 0 1 1
wDEU2zhSlT3GcRQk7wejyafyirVSlJAV,0 0.7059 1252 1054 1491 1335
HiUWk5L4pP6pignpWVOkhbz3GKKPwPMV,8 0.3565 429 1458 496 1513 3 0.2112 873 1564 1943 1893 5 0.0945 1603 655 2219 1994
Kn1BISPAxdgp6UUZP2Q8jMxZagK6e5FM,14 1.0 0 0 1 1
Eo5l2CwCECOxvbg9p2FNQ9jHXxzUN8IT,3 0.9150 786 1394 1995 1845 0 0.1070 825 705 1522 1297 11 0.0525 1277 296 1487 385
9qpEKnWgVDpUtz1rhUoAvo9PP3WIJ8So,3 0.9946 810 1656 1997 2147 9 0.9898 1807 837 1936 933 0 0.9891 1295 810 1639 1253 8 0.7613 1820 835 1936 929 7 0.3169 1819 841 1949 929 0 0.3153 933 825 1637 1475 13 0.2919 1810 817 1945 935 2 0.0889 1817 825 1950 934 8 0.0598 708 1385 801 1473 13 0.0512 703 641 858 958
sFmBNSMylxOHdRC2sIWnzV0iu1RP5wiX,2 0.0651 2054 928 2169 1049
mHnkMJfNrVrlpSsK7Mhws5abFLuiMdWG,3 0.1992 695 1205 1678 1747 9 0.0970 0 1354 866 2244 3 0.0632 721 1316 1634 1579 7 0.0506 0 1261 950 2398
l4Rt0teZMcMC21hvCmW7oG1s8v8SpgFK,3 0.0601 863 1560 1728 1963
WSiFAk5lyuP5jUKCjUF6hR2q0fcjJxp5,14 1.0 0 0 1 1
FCQ55FcA7ZowEZYOcLRVY3zc7UPz5cZc,3 0.2071 1397 1593 2498 1996 0 0.1178 1747 769 2059 1106
zgrJ2e8kkxX9bFlBD0WCcpyHThXisIe9,9 0.7159 2101 1338 2157 1394 2 0.5186 2101 1333 2165 1402 0 0.4994 1394 972 1668 1277 8 0.2769 2100 1337 2161 1391 13 0.1199 2100 1338 2173 1396 11 0.0514 1548 629 1780 681
np2JUiqanHn5xA9kzwfsPnW0avqQJfyN,11 0.6252 685 610 951 714
u2dgPjwMdbYlTs3dsCsT3xAQMdcQgANb,14 1.0 0 0 1 1
zJnR9PQkBEbv0b0WoI36jbS6jwhCTR5W,13 0.6707 2093 718 2297 906 13 0.2961 2165 728 2277 835 13 0.1551 2030 682 2280 953 10 0.0970 2317 2450 2490 2678
iNuSUr5QIV6JzUrR1go47LygE0EqdUuQ,14 1.0 0 0 1 1
CsbvGcf3n0VhvQqVuDkAKX1UoGpr3eJH,14 1.0 0 0 1 1
LWgioOj6SCIl4cqhrd3PiVDs0hJx3pJx,14 1.0 0 0 1 1
pLysmWZJN061Lp4ryg2i8rsPKn6lNEmJ,0 0.8636 1202 867 1453 1106 3 0.0779 895 1559 1766 1911
tL8Hjs6ZV4z5yU8A4thW0psjmAdA9bZQ,14 1.0 0 0 1 1
9h1CNvTXg8bYjZn0z9RwQi2DMeRTHnoy,5 0.5718 182 531 1217 2151
oRr3ufhoXdUeHlE82QnO5COOPI0e8MvP,13 0.3296 2272 877 2426 935
NaNT2aAEYsjPZAPGlcXoSXaRfruEZSgL,13 0.1038 259 1597 345 1650
uZnUaWbSZktuynnxf6XP0HBW8vlRA8CC,10 0.9399 68 2101 174 2277 10 0.2976 2044 2096 2117 2222
IiOUUmViH0LSWfwGLvi4S9a6dSdqqvOP,11 0.0706 1754 259 1921 372
YZz5X88Vkx4J5ZTURLCiLxOXhgpcU5w3,14 1.0 0 0 1 1
pOQMxR8S6rowITDqcZ2x0sgByxx4StEA,14 1.0 0 0 1 1
fVGMnI7mCzJkUgJIegTmLzQLKINN2N53,14 1.0 0 0 1 1
YrwL62YIuHeGfZO2ZN4a6elia6aojLFj,10 0.3105 129 1708 198 1834 7 0.1606 3 288 351 853 11 0.0725 129 1724 203 1848 9 0.0693 0 257 354 869 8 0.0613 1 285 358 874
wnrPHzjTGswxkEIeWg04VibhJ7X9lUiz,14 1.0 0 0 1 1
ivWprcxql0JAHN46M7oYQeonUgxAVxp2,14 1.0 0 0 1 1
0dFk7qj7LpFbYUeDbeker6M4PPiLXt8m,14 1.0 0 0 1 1
uEYxlscXnwhSoD27mq3ZHx0i6aN0xsnb,13 0.0507 714 998 1080 1182
yobG420nqPRS9esaWpNJ65ZdLUTn26zE,8 0.0516 1293 851 1448 1018
D0mAKd4Iaqe5tJgDi7E6S29llDHqw3t7,10 0.1010 1793 1792 1922 2013 10 0.0536 1820 1848 1901 1995
DNTYAFt96mcR6IpfPEFMcU8SjNYfXqd3,10 0.1256 2056 2437 2190 2642 13 0.1249 620 1418 902 1624
30x64yicb4XTRRIfOIakZSabZCT3UCUT,3 0.6057 757 1269 1496 1681 0 0.0763 966 0 1347 193
nD062Em5n05vfjTNkC46pRCCiMaNOLfS,0 0.9847 1184 745 1501 1086 3 0.7348 809 1703 1868 2149
qosIuL9rvaccWmFmi7SuJ5HjII0fwEXo,14 1.0 0 0 1 1
O6LAPoNb8D3NM6SbI4QEpiNET4vqy1Cd,14 1.0 0 0 1 1
OKFd9sI0nOnurb30YBNivz3v5mUtxRMr,14 1.0 0 0 1 1
YFTGVJRqxJ9iFYdJG7lFvjZi85jJ0B4d,11 0.4911 1139 312 1260 425 2 0.2416 1767 1314 1817 1388 9 0.1307 1768 1312 1818 1386 2 0.0721 1764 1304 1840 1405
LMWC7SphjOJj3QV4iRNHX7QccQvqlUIu,14 1.0 0 0 1 1
iYCJ8CpQ3RdMLURrXCt483fkxoccZ3qH,14 1.0 0 0 1 1
4w9rnOZNSRe0fM1IDDhNVpJ6vrkwoG8Q,3 0.3971 707 1341 1530 1794 3 0.1072 189 1802 1959 2430
umrcWDIzHmyqMcRuThStlGaUvF6j8yn7,7 0.1453 2198 1182 2603 1623
fOM1r7xbVeqGw2oF9QLiCkS6ApU3158K,3 0.1479 1128 1559 2228 2067
xeSyEOXmN4TgwzDWOztq4zrbO1uYeq0C,14 1.0 0 0 1 1
W9JuJAH1T21obAbY06rsONV5sTpETGOz,3 0.1257 794 1290 1671 1593 0 0.0604 1089 787 1308 1039
pGYwVNfykgvcGzaqwUlMOLJiHne4fFVx,14 1.0 0 0 1 1
Yhs96vq0DVTW8NkFVl0jHDpFyCkbW3NC,14 1.0 0 0 1 1
7bj9ytTjYirDjKIr5ipQ8RYQoZnu8s53,3 0.9805 781 1103 1641 1395 0 0.9768 1082 491 1336 750
zezyx1fN1g6Q5GzMuulif24jXYhefzNU,0 0.9802 1447 799 1753 1116 3 0.9368 1005 1843 2250 2387
9JwOAYBx5WbYHO02tGue56YHvp1zOMHs,3 0.9975 1075 1340 2420 2120 0 0.9069 1499 705 1840 1039 10 0.9061 434 2007 604 2246 7 0.4795 1691 997 2068 1272 8 0.4334 1718 1020 2033 1277 8 0.1348 1810 1088 2046 1266 7 0.1287 1769 1250 2466 1993 8 0.0732 1847 993 1999 1119 9 0.0695 1688 946 2039 1368 8 0.0580 1637 938 2022 1384 3 0.0514 1086 1472 2351 1827
1LCaJLqL3zd0K2t8h5fnkkhjHh1j47TV,14 1.0 0 0 1 1
w0YMWbIhUKQZiPFtZVuOS2WcuHAFFL5y,0 0.4807 896 543 1707 1306 5 0.3192 231 509 1171 1965
IdFQm4GrHEJcnv7Hh74tDjJM5shzzse0,3 0.0564 846 1444 1931 2011
ziNqA5cdAQxs3E4zFttT12A3tPenkSdi,0 0.2559 1045 592 1554 1108 7 0.1974 930 919 1078 1145 0 0.0543 1264 600 1521 882
S5wqzohAdAFsn6DZoVSNHs5UKVMD31d1,13 0.6494 2090 1524 2316 1577 0 0.6334 1300 765 1612 1081 10 0.5704 131 2304 227 2446 3 0.5476 959 1570 2111 2098 2 0.1589 1490 1013 1574 1088 13 0.1476 2004 1497 2308 1603 13 0.0718 2061 1505 2267 1573
rF7Xysa1lcN5AsZgd7N8A9YT0uhyClJY,6 0.3117 505 458 700 678 13 0.2562 399 422 676 625 9 0.1963 380 397 658 605 10 0.1711 185 1551 261 1664 7 0.1340 505 461 700 689 7 0.1178 380 417 688 609 3 0.1120 119 1591 1670 2383 0 0.0749 908 616 1128 852 4 0.0735 486 453 713 682 3 0.0654 658 1093 1400 1573 9 0.0504 699 257 1037 945
P8jUzA5lJwu0rlWeuzJe9h0DR0mko888,14 1.0 0 0 1 1
unpxFc1YgN4SQr2H2AVIfoxWISegCCNK,14 1.0 0 0 1 1
sBJeF8hQfgdZKaJgUSmEcmuctXJ3ZOMz,3 0.9953 924 1431 1906 1843 0 0.9938 1341 715 1567 980 11 0.7859 1473 395 1708 446 11 0.4523 744 388 903 514 11 0.3324 810 377 1137 458 13 0.2095 827 1405 981 1569 11 0.1725 1467 412 1693 461 8 0.0620 646 1260 704 1305 11 0.0586 993 387 1143 458
uanAxA2ZbBkVPAuUsxAhPJojfNNNweu6,11 0.0848 882 401 1076 450 3 0.0515 920 1466 1765 1855
j5gRZ72mO8URdG5cO0nkrMknVQDKRHNY,11 0.8477 564 453 818 534 11 0.5051 396 479 679 687 11 0.4791 641 453 839 503 9 0.0766 1408 1987 1895 2477 11 0.0759 496 450 798 590
0WqvX5zOokOXUrzPeAC2MY74WTxMCp0q,3 0.0667 829 1453 1974 1816
k8TxcBSEMiOFF1eyuMmc5sDhr5HJVXeo,14 1.0 0 0 1 1
VHysKSsUsSOWfd1LjWfeot4AD26DqQcw,0 0.9992 1291 597 1641 1010 3 0.9892 900 1327 1991 1738 13 0.0626 703 977 897 1102
mQn44K3rB0ZhYB4JNr6D4ShJH1muPfru,0 0.9911 928 544 1193 842 13 0.9772 1498 835 1657 940 3 0.7943 688 1151 1545 1487 13 0.2441 1409 835 1679 998 6 0.1075 1496 833 1647 944 13 0.0999 1503 794 1696 925
28CnCXQODHMPwX8K318CidbUSQMJnc97,11 0.0910 2199 2040 2289 2120
D33ElEoTqwKltQPcUnKAteJeEGkFVJrw,13 0.8747 337 534 858 914 0 0.6090 1071 723 1350 1025 9 0.1633 30 1827 833 2497 9 0.1632 372 503 874 884 12 0.0845 358 493 908 1003 9 0.0728 67 1903 511 2430
iypKqqNynP6cV4w4MDqxfxDC7PZiWFXC,9 0.8276 647 1979 1370 2490 3 0.2828 1216 1622 2296 2321 5 0.2444 614 894 1486 2361 0 0.2040 1362 1002 1883 1468 9 0.0878 793 2019 1229 2377 11 0.0592 627 2251 789 2503 10 0.0537 2349 2205 2516 2441
JXEr1oscL0WPfi4n84h82et1mg59OgFd,3 0.9544 992 1767 2289 2398 9 0.0623 208 2015 957 2496 5 0.0544 410 1143 1125 2389
m5lLlajmSGzDmz3MZUR3E0w6joO1nsMa,14 1.0 0 0 1 1
siSTcdSFUn1hUIXpoWcQOlPER7UVob5P,10 0.9525 225 293 1451 2419 0 0.9516 1553 759 1962 1190 3 0.9142 1321 1760 2408 2340 1 0.3854 221 396 1394 2397 7 0.1958 236 400 1486 2172 7 0.1398 779 487 1281 907
JVXQUZMuKl50n3daqhlNBKDUXQlOT5gH,3 0.3721 744 1196 1621 1685
IpbFDh3GB22VFCxC3IXMXdPWmMhafDCN,14 1.0 0 0 1 1
aNWlLqs9MIl7HQcI1Z1q4qEsuSUxT0dP,11 0.0630 1514 321 1718 396
F1UVcBb4KrRPT7iuq4Ggd5spGLNkCzeB,0 0.9951 1356 689 1634 1004 11 0.6062 1741 299 1949 414 11 0.1184 832 283 1056 351
zxq5d7Jh3j2DTwdFqXMmH1OLUFRweQBE,3 0.9725 1303 1287 2232 1623 0 0.7172 1575 623 1837 948 13 0.2619 976 1219 1309 1365 13 0.1665 838 792 1273 1154 13 0.1565 861 794 1071 957
z9ENvoHV7xK2vS6GY4KV8RW847jhkIK5,13 0.9833 1775 819 2121 1139 6 0.7375 1765 842 2129 1120 13 0.7182 1631 757 2162 1376 13 0.6445 423 949 859 1196 7 0.5203 1784 899 2040 1133 6 0.4390 1636 762 2193 1409 4 0.4135 1601 769 2156 1457 11 0.3583 726 382 1063 453 13 0.2810 1835 873 2120 1035 7 0.1686 1611 800 2154 1437 11 0.1518 695 345 859 443 13 0.1386 1758 894 2041 1096 6 0.1096 501 981 800 1178
bgcXaaGErMbtkUmEyDIV4hCnv65tJXgr,0 0.9978 898 442 1209 792 3 0.9884 670 1124 1447 1488 11 0.9852 1100 154 1461 350 11 0.6600 1126 172 1414 295 11 0.6336 473 173 765 294 11 0.2935 1091 233 1366 328 11 0.1654 1026 178 1519 440 9 0.1181 771 319 1001 828 7 0.1158 1077 205 1332 426 13 0.0824 1086 250 1341 425 13 0.0562 362 522 628 688
JKSBwfQtSC8YzNafhPbxrzByEAgkcXP3,0 0.9957 1198 931 1498 1321 11 0.9746 473 571 982 830 3 0.9702 764 1696 1812 2103 11 0.8308 1390 549 1688 660 0 0.7198 857 880 1507 1582 11 0.6893 1612 587 1857 760 10 0.5336 222 2010 285 2172 11 0.4573 567 578 1039 744 7 0.4289 515 564 987 807 13 0.3682 1456 560 1667 680 13 0.3422 1828 1751 2035 1849 9 0.2219 1476 561 1620 652 10 0.2077 203 1943 302 2204 11 0.1917 1388 556 1586 610 13 0.1300 661 704 912 976 8 0.1111 315 1875 412 1978 11 0.0881 495 607 829 799 7 0.0871 323 1866 419 1972 7 0.0832 1464 576 1651 666 8 0.0737 347 1882 404 1963 13 0.0662 511 728 949 1098 11 0.0585 1502 561 1815 711
KV0TcIhwjhlH4Qm8PfnYJXixXRLRg9OO,10 0.7813 1749 2351 1851 2480
1xso21fE81mWyMtBkSpI5Yqr0riuMkuC,3 0.3330 786 1338 1896 1812
WsWWpdsEfiiDn6A94AaUzcJCUoy8Xldh,14 1.0 0 0 1 1
GpPoQ79c3EPohwPvX2a5cYKVsIpFJb9I,11 0.8972 1365 234 1643 341 9 0.7562 2218 928 2327 1750 3 0.6327 995 1351 1996 1844 11 0.4102 833 230 1060 321 11 0.3710 1391 244 1599 314 8 0.1311 454 1528 505 1580 8 0.1274 380 1283 450 1354 0 0.0820 944 561 1561 1127 0 0.0654 1225 584 1519 942
ZAbxkuZlZtj11usf415M9Zq4ZmkzBp2j,13 0.1599 345 522 729 810
aZd1bSIMegi4EcYd4N6x7qDDgWMYleFC,14 1.0 0 0 1 1
fPxm8ShvWvePAUXzHqsIt6lHbwyChpBK,10 0.2809 1375 2540 2162 2822 5 0.2230 1360 789 2078 2137
S1EpIiED3hYU05jGY6uMk6OYDlOR9plO,13 0.6825 2114 1344 2267 1421
2mvYTFzgT2j7K2fk9IItPmDBhj6Q4eKe,0 0.5580 1035 708 1236 920
fEUthjcfgI9jNGHwTbxHjZmHipCLLgLc,13 0.0707 466 668 590 757
y8QTJqYiGHeY8OlGBI6U6gUrq09LRSTH,14 1.0 0 0 1 1
dSADJyJx4tdD4pXjWfHncBHg7lymSIRJ,14 1.0 0 0 1 1
5H4dkQYeTYNRycp4bzzJvbeW4W8o5hfD,14 1.0 0 0 1 1
eySgJowwAhIrWf4xkPHQpvg8ihO4oRgW,14 1.0 0 0 1 1
1zJXYjkWtcjb0ooDBVtS7oEJYVvauhiD,11 0.8171 642 249 1073 402 13 0.3659 1390 576 2206 1608 5 0.3071 1322 267 2315 2631 5 0.1061 163 650 1037 2558 5 0.0700 1453 611 2214 1757 9 0.0600 177 903 1111 2525 11 0.0509 768 229 1078 348
sr30Wxjh6zvYQLt0AJyluvyNxmipnp3X,14 1.0 0 0 1 1
T0AEhvMAi5fyNdQLIARY5D8O3tbIrdvt,7 0.1447 349 880 892 1587 0 0.0851 1064 660 1291 928 6 0.0673 393 996 866 1631 10 0.0544 1655 1715 1702 1811
UQVmKE10goGOwoSpEOJThJ2KyIt30qvN,0 0.1180 1345 795 1687 1196
sL4DJa2XYRFhrN9MdjxMb6TECmW28D2P,14 1.0 0 0 1 1
tJAVXIbDbpTYPw4kAITHRiEVlv9J49ap,0 0.0861 1644 789 1943 1121
U0HIBBV4DVoyhdZI1BAkXUuKOwaWiwjd,14 1.0 0 0 1 1
c1tXqCzNvgrVoLpuFdI7VBuEI1UjNYWL,14 1.0 0 0 1 1
7d4T2SarHRSHuevgGhBfusFBg7cDtZCk,14 1.0 0 0 1 1
qhlmacC58SRX8g4kBX3KEEM0IMNEKzV3,3 0.9663 841 1653 2198 2179 11 0.8898 1531 564 1853 644 0 0.3327 1328 962 1644 1338
LBi1Lh7qtPZqbkfcmMnTnAjkuPrRURrE,14 1.0 0 0 1 1
fmyysMiSDbn2RFiv4bZJxMdjRmWNj1tJ,14 1.0 0 0 1 1
VfeIdHijKTuyGrPCvj7U81kRxddtkQ1A,11 0.0770 975 452 1367 657
3XHgaBqoGJDVoDmvrbJSGtO5hoDAFTx6,0 0.4628 1126 798 1727 1211
uoWFoWH1saKtJv2KSkupHsre6g5VRds8,3 0.9399 829 1140 1955 1666 5 0.8317 100 295 1029 1734 13 0.7674 1840 1376 2123 1605 9 0.3428 346 1379 818 1608 9 0.3101 143 1394 936 1789 0 0.2993 867 474 1464 919 0 0.2527 1116 493 1436 823 13 0.1184 319 804 441 874 9 0.0979 184 386 979 1580 1 0.0890 1727 1369 2153 1699 5 0.0690 245 544 904 1482
oGpg5lp2Yl1HFG5qoxbaNl8dPsd6LxQa,0 0.0644 1063 877 1283 1117
vaKqoBZP6sphXucj7vCJLxAGaRyxn4C3,11 0.2602 317 583 421 763 0 0.1443 1225 697 1509 1010 13 0.0704 1913 1190 2039 1277
BdjALECoD53nNRhxwnvFF8wdekBhU8yx,0 0.6351 1000 714 1263 1010 6 0.1941 268 1274 735 1474 3 0.1464 639 1288 1560 1659 5 0.1169 234 1222 654 1480
M5k9Pr6Awkq9AJD2wFRyxleC39ZW8QWU,0 0.6987 963 854 1168 1053 3 0.6838 667 1520 1476 1924 7 0.2822 33 824 677 2008 0 0.1648 707 0 1225 307 9 0.0669 55 0 1461 739 9 0.0583 0 312 617 1739 5 0.0566 21 803 638 2011
fIwZbQsScYi8rQGirDIdinzNKwjYQunt,3 0.9863 898 1402 1743 1717 11 0.9496 1359 311 1653 453 11 0.6129 727 343 983 427 11 0.3059 1337 306 1600 403 11 0.1526 1424 282 1618 434 11 0.1079 682 339 957 483 3 0.0849 395 1737 1994 2406 9 0.0691 332 1556 1069 2187
jZFE1LuXlSbNoa3NxMFJSDUlzhOAhnMB,8 0.9919 1992 1452 2088 1555
Uerl7I3h1N7hvEyHVbUBT1ACGU9nAy3L,0 0.0709 1198 769 1457 1031
zJyqV2AV082bbBTHdMtWGc919oQ8PJgw,0 0.9972 992 435 1275 748 3 0.9504 674 1156 1643 1566
f6H4QgvQswbY9scCNh9HTPvGH8LD44lr,8 0.0507 1591 2577 1729 2711
XAf6oDAOlqk9aMg6ODigIw9T3DOCX3H2,0 0.6644 1328 811 1641 1187 10 0.5047 181 2432 340 2653 11 0.2753 190 2412 350 2669 11 0.1968 675 383 1072 511 9 0.1682 986 1383 1525 2905 5 0.1460 1685 1039 2323 2711 10 0.0877 184 2489 285 2640 11 0.0851 222 2448 334 2603 11 0.0781 1689 341 2031 459 11 0.0630 626 362 1043 587 7 0.0541 199 2435 323 2603
gAHP3sPG0sYGCKIVvsACtuvjgshFziGZ,7 0.3258 179 1243 598 1806 3 0.3145 637 1356 1453 1725 11 0.1694 659 431 796 477 0 0.0712 936 706 1144 956 7 0.0663 134 1554 850 2315
hopCj7Gn8y6T5wS11Vg0JTtnls0d7UfS,3 0.4176 755 1390 1682 1906 0 0.1582 1009 718 1268 985 2 0.0561 1128 737 1203 840
3LUJUSV8gqIACGAxVn5XeQsYAuOAqgYS,5 0.9852 1378 392 2361 1865 13 0.9809 374 808 747 1100 7 0.9327 1634 1618 2410 2143 5 0.8974 158 689 1022 1874 13 0.6423 395 806 669 985 13 0.5141 338 676 884 1142 13 0.4137 341 383 1026 1147 11 0.3202 211 238 989 1220 9 0.2966 375 737 823 1127 3 0.1991 859 1467 2202 2084 11 0.1776 1408 290 1799 486 9 0.1579 1438 406 2260 1753 2 0.1361 383 810 673 1032 5 0.1219 358 296 1099 1186 13 0.1213 234 810 930 1612 2 0.1205 327 757 796 1168 13 0.0972 354 856 884 1321 9 0.0942 626 2508 825 2594 10 0.0907 1757 1626 2408 2221 9 0.0818 1457 1650 2464 2290 11 0.0595 228 651 752 1157 10 0.0586 1601 1369 2450 2423 9 0.0583 459 558 1007 1167 10 0.0563 1596 1652 2196 2099 5 0.0513 374 785 855 1189
FzXaUSuwKz2IPgDSfECMcMmiROEq8efJ,5 0.8007 1745 827 2072 1390 5 0.2502 1596 674 2126 1518 9 0.0841 1403 652 2151 1720
LcJnN9TNRT7bLbreD7e98O0Qx3xEzwtU,7 0.3373 10 510 674 1570 3 0.1928 690 1663 1471 2089
0l0yuf96RqmbFBq6dj5JtvxtE7b98mEA,14 1.0 0 0 1 1
a4H9QYc9gC726vyRNcnPQDOqqTAVOZeM,0 0.2943 1182 502 1501 874
UzSpOSt11K8AbTuKogcWWrLPv3oi3hgk,14 1.0 0 0 1 1
zGRUDbxwkWCvJRLhWlXTDDk7C5NSeXeH,0 0.9953 1010 527 1370 922 3 0.9600 717 1184 1609 1605 8 0.0672 230 1346 334 1509
ddQB7SnjDcL0PJLUTSRXZqXSv1sUvybn,11 0.6051 659 366 1105 527 11 0.4616 841 346 1100 459 0 0.1775 998 788 1703 1674
sUfWNihyW0fyvVcFiEeRqm5ek9z5wJmX,14 1.0 0 0 1 1
LbxIl57UFktdtrZx9tj9hcWiOcRywIaf,9 0.3745 2551 1367 2636 1517
phBUHGCDqcGyIBOKhnehohdkLbPztEmy,11 0.5903 652 238 874 289 8 0.0676 340 1287 397 1348
OeaWb0I1YHdadCtWrTd72vQyanCwpXc0,0 0.2477 1420 816 1729 1173 11 0.0770 1623 474 1968 579
eJwmVvp4SA6xv8a0uafPpSernTJJS2VR,14 1.0 0 0 1 1
fxnZyj3jXPEivJEGxpEMFLYOOuiZMboy,14 1.0 0 0 1 1
3mh7iyPrQqz8Bxqbkbe2YO3sUlB5EfvD,14 1.0 0 0 1 1
05T7iqWLIK8eWE8jN5iOdaVxy4RAbaRJ,9 0.5091 1709 1362 2474 1638 3 0.4915 947 1253 2156 1659 10 0.0674 2343 1547 2571 1974
gFO4L7xU6eGBfgVmWg66KdogD463hwfD,14 1.0 0 0 1 1
txIqnL6dqiGYJw3JnQZ1TNZ4TraI3Ewd,0 0.2939 1324 634 1676 1043 9 0.1174 0 133 392 434
w46OdgqW77oPd2qkwTOOHsmMRmSi2OZ8,0 0.9877 1261 728 1637 1142
yKb6qGhHY3FnX9rTYJTOGdUZLypWxvoX,7 0.0782 26 105 663 1800 8 0.0774 497 725 538 774
vyYHh6J2bs1Rfkv0chHURe4By5Kyxdav,13 0.0992 1690 895 1915 1102
kbFNfGliGhACnYBy0C5GMrQhQMAwXicm,6 0.9400 263 342 773 1252 0 0.8955 922 343 1143 578 6 0.7644 392 864 748 1245 4 0.4210 462 979 722 1208 7 0.2861 375 877 735 1244 7 0.2481 953 311 1133 612 6 0.1595 326 377 699 990 4 0.1589 375 868 728 1208 9 0.0854 436 2261 686 2385 9 0.0828 1060 528 1225 876 7 0.0602 468 988 716 1219 7 0.0575 314 343 727 1077 8 0.0551 494 1018 704 1187
6st89vTrUziiX68dqO2AIVgTtiP2gdFa,14 1.0 0 0 1 1
97RYaIbVXNZ2oduoRNCggzkSbbbrRj0W,10 0.0859 2125 2246 2224 2378
DSYytsqLjRWBgKBz4w4mq2cWAQttQ0lZ,14 1.0 0 0 1 1
hysYTM6wZd427GCmWZIOEcovnSmQPvSt,3 0.4083 954 1762 2043 2283 8 0.0534 1359 2424 1879 2870
iw36fv2dGYfNjjfrl8r1fgljaLKEHLL4,0 0.8843 1182 622 1440 914 10 0.4758 168 1622 249 1767
nba0WDVKJMZnfD8Z9rsPRfVw7uQ4jTQb,3 0.7362 653 1237 1436 1531 0 0.1303 947 665 1210 986 3 0.1239 0 1624 1870 2406 0 0.1189 773 655 1203 1087
2lwtP9M6ZJSpKTvJGaWg3oH8gfHyrOpp,14 1.0 0 0 1 1
P16D1HYCOOPeajyROmHu9FX3Mfh2etWy,5 0.9375 203 361 1116 1771 5 0.5192 1547 240 2570 1941 9 0.2772 622 2615 1002 2949 8 0.2231 1710 397 2558 1917 3 0.0517 936 1415 2142 1754
O9Mvf09JSyq7JanSmIsDUVGU6KjQPmHu,14 1.0 0 0 1 1
FBOH35zbDEuRJCzIjCH4YqHLhK5nh5Tr,14 1.0 0 0 1 1
Sz7PempqCTtut4vFiPfCLqXwADnI6gyX,14 1.0 0 0 1 1
wyEEiuCq18oPnhz68jnWUfmyvLiLlT7F,5 0.0894 499 1265 970 1833
74rugY1g7WfKJ8NUJYnsP5lMLstdlCSh,14 1.0 0 0 1 1
YylFZM12t8T3dUDL3LQdtHNxzc0S2qyS,11 0.7907 1417 404 1609 457 11 0.1527 1353 401 1644 486 11 0.0528 707 449 982 525
flgQrgLirpv44qRQ2OU0aToZvh64nVlU,14 1.0 0 0 1 1
ZqCIPUDIesdBWR9FAzq8yMtn5FArL3Qs,10 0.9982 349 299 1416 2233 7 0.9673 693 748 1237 1217 3 0.1842 1056 1493 2227 2180 1 0.1360 272 795 1330 2407 11 0.0587 735 284 1270 503
rkK92VWzFNrnlNPFxpCvh1XWcXaB0aGN,0 0.3349 1059 724 1284 977 10 0.0875 210 1977 304 2114 3 0.0676 733 1541 1543 1828 0 0.0502 821 712 1302 1227
aC83rKqrlydso8rVI3F3OtboRoNWAEVk,0 0.8814 1056 476 1279 727 3 0.4327 779 1164 1651 1444 9 0.1091 137 1127 933 2381 9 0.1027 0 397 660 2307 9 0.0783 152 1289 888 1778 3 0.0720 86 1469 1994 2374
DMRbYkxXBT9a5A6mdrjYzeTVxdIRpj0j,3 0.8351 823 1517 1833 1966 9 0.7001 12 2190 102 2446 9 0.3522 0 125 146 329 9 0.2244 0 2255 32 2440 9 0.0713 0 2244 70 2444 13 0.0504 0 2249 19 2465
RNO3O001VKhqMjS3dNc4ac5CH3rPsufX,11 0.5527 638 475 817 514 11 0.2140 588 480 809 533 11 0.2077 1297 486 1645 662 11 0.0575 708 474 800 532
8h1aajuhqZOcLQrvTNNyWVnlzFD3TUEh,14 1.0 0 0 1 1
jqyczVglBGJNsuk4GP5bbJnGFcu1Mw93,0 0.2941 1091 609 1337 913 10 0.1012 364 1862 437 1982 3 0.0821 868 1409 1621 1764
CQHqjXDTi7uwWnpTatyu9xWhEfCdSs75,13 0.7513 815 539 956 725 13 0.6529 874 513 1077 800 11 0.5815 754 462 1058 550 10 0.4758 2152 2193 2230 2339 3 0.1954 980 1823 1951 2194 7 0.0854 904 512 1084 789 6 0.0630 595 1668 973 2038 11 0.0624 771 517 982 689
oj6EtdflxqN8PGn5pKQujoNfV8WEZSYK,14 1.0 0 0 1 1
ip62jhn46eJl1MIffcSlMqcQ9bhDCUiF,13 0.9844 1590 624 1976 999 8 0.9725 1885 1063 1997 1189 13 0.9072 1917 873 2027 958 7 0.6608 1884 1057 2012 1192 9 0.4854 1904 995 2040 1175 6 0.4275 1582 635 1974 1056 5 0.2001 1597 638 2015 1066 11 0.1590 733 345 1035 439 9 0.1430 1600 633 1954 963 13 0.1214 1822 870 2024 964 13 0.0987 513 977 866 1251 13 0.0674 489 713 912 1227 13 0.0540 601 780 960 1081
blc7ui6VKyKZgXVjDtJLHIcS9GVH9OgC,11 0.9664 596 599 932 718 0 0.6806 1100 948 1422 1329 8 0.3980 491 1782 535 1822 11 0.3633 621 622 914 680 11 0.0578 742 627 926 695 7 0.0576 583 565 972 720
v1c1CCAeV82TnvSxNr8oiQQq23jrLKPp,0 0.9783 1359 841 1707 1198 3 0.2457 1068 1757 2123 2106 11 0.1111 1458 475 1824 606
vtLu5fJPwzUpy5xbqaRzhEnklflCkXkJ,14 1.0 0 0 1 1
8UO08jpD14OxydPWJtBsKo3SE2ea7DdR,8 0.1574 1553 1697 1640 1778 2 0.0600 1550 1697 1636 1778
JLex8HdnDmwRZ7jCPOENXo7GEn6CRJUq,10 0.1311 361 1804 467 1949 9 0.0919 1389 1612 1704 1743
JnoPfxhKlrJ1k6RcROufjGvzkW31dmG4,11 0.1572 591 251 832 344 3 0.0535 679 1225 1451 1656
02IEFam0BlSztSMY3YeA9svnDJOxTKDg,4 0.9760 1994 1048 2580 1659 8 0.9128 2090 1048 2558 1606 5 0.8632 599 708 1354 1961 9 0.4073 2146 1044 2530 1488 7 0.2996 2066 1060 2573 1662 8 0.1199 979 1035 1053 1102 0 0.0745 1657 788 1943 1074
kddWDu6OSo9rz0UyYtJhHGRlrLfPa4rc,3 0.9813 1111 1708 2319 2144 0 0.8172 1466 981 1805 1356 11 0.6234 827 586 1042 657 9 0.5061 1190 989 1672 2254 11 0.0702 1107 606 1267 728
CcdOmnsJiZgOdSg8oUeO257182BZ41Dg,11 0.4534 2457 2847 2612 3013 11 0.2294 2478 2889 2593 2986 10 0.1311 142 2505 250 2650 10 0.0840 2442 2847 2619 3026
9QvskKcG9fAUVR8gzRkCUOZEM8hlrhaB,3 0.3822 759 1199 1491 1465 3 0.2822 715 1096 1570 1623 3 0.1376 105 1478 1940 2411 7 0.0748 214 659 758 1683 9 0.0520 0 258 959 1448
pVTYytSVpjaGXAqYVvZwV6l1YKftGNbT,13 0.8514 2226 810 2494 1023 8 0.8328 2413 2260 2516 2360 11 0.5253 2040 500 2262 554 11 0.2447 1114 565 1472 689 11 0.0605 1077 559 1383 745 13 0.0562 2270 820 2443 979
wtPHjNO3XGj8L6FRTgi2dT2E5qXzrtUK,3 0.1545 699 1230 1426 1531 3 0.1199 106 1651 1866 2430
lUQzNFn4qy91oQ7eRNZDrZeDbf1w5zmj,11 0.1465 846 131 982 277
8Jjctgx83NwCzM4zh6eu53EMTIhVQKMM,11 0.9108 1266 281 1634 391 0 0.2638 843 727 1418 1254 10 0.1179 224 2533 331 2690 11 0.0956 1303 298 1583 364 3 0.0944 740 1601 1897 2190 0 0.0841 1117 753 1410 1101 11 0.0643 1313 255 1699 429
wp4g976qCXfyW4vqXTUPU6GAHVnTPX9P,9 0.1109 0 1308 105 1858 9 0.0664 0 1336 67 2194 9 0.0646 0 1165 116 2221 13 0.0533 1904 1048 2033 1167
BjidzPlzQgTEJYXupv723xCr6Zqfv6j8,14 1.0 0 0 1 1
lepIQ2JLUWOaOrpfTf1ERdzgCrU0kCS1,13 0.6414 580 668 760 809 8 0.6179 618 734 652 771 11 0.1221 545 551 781 757 11 0.1203 1781 460 1984 615 13 0.1152 585 706 698 789 9 0.0830 583 662 755 819 9 0.0514 599 724 660 780
gRkZDZcWoURIkjNeVSSoXMqFsHov8Ohf,0 0.9393 1273 1004 1577 1297 10 0.1518 262 2627 385 2754
S9iWdIM2FhgG1jKlB85slfPEzR9nxXRE,0 0.8630 1324 733 1614 1068
oXuROrGhbxKPyZLzW8GhQFeSvjuvJw80,13 0.9788 2224 1966 2467 2096 0 0.9728 1391 943 1707 1250 10 0.9566 2390 2793 2601 3063 11 0.9407 838 477 1166 589 13 0.9389 2217 1981 2411 2066 11 0.7147 961 489 1161 611 11 0.5164 2411 2837 2594 3062 11 0.3683 259 2884 407 3093 11 0.3560 1868 480 2122 653 10 0.3476 252 2815 403 3073 13 0.3204 2067 1932 2436 2067 9 0.1715 1683 2349 2569 2960 3 0.1618 937 2050 2078 2660 11 0.1325 1662 508 1978 566 13 0.1204 1982 1847 2449 2105 11 0.1100 1703 495 2101 621 13 0.1014 2169 1935 2430 2150
3eFwlwhHXvpsNKy7Ecl38hsm42QESiz9,0 0.1810 1182 796 1511 1160
26TGdkDRJ2Hj4e3dqouDgafKq84Ft4Qi,11 0.1688 586 373 928 506 3 0.1565 682 1417 1634 1790 13 0.1534 517 1556 704 1609
Bbu7FCPTVMkbjs8hwiAW9fNI91kWLdRL,14 1.0 0 0 1 1
6a3lT1njwi34b20S2GLDWHszqacQnAqO,14 1.0 0 0 1 1
MPFODsiuzbpQ1No2dydIT3uMvUatWpFR,14 1.0 0 0 1 1
PHy69JxnnSvrhZwCYMvoZlWPO1E4g8hz,8 0.5201 353 1322 444 1402 0 0.4683 947 803 1197 1095 0 0.3247 698 796 1190 1359 13 0.3049 166 1829 219 1855 13 0.2370 160 1841 246 1873 9 0.2184 103 1689 660 2363 9 0.1843 194 1847 260 1890 3 0.1252 560 1413 1421 1941 3 0.0682 602 1556 1400 1806 13 0.0580 179 1836 265 1889 9 0.0523 159 1834 230 1874 9 0.0503 119 1747 575 2120
wMlYqXl8q1C6cRofQHVkVl1Xm8YmW3W7,14 1.0 0 0 1 1
YS1xxWJQm2I8JGT3sQNHzhkPNkwMJxeg,0 0.0641 1218 708 1511 1037
mRqCmxLHhGETqEKufjMOLQUqVh4mlrCs,0 0.9517 972 645 1217 920 3 0.5502 676 1408 1537 1765 9 0.1032 106 1468 816 2116 11 0.0923 563 447 764 500 11 0.0585 448 435 718 565
93DCWP9wPw3TORkKTdZRE0GFMM9crnGu,0 0.7956 1653 1035 1976 1348 3 0.0735 1173 1898 2256 2350
KV0hGNW7dTuLmH7AK0j6BdKaScXKq1P1,0 0.8298 974 817 1710 1551 0 0.0818 1326 827 1701 1211
W4YgN7L8VVHXH7DhZRaBzOeDAbMePqTk,3 0.2836 1044 1604 2029 1978
OTQvaXMFJkLNGLjYfAAC2Qw2G7RHXwle,3 0.8007 829 1423 1821 1845
cwDrrMoNM6MkQBdWD1irSTdyAhtCRZs1,7 0.0730 570 1166 793 1384 6 0.0629 554 1043 888 1452
FXX0NQC1EJG6EnjGzqbMz0RnXBNY6lu6,11 0.2919 1808 68 2022 233
EnMfijmGlOW7zGF3AVpyseOS8x2Wo8dZ,11 0.0838 1754 326 1907 445
csamZnhK0COEv9jwbG8NpOXvRtgdz2Fe,14 1.0 0 0 1 1
uPIeJsDqG3mGUzEilBwlBzeUMa5xFQrS,14 1.0 0 0 1 1
Fk46vFK1gXYQFDIwMfEzwpwhOWxPo6jQ,5 0.1215 1915 554 2553 2272 5 0.1114 149 609 1099 2314
kvrWx6nHc8anDeO7SzUQOLUVtIgZeIdy,0 0.7497 1077 747 1432 1142 3 0.1976 699 1482 1862 1812 7 0.0555 250 741 737 1410
mIjEt0xeksZZa0gnLjh1ZaNzy0UbaKiT,11 0.6765 1171 325 1356 363 0 0.4315 962 639 1211 917 11 0.1684 1143 312 1373 379 11 0.1095 531 317 774 388 9 0.0878 4 1351 744 2207
kL30TnjhMcRhfr43UXqQk69h37MjtqS4,0 0.9493 1057 762 1305 1076 8 0.9470 465 1418 508 1465 9 0.1123 460 1419 507 1464 0 0.0728 815 764 1292 1318 9 0.0715 130 536 904 1390
yrZjx14KaA5hQC5tZ8tXXvpPWNdtGf4w,8 0.4868 1630 1717 1736 1840 0 0.4510 1082 688 1333 997 13 0.1472 1604 652 1740 832 13 0.1389 1653 737 1731 863 13 0.1172 409 1720 655 1825 13 0.0819 1309 395 1416 578 9 0.0712 1622 1717 1741 1839 13 0.0569 1605 1707 1742 1840
7EWDwLIXEk0Us7zMZVeGngl0Uymo6Mo2,8 0.3444 825 1233 908 1328 9 0.1355 816 1231 910 1326 11 0.1219 1341 355 1533 446 7 0.1166 818 1222 916 1336
XfufhuIEeg5p1LFSpHLr3uC8YfldjJAM,3 0.8899 941 1376 2068 1847 0 0.8883 1294 654 1658 1058 7 0.6427 914 273 1258 1034 2 0.5502 1430 669 1625 961 0 0.3781 867 605 1695 1321 1 0.0585 784 26 1312 1077
FOn2JKTuFlq4FuFmgjtRawcIDoLSZE9E,0 0.9927 1445 723 1773 1122 13 0.8669 1793 786 2068 1119 11 0.7665 689 340 1129 597 13 0.6963 690 589 863 721 11 0.6558 1614 443 1867 635 13 0.4768 1690 533 1849 894 8 0.3863 468 1976 532 2039 11 0.2562 829 339 1159 464 7 0.2165 1652 467 2032 1128 13 0.1665 1675 702 2141 1150 13 0.1349 694 543 998 726 6 0.1015 1801 788 2076 1120 8 0.0897 1931 1215 1986 1273 11 0.0868 1674 428 2010 548 5 0.0714 1777 787 2092 1150 11 0.0569 1641 369 2100 600 9 0.0556 683 591 839 716 7 0.0539 694 541 866 707 7 0.0530 1606 416 2051 659
pIVbh6ivBYod7WMpQiqoeS5ZX22P0lXy,14 1.0 0 0 1 1
gSTNWEC8PIGCJw1OtPkLVtKRTouW0xnz,9 0.4100 0 1363 286 2195
4XiZ2vMxzeTqYgIRrxI3769n8Hm1yLxJ,3 0.4483 671 1134 1460 1654 8 0.3212 1562 910 1696 1020 8 0.1532 466 1084 552 1168 9 0.1460 430 1136 785 1512 7 0.1003 390 1119 803 1519 7 0.0949 129 410 776 1661 9 0.0868 851 47 1206 955 6 0.0852 392 1103 778 1554 12 0.0668 0 179 994 1350 4 0.0592 376 1066 804 1519 8 0.0568 615 618 668 667 7 0.0557 1027 230 1255 640 9 0.0547 0 253 975 1625
AEMzxHhBdOm8gM7bFHvlhNxv3OwRcJ5R,3 0.1097 179 1657 1903 2423 10 0.0633 1565 1673 1652 1821 3 0.0514 744 1352 1403 1583
Y9gpzxn3lnEeHONg1YMHJVfcVXVNPCDM,14 1.0 0 0 1 1
Rogn22Uo9nhfJQiXOTy4kXx5JqPffzWL,14 1.0 0 0 1 1
hIYn7MCOySvGelTprk4XBMiFqh7lkYG2,3 0.4703 553 918 1395 1780 0 0.2222 599 602 1237 1432 9 0.1083 568 722 1012 1666
1tmglbbngizweyBWov1hzgicVnpYH1NC,3 0.9983 982 1474 2081 1937 0 0.9971 1378 639 1716 1048 9 0.9873 1012 1152 1430 2003 11 0.4973 852 344 1049 413 9 0.3433 992 757 1522 2145 9 0.1274 308 1016 348 1120 9 0.1080 309 1056 356 1128
KksSc81xL1oimWJTY8phTQdpHcweJ9uS,3 0.8823 1154 1558 2369 2206 5 0.2309 398 669 1349 2260
VeFwF0MsewO0zzy4oFoHfGWTcyDaGFfR,0 0.6379 1169 815 1447 1126 0 0.1998 882 800 1447 1282 11 0.1191 1337 425 1484 487 11 0.0545 1356 437 1447 486
1wbn8KNfjjPCZTcs9zmS3055SAdnPftU,11 0.7267 512 485 735 586 11 0.7016 748 473 917 529 9 0.6216 817 1003 1159 1974 13 0.5337 375 928 443 998 0 0.3688 1088 739 1301 980 10 0.3160 41 2005 143 2166 8 0.1599 1414 1978 1590 2185 2 0.0986 1198 927 1236 977 10 0.0797 1844 1990 1935 2135
e5Ju8EvdNomuGqFMBw3yLguxJOBRp7PX,11 0.0678 2793 3043 3068 3070 10 0.0578 2790 3030 3072 3072
HR60AA4UPx2LA736IIZoWMS7J7FmXUlv,9 0.0882 1358 1555 1680 1977 11 0.0821 1285 487 1447 522 13 0.0697 365 1319 626 1501 9 0.0520 1471 1596 1690 1906
yyC97tJ6bgC84Gk0oOKw0iUpKab6CIC4,14 1.0 0 0 1 1
xCkvwxwOCtct6EEPMWbQe5oASS0tzLrQ,11 0.1091 630 391 963 512 11 0.0733 685 410 903 464
musEdwrgIC4rBnf4eJlBkkLAaDONHXwt,13 0.1425 2125 780 2328 974 13 0.0852 223 6 708 145 9 0.0681 241 2 759 128 9 0.0618 151 42 640 247
5mZFwkyA0mECqy1nGJFvTG0VSQGhq2Be,3 0.9983 992 1566 2298 2100 0 0.9966 1482 635 1807 990 11 0.6894 841 245 1078 388 11 0.6479 1957 312 2170 496 5 0.6289 468 487 1245 2013 9 0.6014 1389 108 1755 585 7 0.4748 439 1888 566 2004 11 0.2327 1975 329 2239 569 11 0.1000 790 252 1057 479 9 0.0969 1302 113 1781 956 11 0.0878 1946 317 2065 414
eCxNbYTWzFM2XtTtJgiS1DRRSattMW3F,11 0.4036 1584 395 1908 488 11 0.2084 1588 377 1996 551
Jk9tN1dk1JrQXxsmksY4MZS3dYkwT3Gx,0 0.3100 1464 742 2066 1366
Dnajqd5rW6Mk7PTWIUdiWlWSe1zNCxtF,14 1.0 0 0 1 1
1yiLZnxfL0kBmCIlHhyGJNvMYuGgyJi3,11 0.2003 947 256 1189 522 7 0.1374 923 298 1167 522 9 0.0747 924 289 1188 534 13 0.0690 909 297 1165 528
Us3JgpJIbgNVR40aX3w3Mz033bkEzJX7,11 0.2362 1122 607 1367 694 13 0.0878 1684 1816 1754 1857 3 0.0563 724 1526 1450 1863
o7QCLNNcTjFMOxzHnkxAaQCr2hh0oj1C,10 0.9798 1776 1645 2383 2437 11 0.9784 1474 711 1774 856 7 0.8983 1636 1431 2203 2235 7 0.7603 1805 1693 2183 2200 9 0.6012 987 923 1573 2347 7 0.4284 1846 1827 2117 2180 3 0.3373 992 1792 1967 2285 11 0.3024 1928 1479 2405 2362 10 0.2000 1988 1547 2351 2227 10 0.1832 1481 1424 2386 2593 6 0.0846 1491 1183 2311 2207 10 0.0784 1620 1818 2179 2366 11 0.0749 1516 731 1723 833 11 0.0718 1960 1694 2343 2230 11 0.0510 1527 687 1843 824
fFXKiH9TsrVZqTZF8QQJf90hjSq0OeVs,14 1.0 0 0 1 1
biPYbeVadqci3t8PEuNrBZybmE4mGch7,10 0.8705 125 2167 256 2339 9 0.4153 183 378 788 1823 13 0.3739 1580 1918 1731 2048 12 0.3400 103 411 879 1947 5 0.2707 228 545 761 1707 11 0.1963 133 2190 252 2364 9 0.1411 257 701 681 1286 11 0.1177 560 341 800 441 7 0.1152 170 383 759 1762 8 0.0912 1265 573 1779 2073 11 0.0911 1101 391 1286 458 11 0.0636 523 330 703 440 11 0.0565 1034 402 1321 606 5 0.0506 1144 516 1740 1962
bpQSZGPl08SXSewFAoo533l5vjiHelZm,14 1.0 0 0 1 1
PWT2xiRggOxkyEAW2UzjCqo2JtXlpcdU,14 1.0 0 0 1 1
KsFBFBGMZ7SoMq6tga7uulghDBnPQItB,14 1.0 0 0 1 1
TcahZQXhOF3eJJREwPAYfw5fSRS92cLO,11 0.1314 2168 1659 2412 2013 5 0.1078 1543 428 2291 1342
3qPWPTZTK1BXcI4AZKjEEi29NMKpBLWN,14 1.0 0 0 1 1
0ATsRjaBEIx6I3ihZ5KQJvKybet7gSxa,10 0.3425 1851 2149 1995 2382 8 0.2440 1644 719 1717 811 7 0.2316 258 1419 318 1478
S1T8rvdaCZ00Xd2A1UxXJNTD0MupUWDX,0 0.9990 1317 663 1816 1268 3 0.7861 934 1740 2081 2357 0 0.0953 1141 653 1839 1564 8 0.0595 688 1191 774 1280 9 0.0534 0 225 354 366
qyMhHUOK1qn5YloMvNvJbtWcNT6En87a,3 0.1281 810 1464 1567 1767 11 0.1171 1188 581 1325 635
eALZ1smKguwiDybQ6bUr3MVLLIXB5bMT,0 0.3520 1279 836 1575 1153 3 0.0655 999 1532 1963 1916
3WFfn8plIkFMrrQg27GEXVlGHfHxwcbq,14 1.0 0 0 1 1
idDER4Ru86brjhaxycUEbYKnFPoRyFGE,14 1.0 0 0 1 1
xTZ0eSfSSF2gIsWT1ITUIqNdjs2I7Qcw,10 0.5730 2150 1828 2304 2177 0 0.4811 1247 572 1543 941
zVP5DxsJxdQor2J2BMATlMF3M7g7dXRM,0 0.9951 1051 949 1346 1272 10 0.3525 206 2205 328 2360 3 0.2692 719 1677 1744 2199 11 0.0794 203 2219 319 2376 10 0.0695 209 2205 280 2335
BbLWehpKvAKHYV8eV191uHWHsJ06jgPe,7 0.7695 437 975 855 1400 4 0.7364 440 959 860 1338 8 0.2915 472 982 801 1330 6 0.0607 433 941 949 1450
1Lv2dAu1Xsr96jxn1A3fCEREyGyI42je,0 0.0688 897 0 1129 96
N71IPKb7ZgicvDXCvXtwDTVgNbnZqKKx,11 0.3403 898 394 1154 468
YlijxdKbVHpTH91uDjauWq9G0RhWfc50,14 1.0 0 0 1 1
d5RSlusXFzk5Yvqh82Dw0vTIXmwe2HS7,0 0.8684 1622 954 1909 1241
jxrjUCqmTtZSPlN917XpqP1VpSJjSm97,0 0.9526 1111 606 1361 902 9 0.1505 1197 1734 1562 2125 9 0.1183 1778 1507 1825 1569 8 0.0855 1776 1508 1825 1566
26cykMScHOhc8wI6gJo5WWpqabMNfu3z,0 0.9416 1545 691 1988 1126 3 0.1595 1013 1675 2314 2141
E1uVFwPepn9Jrgx1KTKiRmE6ZNiP97Qh,3 0.9906 677 1722 1729 2226 8 0.9794 1514 1938 1635 2050 0 0.2878 965 1030 1237 1313 7 0.2590 1508 1930 1626 2048 11 0.0844 415 705 581 833
GsTawQxuMIfc85dsdTe9AftJszOy1yd3,3 0.4857 966 1352 2110 1710
vL8xsusFBjMDvZNA6dnW668qkManbc4G,3 0.8092 727 1363 1622 1757 10 0.3692 73 1811 168 1940 11 0.0922 631 396 803 436 9 0.0611 130 775 172 826
ic0Mh2OrAVuse8ujzfVzhFVuMEt1gE9S,14 1.0 0 0 1 1
0reZ1RMBKSi0Q5hQOfjEMnhDIOYXkWRU,0 0.9396 1155 853 1833 1480 0 0.9388 1460 854 1808 1252 3 0.4953 1148 1646 2171 1983 2 0.0641 1094 885 1203 980
w3C1jLlEdVURCf2amQpXeG50Zl5fk6Sa,10 0.9058 68 1837 206 2059 10 0.5268 79 1791 251 2015 11 0.4379 68 1822 219 2047 10 0.2071 31 1723 271 2058 12 0.0771 125 150 1051 1526 10 0.0631 58 1838 337 2067 10 0.0626 31 1857 758 2070 10 0.0618 0 1579 324 2120
e8KwhPJVDJhbsbX8CiADU01CP3elVtip,14 1.0 0 0 1 1
6CEikoDq6KehgpLBc48ZRpOwEMt9QEDN,0 0.9041 1260 546 1578 888 11 0.4825 511 278 783 453 3 0.1011 874 1420 1974 1895 11 0.0758 533 311 717 437
MYDxIXpbZk5U4ASqbsYmFbkuNEOWM3Oi,14 1.0 0 0 1 1
y6SvaMEmVrPvnHNpiTqFXrf5YaDosQFc,14 1.0 0 0 1 1
y9etybiCclhZDGZqfXzfQi92YBOyQuOQ,3 0.1300 1168 1489 2234 1938
udCeRXzvQl0C5cPM2TOaGeDyKTMXQSer,3 0.7011 787 1351 1591 1622 9 0.1139 0 593 566 1642
oViVlFistqAydx99HVLhHGNsw9oLgdcn,6 0.8609 1223 1080 1586 1521 10 0.7969 173 1982 267 2104 7 0.7597 322 1049 726 1588 3 0.4998 678 1481 1468 1944 7 0.3590 1246 976 1631 1499 9 0.3075 1311 1374 1648 2068 4 0.2507 418 1050 765 1638 6 0.2228 335 1114 728 1618 12 0.1496 1245 1291 1615 2069 4 0.1377 1111 970 1586 1500 6 0.0958 412 1002 807 1721 10 0.0866 1531 1957 1607 2091 5 0.0821 1216 923 1591 1515 2 0.0685 1190 1808 1379 1934 9 0.0593 1095 1246 1630 1991 8 0.0557 230 932 292 998 11 0.0524 1387 1861 1460 1926
zLTYmPlm4Yg3fpqqPBnRRqxFKnRg6qei,0 0.1108 1255 815 1541 1134
WeAJ3TmiLxBKqVN8nK7M4jljpmS88DMT,14 1.0 0 0 1 1
erxxS5ikvOSCcKK2lOg1uDLgzGq3u4j6,14 1.0 0 0 1 1
1mmT3UvLmCLkMAoAtSTilffbNzgTaRB1,14 1.0 0 0 1 1
EkhPng9li570xhpI6i6nwkDpuDLuikjP,14 1.0 0 0 1 1
okQIrWn9UNiYkb8D6kOxSxafxVwNnFTe,0 0.1175 1134 644 1423 1018 9 0.1155 14 162 238 304
QL9Zw9aNMKvL05Pb2NS3R1UvqXWcCyo6,11 0.8718 1105 323 1453 449 0 0.6754 1640 705 1964 1062 11 0.6313 1190 342 1466 406 11 0.3082 1044 340 1304 502 5 0.2285 699 1224 1200 2091 9 0.1524 1372 594 1836 2130 11 0.1001 2002 361 2256 474 3 0.0963 1330 1798 2402 2186
aztyquyBMCmZhMYQ2JV4BK52Etz6C3fR,10 0.9146 65 1787 163 1940 10 0.5020 49 1741 174 1987 9 0.2381 62 1615 804 2403 11 0.2083 71 1790 159 1943 3 0.0695 712 1532 1563 1781
deP9HA0mgRbVjpuK5rQwlpR2j68gHEWB,14 1.0 0 0 1 1
rrIn2zKgsEsjGsTIvSQiw82mOBPQIgTc,0 0.9992 1126 913 1475 1292 3 0.7643 788 1602 1826 2089
MlLJEKwEGGczRXoOHAoOcJE0BxBLNhMl,3 0.6892 861 1355 2055 1798 11 0.3018 636 383 1039 547 10 0.0976 143 1622 219 1790 9 0.0939 1364 1625 2194 1886 9 0.0753 56 585 743 1919 11 0.0544 220 892 472 1510
FJGhpHd48aZYE1OZUHFoOD0aV8H5Ah1y,0 0.0693 1288 793 1586 1107 3 0.0623 940 1614 1995 2068
O0tL3LucnIEuR5B3frvIe2rN9uHwULFv,0 0.1490 1226 549 1524 892 13 0.1252 490 419 709 588 9 0.1030 462 351 723 647 7 0.0658 503 422 680 572
iTmeYBDnZo0BczHIO76C1B3yRZpl0GAe,14 1.0 0 0 1 1
bxfuxBXiY6JOtrWGvCQTd6aGUMyCh5yi,3 0.1029 1031 1460 2237 1933
yK7c9CgYKBh023iXre3CKqZcV0j7b8lN,14 1.0 0 0 1 1
aXw9rylur35dwtjPH5hEuzwLZui1IiCI,11 0.2753 541 359 676 453
NXdhGd3JAHlPXlDTbQzQQ5UbzHJmcF81,0 0.9929 1276 708 1585 1055 3 0.9896 976 1634 1984 2023 11 0.7531 601 474 994 641 11 0.5482 737 497 987 564 10 0.5328 2122 1938 2209 2072 9 0.1750 252 473 1209 1987
TwgTRhBeduGW1YLBoYYTgrcZidJfW3wD,14 1.0 0 0 1 1
oab7huHROIFqqiDP3UUd730CZxQKEme1,5 0.9940 45 269 1140 1777 0 0.7335 1279 567 1584 831 5 0.5361 1546 592 2336 1881 3 0.4731 843 1219 2100 1755 5 0.2959 117 662 996 1586 5 0.1673 1312 216 2449 2010
1oADv09NSiOv3YHn5z7ygo2ZLraWKu9U,3 0.9910 683 1173 1553 1533
MxtByILgdE21nPf9dNcFb9kK2d8KG7FG,10 0.0869 99 1932 174 2047
TG7rFiiELX383xuqkrRprnA2DhmPloZ8,14 1.0 0 0 1 1
9OSXD6gnPJVx0RgIYyREjQuBQLBUL3p5,0 0.9837 1052 868 1306 1168 3 0.8471 701 1609 1667 2003
93dTy9Cyl8AuAt6ktBFhremXhXC5duzL,14 1.0 0 0 1 1
egunVIn2NREl4koruV6l7L0EhbwjWT4E,14 1.0 0 0 1 1
WzN8b1rLDOnklfdNUD0Vxj8HUuf3Acvh,14 1.0 0 0 1 1
Lh9xMh3hqQZMlAaiBTZj1q4HqePQkjYd,8 0.7479 418 1672 593 1848 6 0.7092 1837 1566 2069 1751 0 0.4152 1129 723 1445 1067 3 0.3028 788 1376 1931 1834 13 0.1797 1732 1523 2036 1740 13 0.0896 1630 1465 2075 1780 6 0.0639 1718 1497 2069 1779 7 0.0602 1693 1531 2044 1769
b9TXajhx4y15T6yPQmz7J4JjCzWZXyY6,0 0.4822 1372 820 1655 1111 0 0.1270 1132 816 1667 1261
U3HmPDl1DYy0iggcxMZffgsh9Vq7n1Sl,3 0.0937 616 1412 1396 1890
2fQ9dXs3JGZlwHteDWgEQkMfGfKUMr6G,14 1.0 0 0 1 1
sXOPk9Ika6yJDETxP0BowNEh0ZcYb9N7,0 0.9967 1088 844 1339 1136 11 0.8160 561 520 853 624 3 0.6390 742 1631 1590 1963 11 0.2439 590 525 848 580 11 0.1361 1195 578 1392 645
sTmZLntf5YAqQcr9AUyGnzCGxDJq2iXD,3 0.9856 846 1203 1843 1690 0 0.5933 1092 703 1367 1008 11 0.4396 557 342 861 447 4 0.2390 1189 1039 1866 1684 7 0.1047 511 478 808 710 10 0.0993 1361 1457 2132 2352 10 0.0751 885 1244 2099 2576 10 0.0644 1702 1526 2105 2135 3 0.0592 794 1340 1919 1988 9 0.0518 96 1323 953 1909
c1hbRNlpwXAP6oeyte8D6OXTUSupnhUa,0 0.7327 1362 700 1674 1039 13 0.3729 1950 574 2121 680
xBBUquu4Qf4HJ67TbWYkYVgTSR2evy6Z,3 0.0999 892 1732 2091 2217
2tRGjsAIWDU0MttlUszSRPAlqy4K9N9o,0 0.9945 1042 705 1272 951
Mz7vsZF2quIMmfimQ0bjgBOdeElzRkFa,3 0.9940 896 1617 2084 2081 0 0.9793 1296 698 1622 1085 11 0.4277 631 497 794 632 10 0.1573 1990 1640 2315 2132
2SIxbRB8km1SG0JQi3YAxTLGOKGZC9D9,14 1.0 0 0 1 1
G5Xt3AD5K9sBqxE03h5ohdDnhLMLKCQr,9 0.6639 56 1011 759 1628 7 0.4632 18 1145 465 1824 4 0.4241 135 1266 441 1741 3 0.3554 593 1685 1363 2068 7 0.2612 164 1235 432 1708 7 0.2584 111 1135 647 1656 12 0.2399 97 969 777 1738 6 0.2088 188 1297 473 1707 9 0.1668 1079 1026 1568 1620 9 0.1409 17 941 809 2208 12 0.1327 96 763 831 2192 9 0.0731 39 1158 392 1945 4 0.0709 137 1173 617 1702 6 0.0608 127 1127 687 1696 8 0.0571 120 1216 468 1772 7 0.0524 69 1030 713 1930 9 0.0521 0 916 425 2326
aBTNtGOJrlklPCO3hlzJbiSeXYo8NQSF,3 0.5521 790 1524 1608 1928 0 0.1195 1086 846 1352 1168 9 0.1018 948 460 1149 1150 9 0.0872 8 1188 412 2292
oEg2vAWJAxsjWOqJFlZtMssp1f3uMOTG,3 0.2242 688 1050 1600 1407 0 0.0515 733 580 1203 991
N2U13duK0ff6bTiykr4RnXG5Mt5RM14j,14 1.0 0 0 1 1
aFcvSDJL5maZS7JRrzOcXPJEp4C9RO2I,11 0.7641 622 187 977 297 11 0.2201 544 173 981 358 11 0.1282 1359 129 1696 264 11 0.0522 646 206 912 271
wy9IkLxAt3rrNyvTszFujWkfPZUASiP8,0 0.7280 1297 684 1622 1087 11 0.3435 795 346 990 405 2 0.2189 1811 1811 1877 1918 2 0.1125 1464 790 1580 903
9Lmpsnvg20jyxLIvnPDdeaSDQd9hKUA2,0 0.9902 1074 610 1309 881 11 0.3417 679 374 884 448 8 0.2912 304 1215 341 1250 11 0.2341 1231 381 1423 423 10 0.1588 182 2034 268 2185 13 0.1130 475 587 547 662 8 0.1057 297 1213 352 1263 9 0.0530 304 1213 343 1250
vMCfjHcOUxRzSL4afpbuHt7qW1FrhGbG,14 1.0 0 0 1 1
bE7WC9JE2YswZcHt6aVLhADgDrZyS88f,3 0.3007 756 1426 1548 1727 9 0.0554 102 1525 855 2385
XpM0G7ksOCcjOFmnJNZydkEg9lcqvWLy,14 1.0 0 0 1 1
xyOo85Ak2nGXoeGOY4xZUUPWCQhWQgFT,11 0.9307 625 535 923 623 2 0.4151 2053 1561 2093 1638 11 0.3849 1327 531 1611 650 11 0.2684 1359 508 1797 692 11 0.2451 554 499 948 659 8 0.2157 630 1003 709 1068 11 0.1665 1561 531 1806 707 9 0.0805 2055 1571 2092 1630 11 0.0559 1473 553 1691 622
b1x1lLn3lDpgt4YiBweej2CAcge79sDY,14 1.0 0 0 1 1
StbHWb8mJUpGOu4VHShMwNwcqwEWXAgX,9 0.0595 1935 1813 2696 3049
xfKAnSNHAdStY6pDjo2r0aMs4vGbfhoy,3 0.5294 902 1782 2044 2321 9 0.1158 2187 1181 2319 1658
WOlF927AWClqI1HzlxS1Xq1bA7AMXHmO,10 0.7772 1679 2127 1743 2225 11 0.6841 1645 2070 1748 2220 9 0.4224 1646 2052 1741 2184 13 0.3919 307 1796 668 1992 11 0.3428 1679 2116 1752 2240 11 0.2657 1497 1996 1568 2062 11 0.1636 1693 2150 1739 2222 0 0.1582 933 0 1353 172 11 0.1529 1697 2158 1726 2211 9 0.1346 354 1809 830 2193 2 0.1049 344 1305 468 1405 10 0.0969 1662 2106 1752 2243 13 0.0753 292 1745 774 2176 13 0.0751 1652 2008 1738 2173 11 0.0637 1470 1966 1541 2048 9 0.0588 0 369 175 482 2 0.0526 368 1268 456 1365 9 0.0505 219 1935 814 2366 10 0.0503 1697 2160 1731 2216
O1YSH8CPJC7rarSdIo4oKJgNPDaZ28R6,3 0.9821 1267 1765 2363 2195 0 0.8998 1636 1104 1906 1364 11 0.3294 1882 699 2147 761
LRiFb6BhEMZy0YsaSIEuoRVVhxXiZpHA,9 0.0768 1559 708 1982 1495 9 0.0654 1200 540 1954 1482
imA4Jcq6y2U1hH9js1wuzAMqpo7CkDPq,9 0.3260 58 408 765 2210 3 0.1715 101 1671 1987 2430 3 0.0913 806 1233 1539 1529 9 0.0673 31 288 968 1554 9 0.0599 218 1218 1109 2381 7 0.0595 101 337 757 1543
I3Ivi5GPuZ5Ohr0YD1c2axjhDjrh1347,3 0.7378 793 1349 1589 1761 0 0.3077 1099 662 1345 979 0 0.0801 845 662 1355 1218
ifYawt4zGHsdkrt8Fzp5EyZaoszG2lGh,0 0.9626 1215 971 1531 1355 0 0.6775 922 976 1528 1675 8 0.2481 1830 1666 1907 1739 11 0.1685 1326 524 1588 608 10 0.0921 229 2568 322 2711 5 0.0599 1630 1080 2060 1819 5 0.0544 272 885 924 2367
60TAo7AXWsECxOXqdi1jFLjSjG2N4hUX,0 0.1539 1733 669 2095 1061 2 0.0942 1863 816 1956 928
CA6R3zsaEVvlegoQZ1HcnJmGfgGaEaJc,14 1.0 0 0 1 1
wdwpLa6VFqqmJu16dXhmigYLwxwSJmLb,14 1.0 0 0 1 1
rYBffohTzdMrU3iZ56JFGP7gDZZaF9k8,3 0.7218 857 1566 1967 2099 11 0.0877 1657 531 1828 645 11 0.0505 1517 526 1815 634
K3x9sQ3ax7nuKVUy3q3DI2VsEchxHyWx,14 1.0 0 0 1 1
vMTETeziKRywEvIz1t3LFVFfTmYNC7KI,3 0.2211 957 1635 2115 2112
NkWoLGzfaBRzXG0p4Cx0Sq0loheIkXxt,9 0.0549 2071 442 2126 538
vd3vxMd1WCLCMxd2EaC03fP2eLZ40FYK,14 1.0 0 0 1 1
T6hu63qKMz8aPTOSNoqILU4B8YORWhWG,14 1.0 0 0 1 1
oYo6N42jjvQa2mvGbEFpUCqinWHYg1vo,11 0.2540 693 343 974 411 11 0.0508 1336 290 1555 441
Kl3DY6hliOZpnagDB7wc8tGbOBUyXkHD,3 0.1884 822 1209 2085 1641
2mIwj5Xfyz9YGslysn7ju8IJ2ndlw3E0,13 0.1174 1802 585 2033 779
CFDrZOOIasyTbfzeorUZ0RldP5jKpuzj,0 0.9794 1157 571 1477 933 0 0.4024 944 551 1485 1088 3 0.0607 839 1206 1791 1677
KEjhV9gPxO5F2e4JZIoAzYGlcz6earWV,0 0.5328 801 494 1482 929 0 0.1773 1044 500 1437 862
lN1OON1HFuOIq9Whf0bmu5LXmBlv9n0R,3 0.1142 614 1524 1570 1961 11 0.0901 11 1517 108 2076 11 0.0598 1171 438 1350 499
yX51QZnbG9j3ohNHhdMUoMKShHK5dsIS,9 0.2658 4 13 238 168 9 0.0667 0 4 378 201
lgEmJNyBH9fFMGAFEb5KjT7wIJzhF8De,0 0.9988 1329 748 1592 1025 3 0.9843 974 1613 1985 2117 11 0.9525 791 260 1127 359 10 0.9500 312 2056 453 2258 11 0.8683 1491 290 1839 382 11 0.7947 2116 2055 2235 2268 10 0.6583 2129 2058 2254 2256 11 0.3235 813 293 1049 364 13 0.1720 512 1279 735 1456 10 0.0661 290 1975 485 2275 2 0.0561 1426 776 1532 920 11 0.0554 326 2083 440 2306 11 0.0519 551 281 799 494
ZEmTHg4zGzZx6gd7BKEsgDB3FLX3RXI1,14 1.0 0 0 1 1
P3QZKHxeP1hKZCAyjkGZ8RqRkBai9j0Z,0 0.9976 1480 1103 1843 1532 3 0.6805 1048 2193 2275 2723 13 0.1904 1841 1094 1927 1225 13 0.0855 1837 1056 1971 1248 5 0.0605 261 1396 927 2642
sV0evjyDMQb5C6UeMkrTI8vb1mwYUPEA,14 1.0 0 0 1 1
qeV3MBkKIilSrFNCuslNpsnZMTgw9bgr,7 0.2321 113 689 671 1682 7 0.1768 166 1098 594 1643 2 0.0876 281 1445 335 1499
g6uNsHRIsENNoq14gPMIU3JF10RRABfF,14 1.0 0 0 1 1
EfzpWsNZDt0MGQESzxJ0Oo0ksMwvw93Z,0 0.9996 1514 728 1948 1168 7 0.9425 1092 370 1399 1233 13 0.8334 1810 581 2237 1062 9 0.7598 2 1045 252 2126 9 0.7242 162 1524 1131 2000 9 0.4631 1087 356 1408 1379 0 0.4027 1048 604 1961 1489 6 0.3179 1878 587 2468 1345 3 0.3054 987 1432 2295 1975 11 0.2305 1671 379 2210 640 7 0.2071 1021 547 1422 1790 9 0.1635 1061 457 1569 1756 0 0.1483 1185 748 1940 1272 5 0.1188 1964 712 2475 1400 11 0.1059 1601 338 2310 740 9 0.1025 0 886 155 2346 11 0.0971 955 350 1396 1452 13 0.0970 355 1335 571 1442 9 0.0922 1134 400 1593 1231 13 0.0760 373 1350 545 1408 9 0.0683 1096 381 1850 2040 9 0.0640 11 1489 1112 2327 9 0.0584 988 897 1506 2010 9 0.0552 0 879 357 2624 7 0.0533 1888 598 2688 1989
AY6Cat6FDQ22OVUvJYuZThDfMvui2lyq,13 0.7475 1704 797 2292 1497 6 0.6717 1785 861 2317 1461 5 0.4216 1811 829 2285 1448 0 0.4183 1400 766 1689 1050 9 0.3689 1638 735 2305 1372 13 0.2929 1897 852 2159 995 7 0.1941 1817 832 2315 1437 9 0.1831 1132 1029 1670 2509 11 0.1091 2158 756 2296 1187 9 0.0576 233 2043 905 2642 1 0.0504 1650 731 2332 1507
WIWKNSPx09iZn2jhEAGOnPVX53yEWq4u,14 1.0 0 0 1 1
TjJDZu0tGZJl47KxxzusbPImjoMqdrti,14 1.0 0 0 1 1
vSAA1GBotGrB0djzfgdxS6HgwJCj4jWw,3 0.9986 834 1778 2135 2224 0 0.9896 1293 1092 1716 1504 11 0.3578 1524 668 1849 767 11 0.0985 1599 688 1810 755 7 0.0968 1885 1670 2290 2139 8 0.0918 707 1061 756 1110 13 0.0777 682 1606 891 1713
7DMZfF1Z8b5UP1KxC5vmjTFLHj4NnArk,3 0.9983 1140 1616 2529 2102 0 0.9809 1596 914 1873 1230 5 0.1363 441 911 1238 2039 9 0.0800 2631 1077 2856 1438 11 0.0778 1014 518 1335 619 6 0.0623 758 1568 1206 1886 7 0.0543 767 1563 1228 1882
SlAi1XNxlrFF948dGSdSXAwOpM5C0cLC,3 0.4445 755 1126 1606 1500
2G2fs8PLu3ExuigCVVTiBkQfskCseUMV,11 0.6023 523 65 797 138 3 0.1096 93 1459 1762 2393
5CgM0ojGMSnU16HkifRDjNwype1nYDxh,14 1.0 0 0 1 1
UF5u3NuQo3qxJad7RPhRzG5Jexv2770Z,11 0.4824 1591 317 1868 379 0 0.1446 1306 639 1661 1043
zYYXRJWBvS2zyEwzWanYKU6qYP9JiJEJ,11 0.0515 1383 158 1857 501
aQrm2WHNVgsxQ0M8ScIRJ5n9RxdP1kXd,9 0.0966 246 1234 417 1826
t10cAFLm3GexPPXQAgmTbByyEchynzDI,14 1.0 0 0 1 1
dQfWf2QAwp4sCkFFubclhtyPq4pPGamo,14 1.0 0 0 1 1
9JJeZvr1DRInd3X6uOVGsHBCs5o94vVe,14 1.0 0 0 1 1
U2rWzZ5asHr1Qs38oBW6PUE9F3ZkVs9x,3 0.9172 1254 1346 2532 1836
TTv4nvgoCD0gE1MIqYkgEKdXPP8wZ9Tz,0 0.9972 1272 729 1580 1068 3 0.9644 1027 1414 2023 1797 10 0.7862 307 1422 666 1933 10 0.7711 292 1409 992 2050 8 0.4078 1956 1733 2023 1810 7 0.1924 349 1517 1095 2154 7 0.1764 401 1460 1056 1823 7 0.0985 393 1155 1071 1665
DhjbdBlIfoDb2ltKHYL8np11Q33ikpyb,11 0.3289 2099 241 2341 377
Obkfx0dHKYQVli1SoSOKYQWCM9a2RSJx,0 0.1913 1728 867 2045 1184
r0ogL6Uum4BnlXTuTgmIFcqDla5ZOJrj,3 0.9588 816 1567 1642 1960 7 0.3145 146 606 381 891 11 0.1491 163 581 432 865 7 0.1412 168 626 329 832 0 0.1219 1124 1045 1375 1352 9 0.0833 177 579 366 857 13 0.0727 1589 1589 1751 1642 7 0.0654 444 1510 878 1876 13 0.0559 1561 1573 1794 1655
Ijde2vfJ1w2qlSON59Hm7quMEJbemOkO,11 0.2426 1432 327 1544 431
u5kjD7PBi3Tmon7RCP2rkaFic0R7Fi2h,0 0.9966 1456 762 1752 1090 3 0.9961 1063 1431 2130 1803 0 0.6947 1132 754 1772 1288 10 0.4733 2341 1582 2538 1970 5 0.1414 549 1199 1026 1755 7 0.1240 572 1371 1083 1748 11 0.1228 963 541 1212 598 10 0.0992 2257 1635 2439 1901 7 0.0939 1089 912 1310 1435 3 0.0634 228 2421 2476 3072 10 0.0509 2339 1653 2488 1876
GxaYmzqL4ZChI158LLnMc9tmPn5Lcn2a,0 0.7929 1651 885 1997 1280 3 0.1136 1350 1725 2277 2142 0 0.0733 1493 890 2012 1439
W3K7PaXEe55mhKooeZ0GnOQLDfoexFzt,0 0.9017 1483 882 1837 1235 13 0.6698 378 1766 480 1830 8 0.5776 2044 2187 2188 2352 5 0.5298 1789 744 2478 2025 9 0.0660 2033 2178 2190 2349
UaqvOqDPnTKyNpJpaWqfsCKCeGT9ZiRK,14 1.0 0 0 1 1
5MSfJtOoS7WiA7c5AxABvhYMc4Xj4uDV,0 0.3078 1388 730 1767 1125
Ntvk1MrELTo079uYtVNIc9QN06CC2gmh,7 0.2283 5 182 754 1691 7 0.1444 26 348 632 1191
a73J7Ukc4fGYppHelZgYrWiK1qm70CNh,0 0.9519 1017 666 1235 868 8 0.6678 1527 1507 1604 1587 9 0.6423 177 1566 755 1927 9 0.2841 217 1627 496 1817 10 0.1297 162 1766 271 1900 11 0.0935 167 1769 282 1913
QaO5B6aNRET0g5p6cu2SAe6gfhp8H5KQ,9 0.1024 2287 1679 2334 2270
xZJONMIE9txDJPloQrNElLQCj2p3RvAL,11 0.0595 968 248 1183 367
0M2BsmSYs3G7at7swDzwbvvueLExfvgP,14 1.0 0 0 1 1
Q0KnrKretUfHymJDB6GUxTn8saYG61jZ,0 0.6275 1003 738 1309 1078 9 0.1983 814 436 1038 1032 9 0.1189 733 484 1167 1795 3 0.1081 653 1143 1684 1747 9 0.1063 649 1392 1933 2380 9 0.0669 1307 1502 1978 2268 7 0.0598 1309 1451 1994 2292 11 0.0569 587 370 853 482
rPinsnnrumnp4UQqGxB56rysqkXkLQNq,8 0.5641 366 1348 439 1425
88Zr668D57G0jwWVW5LeIpD9Ejd5N4la,8 0.2342 472 1162 502 1193 11 0.1869 1254 369 1475 481 13 0.1416 484 857 591 934
NXUM3bcuQfi7losA4kpdNv2CkLbCFXJC,11 0.2241 597 392 1091 616 13 0.0637 1720 431 2059 813 8 0.0624 825 707 900 784 8 0.0592 2160 1092 2216 1150
kiCMxfr0auflQ3VKgsxKvQkV7ln6tswL,14 1.0 0 0 1 1
H1pLhvvOvcnB7mSxg7qiILAaTkDetYgl,14 1.0 0 0 1 1
db8xUuaELhIANFrBIqfn3w8alnyEmOY4,3 0.7697 849 1676 1929 2237 11 0.6875 701 547 1019 609 13 0.0969 0 968 100 1024
JEmzx9FbSTUoKQBuBTa9o3YPyXvPXxgg,11 0.0746 1610 419 1780 530 9 0.0630 2023 1042 2152 1352 11 0.0526 1579 391 1823 574
MsfiL146Kd2pFYL9IsFmnNuzP9kVN8Ej,0 0.6176 859 600 1499 1135 5 0.4138 84 474 1132 1937 3 0.1053 773 1354 1964 1894 0 0.0732 1145 595 1496 1060
1lmjttrm4No8xGcSu1Nm7pDbpn8Kb8K2,14 1.0 0 0 1 1
xbZ0m2h40FPrNYy2wsGalpSjydAogLgr,3 0.3236 756 1043 1605 1486 7 0.1879 53 59 745 1674 9 0.0862 0 0 832 922 3 0.0700 86 1507 1994 2406 11 0.0552 701 182 964 264
hkEgbsZcSJKjvFQ9VVoj6PRqnSQhcpGD,14 1.0 0 0 1 1
DfsnUcgtTuCgbJN9EK5pIkjXDJLEtrm4,14 1.0 0 0 1 1
T9x6UdmW6PV1qKv2sjLGnt5olFpwf56H,14 1.0 0 0 1 1
ak9wz8wstCtenKBXO9D5UISHBc4XKYYY,0 0.9960 1133 1271 1417 1594 7 0.9004 801 1219 1022 1602 3 0.7638 673 1934 1697 2373 9 0.2345 784 1234 1015 1591 11 0.0709 682 1031 941 1122
GL7t1VJRXg7FvKsNsqRe7ScX5yGjOWzo,0 0.9803 1039 824 1193 999 2 0.8568 1120 873 1194 984 3 0.5420 663 1377 1426 1775 11 0.3006 772 458 891 509 11 0.1434 1194 480 1355 518
R87VEw3SlWL2S4WxAfciGWm7uzcY812u,14 1.0 0 0 1 1
XxAQBTU8tKndrFFCawFrW7jUeGsYPXd4,0 0.8109 1018 839 1271 1111 0 0.1487 763 830 1277 1284 3 0.1325 659 1397 1592 1733 7 0.0542 40 1550 962 2346
o6KEcBU9cPer9GUcYicwnTLaL03h96w8,0 0.7432 1220 635 1517 1000
dHM3S49xwTMSxKIUWqTV32Fe9UeWvZrO,14 1.0 0 0 1 1
ytBZkZ259muiFR824MBxHXDoUOlxKmJS,10 0.0645 191 1851 256 1947
14FSowHxaCcKA2r22YSihq5XBBqT6isX,14 1.0 0 0 1 1
6xEUYKVgN4ZEXH7UGtGx7u9DRUrCk2DG,14 1.0 0 0 1 1
VKM5d2en8y4b6cVr4yKJGUozKwWImesT,14 1.0 0 0 1 1
wMTEJwf0UqfLyYHxQvZUifLPXdv8WNX8,14 1.0 0 0 1 1
tb1kpdQoDQZY6v83CBJnrQFxnZ3nPH33,3 0.5532 760 1291 1885 1857
blkjLKTFJyxr3XCS5GSsNAQKf9Nh9gCc,6 0.2609 1914 1835 2154 2118
tTRshWNzvqaS9lLGgz0CcEktn3zPm58L,0 0.8880 1028 444 1220 641 0 0.2120 1034 1655 1415 2235 10 0.2058 122 1719 249 1870 11 0.1440 561 156 797 208 9 0.0857 148 1425 613 1820
xAgwc1YO1tkCt3hel9KKAQrmu6UOnVuV,0 0.9780 1218 969 1476 1238 11 0.1055 330 962 543 1305
fYoPjDSSkcwzDg3lZ9eutvxtQujlKsVO,14 1.0 0 0 1 1
70n6JLzKjPn54YZ3RDhcriDCqs753jSw,9 0.4887 1242 1624 1547 1806 9 0.1615 69 998 183 1149 11 0.0838 1511 241 1666 338 3 0.0695 762 1127 1667 1546
MR3cR5oPvYoTSVQaW6dye8SOLTcUwR1o,14 1.0 0 0 1 1
XfL9fpVOMKkzoNNyWuxua3n26JAYTkkV,3 0.9310 806 1091 1782 1488 9 0.4582 8 765 729 2284 0 0.3144 1132 627 1377 832 9 0.1234 141 1192 1644 2286 3 0.0823 114 1477 1994 2334 7 0.0777 912 465 1084 962 9 0.0738 208 1043 1034 2430 9 0.0579 187 1226 1019 1750 4 0.0526 152 1205 1081 2148
KRcz1gp5k8BYmbmLECwrvrKSZNTTMaQM,0 0.9994 1089 533 1358 863 3 0.9959 699 1090 1657 1450
iSgI5H03qqHCrR6doMU23OCEJeJ3fazA,14 1.0 0 0 1 1
vmjMup4lAXwoWDUe0Q1Xs9DHsGtAYot3,14 1.0 0 0 1 1
Rq6fQviYkDxX67xy66ELp7F9e6EyOaWz,0 0.9871 1199 942 1796 1367 3 0.9765 1068 1535 2216 2046 0 0.2582 1278 1006 1980 2011 2 0.2483 1361 958 1728 1381 3 0.1798 961 1256 2307 2237 0 0.0802 1166 869 1902 1649 0 0.0500 1397 917 1744 1235
6cGAXWwVsXsHbGSKMu1HjvQym3lNb0No,14 1.0 0 0 1 1
KfuE7sEiSCaQAF4TSdZGnYLw1aXyOpvH,0 0.9976 1025 633 1292 908 3 0.9912 713 1314 1661 1754 9 0.2238 748 195 1275 1474 11 0.1352 1191 379 1380 438 11 0.0731 1119 375 1301 531 9 0.0679 904 36 1344 661 9 0.0670 850 103 1276 963 9 0.0519 796 497 1118 1599
7lQqRG9g7KqX8X4jMTke7SCd5dt5EluZ,8 0.1705 951 418 997 493 3 0.1531 861 1734 1985 2217 0 0.1152 1247 702 1544 1056
XvxB7gd3FhklYuKbat8afXsNoVeYNBGz,5 0.7868 1581 526 2241 1860 5 0.5123 264 514 1030 2146 3 0.4534 930 1617 2037 2151 10 0.1156 2306 2361 2419 2501 5 0.1105 1732 714 2201 1627 11 0.0810 1630 330 1908 490 0 0.0561 1257 702 1591 1033
ceaYadYSl7rSf1pea0Gj2p78yVciO6FX,8 0.1697 280 1061 371 1152
gE4rvsRyQiwsSz5McYRuZx4Voc3I9f3n,11 0.2992 577 238 765 338 11 0.1003 487 236 759 404 11 0.0741 1253 271 1430 308
o5LTloP85hGK2L3NawtrZNQhPwpxjUQf,11 0.6383 553 300 930 613
mEWR4ZfCzDCJdZ4mdyDwOD8OfckWi3VT,0 0.7854 1047 833 1320 1151 0 0.4517 761 826 1311 1315 0 0.1718 869 6 1432 302 0 0.0777 715 8 1486 574
gqr83hjNOaJLPoFCfvazcOt9sh1GnkmG,14 1.0 0 0 1 1
hEhKkRXGftuh8YiksRnbSg9lYljM2893,11 0.1152 979 286 1246 356 11 0.0558 1069 290 1288 348
H2aMJAKwAE3vlr1Do7pHJIW5YQM8WPMc,14 1.0 0 0 1 1
nvJAAxJftSPr5chX8F4ukUI2VdSNBgHR,8 0.4841 1712 1591 1815 1681 8 0.1731 477 1658 581 1779
8mNvByz90EZaXhVjiSIf3UHzhH4IoOlx,14 1.0 0 0 1 1
C5jmTX4yD2ujn4MD3ajjEfrfZdUrsJQw,0 0.1938 1301 1047 1567 1361 5 0.1611 1515 799 2230 2308
QlBwEsN1XG26kqFllQ2KTUGAp3BFdQrU,8 0.6429 634 1662 739 1778
1fS6rwtD9eC9isTdMQ0CRA4toxHnkG77,5 0.1401 1460 432 2362 1967
VQxgvTTVhpJ9TS540VCBLePBUw3IthyO,5 0.9597 1716 821 2369 1950 0 0.8448 1021 680 1657 1267 0 0.6990 1258 731 1632 1108 3 0.1945 926 1651 2071 2009
22CHLKHnT8E8B6jwr4hcM4nohYqrhuVx,14 1.0 0 0 1 1
xMS0lYDTFFzJdoX5QqPSsjcAnt6QotEb,14 1.0 0 0 1 1
n2HAq8D0PzqDbAAkOg6jVi8yQnTxQIVD,14 1.0 0 0 1 1
7X4lGBx1Zc6oDX842SKgLxmrqsK2jtck,14 1.0 0 0 1 1
HbbyJeP18SkIP5MIG8sKgwtNf7wIZLMH,14 1.0 0 0 1 1
iQnsvVCqYP5r5V7hZO2V8BH9WehPZmCA,14 1.0 0 0 1 1
HQWQUrWqi7s3bwdCWsCZ02I7KSY1rnu3,9 0.4396 571 1934 740 2042 11 0.3138 1183 397 1445 449 9 0.1432 618 1940 721 2023 11 0.0926 1162 405 1348 443 11 0.0505 1189 416 1315 450
qmN2voHNPcalfdc8WtucFEu0qSPICOot,11 0.8740 836 297 1102 524 3 0.3466 1285 1408 2454 1968 11 0.0576 875 264 1177 477 11 0.0501 1905 253 2160 337
8F0sx01jDQqtjQDFF72cvhTJVhfdOPOW,0 0.9937 947 674 1168 934 13 0.7659 1243 623 1348 807 3 0.3883 537 1375 1531 1740 2 0.1336 1242 619 1344 808 10 0.0875 0 1818 21 1940 11 0.0532 370 326 698 467
5vAZBNTqpJgJpBzNyuwy0xuhI6L83b4v,0 0.5788 996 556 1274 888 3 0.2582 711 1396 1631 1660 11 0.1638 597 322 806 386 13 0.1300 504 1498 612 1560 8 0.0833 522 1507 589 1556 9 0.0515 176 1537 845 1931
0pgqys1nvYRVg0KgYh9NWkNytm3InRJs,14 1.0 0 0 1 1
2os1XtqmC4hZNJm4S9DxUKhPuc0iarHX,11 0.4405 1562 279 1752 423 0 0.1151 1155 609 1409 868 5 0.0575 1444 316 1949 1274
1uOA8cnL8WGDT30kgAh8bop9g5v5PFrL,14 1.0 0 0 1 1
gOjm1uuxGqvNJ7PlLjLERXoK47WrjGjY,14 1.0 0 0 1 1
QI6fiIFqoTl5TopIHEPhTntjqYJglJcY,0 0.6812 1227 794 1448 1043 11 0.2385 595 496 839 672 11 0.0625 719 497 1017 556
ZSCTDKNwEhoWXIyIW7cI2IIddlUr2qq9,11 0.3991 1194 295 1399 341 11 0.0564 1243 301 1427 355
xy4s86JrlEal6ZH6rAHIl3Kno8eJc1Th,5 0.1229 1678 491 1941 1067 3 0.0779 43 1604 1809 2391 9 0.0765 1684 493 1965 977 10 0.0676 186 1507 260 1625
Y732UF8IJEmOYDTZ8zy28F95C3NhKljn,14 1.0 0 0 1 1
IsQPL0sS07115V6sqqBgFPCvOWybxiEY,8 0.0994 975 2441 1045 2497 11 0.0503 1093 370 1273 467
2FFNfnEGuTi3P3C9OEOtoxSeigs3gLmY,10 0.2683 335 2083 411 2214 3 0.1500 1029 1508 2068 1997 10 0.0913 348 2115 420 2199
WhuGRZFVLYC2wYx1BltaJL0GnTMeBdq9,10 0.9310 2534 2610 2710 2871 11 0.4631 2536 2637 2706 2876 0 0.3807 1786 1254 2125 1567 11 0.0562 2553 2624 2664 2802
rNyIUbWjowF49grlLtOEHBtNCrHBRREv,14 1.0 0 0 1 1
zN5QSZMmJLaRBKUr1XxQiKapdZcT116q,10 0.9846 1705 1295 2296 2530 6 0.9725 638 512 1102 868 11 0.8900 1519 493 1898 581 7 0.5691 1622 1534 2053 2036 10 0.3461 1809 1383 2308 2140 13 0.3288 662 533 1072 852 7 0.2554 636 566 1119 927 11 0.2322 1696 1312 2233 2279 6 0.1512 703 559 948 814 7 0.1123 682 583 975 847 13 0.0895 688 574 904 879 7 0.0581 1781 1530 2184 2129
3LDWTfXa0UdvD9iC3wKkse8d8qCD1PIB,14 1.0 0 0 1 1
hgY7wr47RLLVYXKDoBv7wvykCovMQZgq,8 0.3571 1737 1659 1858 1797 7 0.0666 1724 1632 1924 1828 13 0.0531 1720 1643 1912 1822 6 0.0527 1700 1601 2019 1898
GRjxQYAbYMQstpxUkWU3UsNv0lICysaS,11 0.1444 1909 2060 1968 2127
7iUyuSzMZ3cwFmHkpdyCB1hBXUPnqaej,11 0.6586 1630 401 1857 461 11 0.6380 1626 437 1869 491 13 0.4287 2111 1010 2223 1089 0 0.1780 1343 835 1610 1102 9 0.1699 2365 2793 2548 3264 10 0.1678 116 2420 228 2655 3 0.0800 818 1883 1973 2469
ni169z1PI5jeYoJOrNaXq3mC3up1l9fK,3 0.3777 755 1086 2117 1668 5 0.0792 1460 367 2222 1655 9 0.0768 1153 0 2166 319 9 0.0585 1559 0 2128 259 6 0.0524 1434 164 2297 1750
qA0GAsrk34LKJBib2DkBQAlcVY7vLwEn,14 1.0 0 0 1 1
HRI2L7MHHgPov0MfkehbVkUlvspg0FE4,11 0.1374 1865 335 2101 382
aL2PlGelYyOq36aasnPZ6iAzAmvEHO93,3 0.1535 801 1503 2015 1821
muWJkksjo7gUMPztVOVzWYOSVddEjOuy,14 1.0 0 0 1 1
qmwWZJCbfPZcotZ94ksGNmPCCsTeGIhe,5 0.3675 28 528 947 1876 5 0.0641 1263 273 2163 1845
TIVaQ4kirtad9QFUcZOuVNspaJUHdT9r,0 0.9514 1127 996 1450 1296 3 0.9177 648 1414 1830 1827 0 0.5375 828 958 1443 1357
PD5MO0X7FIexKrD12Oob8riOJ5rbUSuy,5 0.8900 686 1134 1220 2165 11 0.6661 2017 396 2271 491
QITXrGjzshYnFE4biTrP0SYDcTxbeudx,14 1.0 0 0 1 1
CdbG687PWs1l5TqqJDZWfdkqBcP3gwJ3,3 0.9849 1250 1463 2556 1923 0 0.5927 1638 692 1991 1032 0 0.2331 1398 683 1994 1157
jD2z4fjUrGjjRy6Yqo2YOjdePU2PQoku,0 0.7170 1054 618 1248 813 11 0.2703 538 350 848 463 2 0.1529 1153 640 1230 756 3 0.1272 827 1277 1605 1739 5 0.0907 1228 435 1808 1674 9 0.0596 823 486 1194 1641
XZVekoUkqOPgIupay6HVK6gSLwJUJKQ5,14 1.0 0 0 1 1
gCktUfb98XynPwnN1G4vDyVgKTvDPdPi,14 1.0 0 0 1 1
2jsSTGARlw2gbWHFniLXigdUPXr4ypam,3 0.4612 1331 1691 2379 2182
pfm0AtRUTF55XftURdcQvL4z81R8ohvk,10 0.9091 256 2048 351 2188
ClNwse6tJOtfmIHUO9ag0U2KoDtqaLig,14 1.0 0 0 1 1
FvRPgGGdE5yJptfZcRuJeIcwk7y3TD8j,3 0.1667 872 1576 1867 2004
pTxrdZtwUg3APk6y02MyBPYlRa6acs5F,8 0.1668 750 906 800 961 8 0.0602 757 918 789 959
OE9QPA0lJDHaYfKdOSGrQfCKB40sE9bm,14 1.0 0 0 1 1
pjRgdJfvpuasjQEA1g2UlYP9tQDM9EKI,14 1.0 0 0 1 1
EOtYOXZ0ErD8IMK5YlP05dLhgVrq0sJP,14 1.0 0 0 1 1
Nlial3KxdjFqjJOF6BCwGJwQrylY8u4s,0 0.6843 1028 680 1254 915 10 0.1725 189 1750 252 1840 11 0.0753 1161 365 1383 423
TFuutmj3SV7ON2RVaAW1czTlip8VagrG,14 1.0 0 0 1 1
IrEQzD7rJwppvkSXfyxRNLoE7VqvVGbX,3 0.5193 1532 1608 2521 2036 2 0.1208 1926 903 2059 1126 0 0.1083 1561 838 2217 1301 10 0.0678 2652 1974 2786 2184
oEEEPcjcNlgbJ1oi1cyIQUGXW6iVmCKQ,0 0.6604 1069 767 1302 1078 0 0.5023 843 755 1305 1334 3 0.3131 796 1553 1657 1931
Ny9NUwcLZqkL4XmZeoHYkHEQ68nPV8jt,14 1.0 0 0 1 1
LKJYy7j0DEx01zRyPehI2jWPfCM1PvhF,0 0.9970 1146 750 1409 1046 3 0.9967 708 1329 1765 1775 8 0.0678 1353 978 1409 1047
pKfoNZnJD62clq0lCXxCoPj6KdSUQXdh,3 0.8314 1091 1471 2208 1736 0 0.0935 1514 805 1812 1146
IS1g5YcAxgE20F7Zupz98S98mvBnwldZ,0 0.9964 1621 674 1950 1054 11 0.1613 1106 335 1367 392 3 0.1465 1241 1326 2276 1742 0 0.1281 1376 650 1961 1212
41rLBMKb2RjqFGosgndJoekwTfK3mVVH,14 1.0 0 0 1 1
UxgdtzhKtVnREyTidkeSvpGhbbRT8EkE,0 0.9959 979 543 1256 839 3 0.7319 771 1112 1608 1439 11 0.0746 1161 282 1346 328
2lI8rnW4KK5xJmM1Xfv1WnOYpDIt8THY,14 1.0 0 0 1 1
ewj8X5vJG2C2guLFedUJqg6W6gksTsIs,2 0.4608 1801 751 1862 819 0 0.3952 1173 786 1441 1081 11 0.1578 687 402 945 479 11 0.0762 1459 449 1664 501 7 0.0740 461 877 646 1155
BvIHJK2cmeHBTz2QWD43HiHZjMc7mAMo,14 1.0 0 0 1 1
U4UOsRiXWlEJ3QhKgBPgCmV7EtH6QKQ9,11 0.1441 1393 284 1675 392
fGNc6fXko5bxcsYlre8hbZmFXEORvXHV,14 1.0 0 0 1 1
qaFdq4HtEoPzgVRkG0F1TsgBNBjTbg5O,8 0.9908 552 781 598 825 8 0.9636 1606 629 2115 1114 0 0.9010 1286 867 1584 1192 2 0.7984 389 690 1050 1441 13 0.4519 413 747 1058 1443 8 0.3410 426 747 1019 1405 9 0.2752 447 731 1013 1441 8 0.2358 1912 942 1952 983 13 0.1640 1659 613 2161 1090 2 0.0856 1613 604 2127 1148 11 0.0601 370 788 1047 1469
K5Sel5zvR1el0zDJlNqAKrT7THV96JdA,14 1.0 0 0 1 1
R0pg4dzvcfLGTXH5jEEIorjVfwewzWEX,14 1.0 0 0 1 1
sYKe0ZKqejAn5gSoVWSpxTfmLX7b9uVr,14 1.0 0 0 1 1
Q5e8r4qinyY5fYsY7IhQmbWtc2IFm6k0,0 0.6965 1358 735 1605 1000 10 0.5775 355 2191 446 2359 11 0.4334 1553 389 1774 444 6 0.0578 1831 567 2005 745
PXE4R4v56OjEjw0Y443vGlDlnVmFxBXp,14 1.0 0 0 1 1
aFeqketFWgV2RW4j7NOTDsHnFAeMQZPe,13 0.6226 1553 505 1803 818 0 0.5179 1308 707 1633 1042 6 0.1894 1536 508 1795 823
TtRRfEqUmEOxTka3zIbIRDdrTI5pruLF,13 0.1297 525 669 1041 1053
8fflPymzWSZVF7O6ea3f1wdC6gml3d94,14 1.0 0 0 1 1
XQHQvafdfpzZxuwg5OYmYHoOoaNnPLGb,0 0.6638 989 922 1202 1169 3 0.4044 628 1553 1580 2027 11 0.1067 688 666 849 731
wSJaFnjiiJHUwkgZJ6Av9oMUHr8VxyXF,14 1.0 0 0 1 1
6OqqZVPlzVuox1khMHgkUNQQ6Ko4Us2K,11 0.5983 1518 493 1762 531
BuwwK0fCAJKoyH9fdtW8vGbW9OX2rvjP,8 0.9303 1501 560 1556 638 9 0.5445 1505 564 1552 637 10 0.3955 265 2049 349 2170
H3Frw8LtfnqdiAdSxlM3CAzm9FGFhIdk,3 0.8935 847 1209 1831 1608 11 0.1139 505 276 872 431
g31itXpu0guxlpkQ4i2vmnCBupKrKVxW,11 0.9466 892 133 1301 345 0 0.8977 1638 591 1973 956 11 0.0876 935 152 1360 280 11 0.0776 822 150 1240 431 3 0.0540 1165 1581 2477 2021
doPmPzfepKfo2PUGsufRHjZP4qolASwD,14 1.0 0 0 1 1
LhNh4wEEvOazlLEAvMlvf9vzTvYo7FFp,10 0.9360 413 1713 537 1927 3 0.8414 1060 1428 2101 1924 11 0.8364 793 311 1147 417 11 0.7642 629 324 925 552 11 0.4174 432 1740 520 1885 11 0.4129 390 1384 545 1881 11 0.3721 738 295 1095 463 10 0.2992 426 1737 501 1895 11 0.2003 714 338 902 487 10 0.1800 376 1631 547 1960 11 0.1584 415 1703 538 1921 11 0.1353 1631 297 1759 361 11 0.1049 852 325 1102 399 9 0.0988 395 1691 1137 2095 11 0.0888 1549 292 1830 380 10 0.0850 395 1743 488 1923 0 0.0768 1390 640 1661 929 5 0.0688 1931 1045 2322 1798 10 0.0607 444 1776 520 1874 11 0.0591 1640 298 1854 366 10 0.0532 444 1717 1167 2061
vrgxb0pg1X1Ew7TVIhz7XlphiFQaCRwN,11 0.2278 2137 290 2391 483 0 0.0874 1716 689 2000 959
gBnVLYKFAEwxKwy4x8Gk2bMSVza7oweU,10 0.0783 1724 1843 1818 2038
8AleqHlZadA8jnMhBLENz70dlbAKxW1x,0 0.6644 1278 531 1592 874 3 0.5749 901 1495 2050 1877
cenGBVVG48LxY6ITMhgqNrU1LHxlvqG5,2 0.9961 1215 750 1308 904 0 0.9912 1053 684 1312 962 3 0.9638 684 1332 1682 1836 13 0.4383 462 1331 750 1545 7 0.3084 479 1333 836 1579 13 0.1661 276 1218 729 1758 13 0.1153 412 1107 776 1576 9 0.0987 50 1491 846 1949 7 0.0699 533 1317 790 1505
4q6GIwFTNxT7HgQkJekJHQHjSvuX2cu4,3 0.0930 935 1449 1960 2055
I4TDBKFSnQQ6CTySGEp7cAlx52JfsVD3,14 1.0 0 0 1 1
76oOc5hZp7yWYWpPEHogiVWzwUyTQY08,0 0.6308 1786 866 2042 1110
MV7DVzVFHmJFhnk2U0gNPgOjsVa76DyR,9 0.1018 2275 1958 2388 2118
PtxAyByEfs3BHeg0QO9cPtGtwXJvl18A,14 1.0 0 0 1 1
5UoYpTZ1dKWlXpfYvoxSKD4aLT27LsWq,3 0.9720 1029 1713 2115 2134 11 0.8186 868 603 1182 716 0 0.3638 1419 963 1712 1280
2Q03ogM22olU7bl08H4zv55r3yjtGsBd,14 1.0 0 0 1 1
XstzMdPd37VFJiktUMDyybShKYmYAtlu,14 1.0 0 0 1 1
Dpl6B4dHLAf9tnxZdw8vFYStKQjmyLgs,0 0.6319 1305 871 1603 1193 3 0.2520 1000 1700 1973 2005 0 0.0935 1055 869 1621 1443 5 0.0518 421 1333 975 1935
TqfcpMA6R6fCSl0WbU7n7tJlT2JHo9eS,0 0.9866 1044 520 1299 795 11 0.7540 1155 199 1449 290 11 0.7486 630 188 844 271 11 0.3313 1199 213 1418 269 8 0.2312 1678 1366 1731 1424 9 0.1716 806 426 1181 1703 11 0.1698 549 180 860 319
5Y5cGZtq2gwWlbakJzUIhr5Gb55i3SVK,3 0.9822 711 1220 1745 1709 0 0.7739 1049 515 1327 810 7 0.2882 34 231 620 1548 9 0.1090 59 1308 1807 2273 9 0.1048 767 0 1264 1531 3 0.0963 622 1650 1939 2395 3 0.0657 590 1144 1818 1971 8 0.0622 22 285 552 1519
lGyTnywI5naClW5m4dzNIKPkV9iamVDj,3 0.5209 572 1292 1546 1738 0 0.2153 842 10 1354 283 11 0.1170 516 290 778 382 0 0.1034 948 629 1186 900 9 0.0858 30 133 442 802 11 0.0810 1114 295 1333 361
nLdIhZ1ZAJnkDZ1OUbU8uxwUR1QicWRb,13 0.2882 1600 335 1698 499 8 0.0754 1605 351 1691 472 7 0.0626 1601 330 1700 489
zCrktYWDSfqkC6bztcCkqXqdwAJLss1Z,10 0.8761 189 2063 262 2298 3 0.2703 834 1501 1864 2087 10 0.1380 2061 2180 2145 2308 10 0.1106 204 2133 260 2269
CJOhI0Tof6yeNHIzi2usWZmiDRG7wB77,14 1.0 0 0 1 1
DoKisGjBEFzLQ6dmPl9mjry4r4PCoypY,3 0.3248 857 1588 1870 1930
YZqtXhFjCfAdpurGubRF6FcWO959jRld,3 0.5360 620 1283 1577 1798
zOAhFEU0PpL8qkr4yJJD2eIt8tdrfBSM,14 1.0 0 0 1 1
DmfVBUbnjfpCMDy3PGWVJnWo9Ym6k76G,14 1.0 0 0 1 1
wV9GkZybot1amrV93u1W7ym7Z5EQ3OLQ,10 0.2480 157 1900 253 2055 6 0.0950 1663 677 2268 1463 13 0.0811 1625 693 2266 1352
LB91e3EWIMg4ni7Mmgr1QSKuVecBjPAC,14 1.0 0 0 1 1
U3dI96l63EroKSFhBoNlVrWv4Hfy1loA,3 0.8216 983 1437 2094 1891
5ueUoRoMMXzGAsQmUgMsGDiojuSXgMJZ,0 0.1433 1039 521 1493 955 9 0.0859 830 211 1215 925 5 0.0714 362 518 768 992
llSLS9EfEaWfyPk0M6CSGz8clveawQ8Y,14 1.0 0 0 1 1
dORKUwbYzGi9DrIZTe4avCfTgXBnfZph,7 0.7968 385 1014 834 1642 8 0.2329 473 1261 551 1335 4 0.2258 380 1045 839 1616 9 0.1172 52 543 784 1644 3 0.0940 729 1250 1444 1698 7 0.0625 214 748 862 1609 9 0.0603 231 994 827 1622
IvnCUIRiBJpZpFb3xGpAHRvQj5j90Se8,8 0.0732 1604 1260 1790 1403
O8CCccdbCtaRs7KkQnl0ZeoH8iTLvrJk,14 1.0 0 0 1 1
ALPc3O20YXa9FXK22I50lLPlCsTf0f5T,8 0.0976 2112 1086 2179 1151 13 0.0829 2093 1051 2201 1148
oi7id4bSYRndHfyO6dGxxW8YkuQl6TSk,3 0.6691 660 1310 1566 1694 6 0.2951 1484 1403 1684 1609 5 0.0932 1465 1398 1693 1609
brP0ZT9WVLZyvKDAWQaVVnGztf9Wweik,3 0.0516 767 1520 1951 1994
t6QnWdvNLwsXG9Au5PImZ5GGrtt4UodD,9 0.0568 192 1700 746 2077
k7DIUHHL8y1pzh7EABFqKldGx3Ju5GHC,9 0.2280 1382 309 1474 408 11 0.1900 1345 212 1575 294 11 0.0694 1407 218 1553 271
9G9bZx9myR5oeDCQeQylWwXOpbehJeAE,14 1.0 0 0 1 1
GQG3F9pIDI5kHXRfgE17Qkb5KJYB3Tkv,14 1.0 0 0 1 1
llE2u34d9Pvr9gKjKeZDdcc2F8IIekWX,0 0.9895 1195 609 1470 974 10 0.9432 1596 1290 1981 1651 3 0.9369 885 1257 1692 1543 10 0.8058 1853 1292 1970 1491 7 0.6260 1581 1208 1902 1430 11 0.4060 1817 1314 1976 1569 10 0.1988 1747 1297 1973 1575 6 0.1443 1609 1203 1878 1429 7 0.1250 1478 1243 1905 1512 13 0.1230 1619 1251 1858 1433 7 0.1094 1570 1320 1951 1696 9 0.1020 1480 1155 1653 1377 11 0.0959 1860 1329 1957 1514 7 0.0909 1633 1317 1931 1525 10 0.0852 1859 1347 1997 1583 9 0.0590 1530 1357 2028 1762 11 0.0527 1601 1284 1978 1533 5 0.0522 1588 1195 1871 1443
KE47MiLiExoa0Cp4cPE3RZim0xPOS1Zp,3 0.4606 1032 1459 2116 1947
w4j1ZkTxHBv9NKmbkXZSkPiq4yu9CwtX,14 1.0 0 0 1 1
foDA4HhRfQC1iBVWNbvxBE2GweoGWKO1,0 0.7907 1216 861 1508 1186 8 0.3510 1507 769 1608 890 9 0.1029 1 214 109 297
dfpyq8YW51SwTP2lKeeNubINXkwYuq5K,14 1.0 0 0 1 1
XzAybi3Oeg2rmqoq134fIOdPksfrKnee,8 0.5626 2272 1834 2340 1914 11 0.0741 1112 384 1350 452
wxkjCf2G9dpwtrpRf7oJ9YiTIoAxLcz8,4 0.6114 388 1003 887 1528 7 0.5177 310 947 840 1612 6 0.2403 342 964 849 1587 3 0.2003 675 1122 1542 1611 9 0.1549 368 1107 770 1460 9 0.1186 446 1232 1675 2381 10 0.0955 1084 1420 1699 2348 9 0.0636 311 1113 878 1629 10 0.0590 182 613 864 1867 8 0.0524 472 1240 556 1329
45zhCRu9u5cj9k1Nf8SVKeYDqigEKKOk,14 1.0 0 0 1 1
NESD63XXlVVWd1wVKOBfFWn8R3awaKSk,8 0.0550 1681 2129 1863 2259
CZODdXf5YtjNiwY01LuBv5CMTeCG8yq5,0 0.9984 1351 646 1609 921 3 0.9954 836 1423 1917 1842 7 0.2403 1735 953 2175 1801
kE6x3JeMWmknK6P3K5lHRwH0gsQovE9c,0 0.3960 949 0 1314 203 10 0.1652 175 1717 282 1863 9 0.1329 1734 596 1977 1131 3 0.0830 758 1325 1481 1751 7 0.0827 41 574 670 1824 7 0.0509 1746 625 1980 1166
GX2VPiIApOhNI7amFdLXvxYFRPZjsRaB,14 1.0 0 0 1 1
4MAziZjpgGBBnmKdDU8A8hejSi63t3oX,14 1.0 0 0 1 1
WeOyL965kzAa8PnXrCgcqhFTlIiSoXZW,0 0.9781 1167 976 1458 1372 3 0.9778 854 1765 1947 2268 9 0.2399 97 1926 874 2365 2 0.2345 507 1414 664 1555 13 0.2163 567 1699 700 1768 8 0.1766 542 1446 625 1518 9 0.1210 536 1445 627 1523 13 0.0954 236 1351 379 1444 8 0.0747 545 1460 601 1512
PzvUqTUec6UmuzY7r297UnpFuXLlETTx,14 1.0 0 0 1 1
bpgkn4G3IpFxLtnqQcApoDCgplfayCL2,7 0.2028 417 1075 839 1482 0 0.1045 937 595 1352 993 0 0.0816 1101 608 1357 889 3 0.0594 815 1247 1591 1518 3 0.0521 769 1163 1714 1687
sTIktrx89YrOLMC4rdbAgOfgsSnFbydp,14 1.0 0 0 1 1
0ZZ4oQp7lTubXliRLVVWT4y6EcRbJmt8,3 0.8916 993 1313 2002 1857 11 0.7253 918 213 1153 268 9 0.2229 1014 583 1507 2127 0 0.1898 1321 648 1604 965 11 0.1285 895 201 1097 256
Z4KHyH5CHwK4cLoctnAxbGk6wdcg7hnk,0 0.6183 1420 864 1751 1219 3 0.3971 1065 1508 2141 1835 0 0.3412 1173 871 1756 1356
NvO7OmYX4uu5VfqzCWchZW1ul8ORAozz,5 0.7357 72 438 1152 2077 5 0.1114 1399 606 2198 2036
Nz5Daw30dSJ4a8qS1rVsCVFGguFbs6lV,8 0.0599 1202 948 1368 1107
ZOSwolUohy6s6Ulp0cqAQ68iKk3oOJBP,6 0.2676 505 1190 750 1408 13 0.1753 450 1172 812 1442 9 0.0615 1051 423 1504 1842
gBQ9opBo7Ob9Quw5d6bkkKYUs4BXKYxg,14 1.0 0 0 1 1
mcryw0Hv0D9Lq7qkMgL0yRIzm7CE9luY,13 0.4899 1013 1335 1238 1609
5A377eqqJvwMccInbwQWxWzhbQ9OMIJs,9 0.0919 1 1145 46 1406
jFCj3OwKyXxwuVKRR5qCiV2oFRlpWHIM,11 0.0813 1908 1729 2449 2229 3 0.0760 1012 1484 1980 1997
D5olp8DggTwuqWagSiTgqdQ2You6UCGN,9 0.2963 75 1061 418 1741
FWfMlciWLc9ELykXsQGWxXZmzHN1I4QD,14 1.0 0 0 1 1
nnr7yCgExLhvfEGiCq0CnQTb9j3rHA50,0 0.9984 1349 666 1651 1059 13 0.8563 1638 419 1938 785 11 0.4945 840 291 1105 341 10 0.2892 318 1855 448 2076 0 0.2413 1092 634 1682 1222 11 0.1651 1763 309 1905 421 3 0.1091 967 1457 1903 1880
0SaYKvBUKPuubsnic8Qb5XUry3GKdXBt,3 0.4496 733 1262 1498 1605 11 0.2856 1096 489 1337 552 9 0.0580 10 870 586 2334
jwahOBIMzKEAlcnxv9BIDb99Y9dlTtTD,14 1.0 0 0 1 1
jzZq085OxJLoqbWtD09BEVYZLCcGRRUF,11 0.5726 393 348 709 593
0XZn3YeCkVoZbwJMn0TgglbJW71kcKcZ,14 1.0 0 0 1 1
zwipTQea32I2Ghfyu6Ato29XoixaBQVD,14 1.0 0 0 1 1
Yix18dSyn1t91L1jDpek1amoGzUVY3n0,0 0.8910 928 632 1213 931 3 0.7544 577 1254 1444 1603 0 0.5395 657 612 1203 1156 9 0.0739 0 1412 1768 2347
hkPdsWX9sX6AeiIwCEdKwUCNgSfUCwvv,0 0.8863 1125 655 1445 1015
zO1YRnVL45fYGieSjsAGvs4kZgUQeh2x,14 1.0 0 0 1 1
HK40ThDKUlT2bP2sCMTcjJABId9gbree,3 0.0810 785 1631 1927 1968 5 0.0718 156 970 707 2079
hMRpjWm48cQDS9xXG8gQtKW00Hy4gDCT,14 1.0 0 0 1 1
4DQA1b4WV7r6Mv6YZjbljrR61sGrtK2B,11 0.7095 1070 336 1357 447 0 0.2556 1661 679 1996 1049 11 0.1195 1988 301 2258 437 3 0.0884 1290 1712 2382 2139 11 0.0643 2080 318 2323 491
bIJPMS2pwdfgiQqaJGfxm610ekN3DymN,3 0.9992 718 1055 1747 1543 0 0.9033 1037 565 1315 806 0 0.8554 823 544 1313 918 11 0.1708 1255 309 1577 378
7Hy7ZV1lQYbpNAj0kBTEMzLhWN2OwEEI,3 0.3819 728 1016 1561 1445 11 0.1203 1161 285 1433 354
JEN6KyQXO4mwro73kaN9B2On37r461gr,5 0.2274 135 2108 415 2528 9 0.0694 101 2161 431 2591
NMEfL27aEk6maZCVd9G0IkUavmXyND91,14 1.0 0 0 1 1
LxRbnKioOSKCZNwAcUGM8kBOWDyR2skl,14 1.0 0 0 1 1
9dk2SWH07Jm7F4esf4ZHxSnCkMKkB1bW,0 0.9972 1115 643 1409 941 3 0.9785 701 1254 1715 1667 0 0.8519 843 598 1386 1303 13 0.6017 510 539 613 591 0 0.2192 981 645 1398 1047 11 0.1747 627 387 913 466
ySbJkYAz3mgZvaXP93n2UERLuxwqLNkD,8 0.4997 1723 1548 1817 1651
KbMSL1roEFQi9pnxWnyLrSkoLtVVbcX2,14 1.0 0 0 1 1
PIJ4NpXLKcouweyCvggGtDieigvFPucm,3 0.9860 979 1202 2111 1730 5 0.1412 94 381 1266 1745
a7Qn0QI0JVA85zI7CRYNpsQPDSKlzo6N,3 0.1669 790 1541 1693 1891 13 0.0705 397 1386 580 1482 13 0.0664 453 1155 671 1302
rYVfrqwVWC42PnS9ePQyOn2bvxReH3eA,14 1.0 0 0 1 1
h5mMeWONJ8Cp4eVJtPsFe1LSFNlJUtQd,8 0.5326 449 1678 584 1807
TkC6mGwsM4LtiNkcvviFqLc0ej9AEMx2,3 0.2703 719 1266 1482 1596
3TuTU5Lkyr5Y49Wk4d9y8BXsL0vQlu09,14 1.0 0 0 1 1
Pjz6DrovtPmMmANqKR5s2LDphT5zahry,11 0.9143 1402 393 1636 464 11 0.2182 1424 402 1586 449 3 0.1154 894 1511 1914 1867
k8yKbDHjq1bQb6qkmPiTqX6pn7xs2LCQ,14 1.0 0 0 1 1
2yN4GsAVNhoqZIxGnGhDxf0Udnc6JgXG,0 0.8183 1120 735 1412 1120 0 0.3411 855 733 1413 1289 3 0.1762 733 1451 1567 1880
kI0v6YvX7iH8hLrB9xJOWcYmhNIbFg7S,0 0.9970 1141 551 1461 923 3 0.3742 837 1340 1804 1773 11 0.1253 1294 242 1456 293 11 0.0788 1328 226 1612 303
pukjjQp3DxVh8exIXtztiC1s838ufdxC,8 0.1598 2021 759 2078 830
CQ7HrwDkr6KrFwf1SiaLuUda0WxMXMgk,2 0.9617 1733 1010 1787 1109 0 0.3475 1490 916 1794 1211 11 0.1932 743 378 1193 547
07hNGJivSCHhBlus2sC7O5CK5nObVRWk,9 0.4093 154 1309 880 1933 11 0.0909 1123 51 1304 135 2 0.0757 170 2134 216 2174 11 0.0750 600 53 872 131 9 0.0691 265 1228 746 1576
M0tHozExkpATax2L3RRHzxTzwikmVHRK,14 1.0 0 0 1 1
mTaACP4LZfSwaWtSqyrk7sqdWHO1BKNK,14 1.0 0 0 1 1
JiJ5xJlkUnUDRtjY7ZnHb2r8KVR4dCA5,14 1.0 0 0 1 1
2WHQ1bNFgIYNzUvTrpkdavCorJsiRfd0,7 0.1262 880 707 974 808
m1Jy6Pc7kxZnZSUq5YbAoxLhZHbPYtfH,14 1.0 0 0 1 1
hafsg1h8XhFncttWcLjQpnSey5LDi8WK,3 0.5272 905 1484 2055 1873
CAHUaKFVhI2x3Z0dhxaOSbC3ZO8zZISs,0 0.9281 972 961 1207 1249 13 0.0893 297 1398 382 1428
PfnSQYTo8My4eIMdmxUf4ElbbwHujLrR,9 0.1372 190 1452 1047 1865 10 0.0620 2144 1467 2372 1712
22FJH8agBFw8OF0xNf9paJlRosz8lDhG,8 0.1651 495 1810 603 1922
6Wh93cgqMWL2IxhCy6YhjMlB8oCSNRpG,10 0.8790 333 1263 1007 1722 10 0.8011 360 1351 459 1511 10 0.5842 354 1346 686 1611 9 0.3522 370 1317 977 1577 10 0.2988 346 1322 476 1589 13 0.2891 449 1283 895 1467 4 0.2385 332 1233 1108 1781 7 0.2314 326 1315 1137 1848 7 0.1776 446 1327 976 1573 10 0.1144 359 1367 543 1629 13 0.1091 507 1229 985 1511 13 0.1043 575 513 774 729 13 0.0636 342 1282 917 1581 9 0.0570 401 1337 695 1484 13 0.0529 557 552 806 833
xH4bhm5sZGuLZYlYiZeFE0MnEg3igfJY,14 1.0 0 0 1 1
MlZ38Dwjiqjx3wWYur0ztEGOhb33EDY0,14 1.0 0 0 1 1
bFexecGcqzeKJvoBCW2mxlLmePtwrwnc,9 0.0570 4 147 173 284
pTGHxfl7QNUx0tIXPQQw8MHfhXYaeieD,7 0.3435 17 494 750 1933 7 0.1540 127 712 769 1562 9 0.1425 0 678 831 2012 3 0.1326 0 1676 1950 2388 9 0.1304 0 144 921 1569 9 0.1231 289 906 746 1452 7 0.0911 48 1006 684 2243
Yv1WXW3fpBewSZ0eilbbWScwaIglExq6,8 0.6817 1634 1272 1736 1366 7 0.1670 45 603 669 1968 7 0.1633 1638 1260 1752 1370 9 0.1050 190 1724 908 2314 4 0.0561 33 570 563 1831
6Zm7dlMTsSma2RD2OmSXHkGkRL1gkbcM,10 0.1427 1403 2421 2277 2783
taNwHns1EjF88jUSdGRI4hRs2ZYv8zlw,0 0.2342 1410 729 1751 1068 10 0.0925 134 2165 217 2313
Eh20c5IIohJtFbi4CvM2EnNFo0J9RcMV,13 0.0557 588 452 752 581 3 0.0512 596 1273 1405 1809
45WiWIDYcJBnH7TJdIPEhuW3HphTpGH6,14 1.0 0 0 1 1
y7jZUHssTesPHHCeaeHipVpi6GbdxP5e,0 0.2271 1396 666 1771 1050 0 0.1435 1017 661 1799 1415 11 0.1334 674 267 1115 411 5 0.1204 1857 992 2505 2165
D4O7Y0PGfNbruDT9mSA3xx9hmpRMiUvE,0 0.6836 1083 789 1324 1030 11 0.5227 1249 488 1470 554 11 0.2737 1351 474 1642 662 11 0.0972 527 516 768 620 11 0.0777 1288 513 1467 568
wFLUrZygMoC95ClVcQIi0jJQC12azVJc,14 1.0 0 0 1 1
923xfcG5CrP33nzc3sc1N9Cx9okwe9hT,11 0.7373 504 316 813 498 11 0.6277 726 323 881 377 0 0.4783 1114 639 1349 898 11 0.0537 631 313 881 411
vmhX1TLnTqG0mizcFOzvvMf6H9C3Fe6h,14 1.0 0 0 1 1
eDSaNPNtsgD6EUhPKpYGsF0PskxszK3s,14 1.0 0 0 1 1
hIhKrm71kVNPUiJCsDgM16N0d0XTOeir,0 0.8851 895 514 1124 737 3 0.5800 596 1197 1384 1489 9 0.1093 1520 200 1994 1624 3 0.0776 1452 775 1977 1446 3 0.0704 0 1450 1899 2331 7 0.0616 174 1039 620 1404 1 0.0519 1552 418 1953 1477
wrooZaL6v8yGg5GRMNeOyk7coiF7QoZH,3 0.9677 1056 1857 2270 2360 9 0.5119 0 2026 168 2483 11 0.2500 1618 346 1998 443 13 0.1958 1685 386 1893 785 11 0.1612 1596 345 1855 410 0 0.1427 1402 793 1725 1139 13 0.0603 2024 682 2123 791
ChLvvjQ1qX8th7FaXL7xmat5SrmYLfPN,14 1.0 0 0 1 1
Gs6f8Zgk2MUvoQJCKuM7VlQNQHvivBsZ,14 1.0 0 0 1 1
cWHbVrEmtV1bGCg5zJfItDXAtoJlsnRq,0 0.5383 1087 703 1358 999 11 0.2444 659 414 931 542 3 0.1295 825 1428 1638 1844 11 0.0923 719 432 924 484 13 0.0718 1607 986 1793 1087
Bz5tTobSLFulykFrWjIzoPsn2A73ua17,14 1.0 0 0 1 1
xZf8Zs0rjJmlj1igiR1F8FHlyqm8fiyF,14 1.0 0 0 1 1
Hd9ya0DM1u6BLTD1XyM7Cvo97gkklzqe,0 0.6325 1255 714 1597 1021 11 0.0835 561 511 754 627
JY0a1KQRyAeoxsSZh2VgVZVoigNDDMKl,14 1.0 0 0 1 1
XcmsoVDQ8uZBCUyeUgLVevpqi1qjmXrx,11 0.2521 611 300 970 505 9 0.0744 153 1605 957 2206
z2ij0WsQphI8ZBaSJjy3H5NFaTl28g35,11 0.0598 687 374 1044 508
1iet6TgokjgvXbnSpCPEwCaWhoZKkdz7,13 0.2832 397 988 580 1093 10 0.1795 236 2248 330 2402
iSMytJtWObj7V5BKcheKrSFCSHraLAUK,11 0.4213 1292 452 1446 492 0 0.3347 1094 747 1320 1006 9 0.2908 1322 1287 1550 1632 11 0.1161 1266 444 1493 501
exEHjv8YXVrL9GX2dtgJVsFQ1Jq3cXE2,10 0.5404 46 1963 138 2104 11 0.0965 1303 317 1478 354
zCG5yaCIDLMA4zcnauh7dBcOmtlFtLFt,9 0.6754 233 693 276 734
cFT23v10lLk3Blu0nvOUWEvfAtp6FYaQ,14 1.0 0 0 1 1
Ttp9WGbWRWKlREu2k3xQcVIeNLxBqF9F,14 1.0 0 0 1 1
EFoUSH8f756dcopHGmORbzcei9Nc2Itv,3 0.6755 895 1660 2025 2201 12 0.0731 0 0 658 72
XawdQC7gFpOYr4ilu0SudrGWXzvdY5tZ,3 0.3132 1050 1509 2127 1925 0 0.1833 1468 921 1781 1280 9 0.1591 281 1645 1028 2226 9 0.0838 410 1685 978 2042
LlMAqa7ELXyWE13TwIUdtlUN4wzK8xmX,14 1.0 0 0 1 1
N8bix9YbW4MIM7cxYpvjlwsibe6hZkxz,11 0.8181 1395 261 1857 432 5 0.1935 141 292 1059 1876 13 0.1168 1454 365 1937 820 3 0.1142 781 1285 1885 1765
yWM5Xb2pwHaKPAdJQgGc4j5hp7T2J4B2,9 0.7247 660 1861 1549 2754 0 0.1276 1103 681 1388 1016
gX4bVPqzpCUjEbBEkDpJKzbfIxEwiKRZ,14 1.0 0 0 1 1
RGsBCfK5ataBFELUjavBIevEIXzAgbtl,14 1.0 0 0 1 1
d7keUVKWXitsn7qj1Clde7Pt0PyODB1W,5 0.0777 53 162 1183 2137 5 0.0552 1384 381 2295 2199
o2k4Yi4wx3y01ykb3oZu5uOeIjH4qqUD,8 0.6260 559 491 641 562 3 0.3673 649 1304 1462 1573 7 0.2311 26 505 530 1769 8 0.2061 524 460 641 576 9 0.1503 0 1398 831 2223 9 0.1452 57 903 309 1415 7 0.0629 4 1332 878 2398 9 0.0557 554 491 641 561 4 0.0519 0 1266 820 2019 0 0.0511 929 5 1145 174
tl5eXwyhq0KMJyO2Uqdize7MqX91uZHB,0 0.0665 1516 857 1803 1192
GitMZYtJndfHp985tQnhYQWVV0SxCgKu,14 1.0 0 0 1 1
R0m733jqzETsq0LG0KuLLA39SEZX3ePY,14 1.0 0 0 1 1
DzginI5SOo7gXqYRIppzhL9kz3IryBD4,11 0.5875 561 532 699 626 11 0.1743 532 562 690 647
bDb2og4nrTq7UV48fF223C0wouyQWExs,10 0.9804 85 1674 230 1964 9 0.9649 185 1630 518 1833 9 0.8261 148 1605 771 1974 10 0.5369 116 1714 218 1878 11 0.2818 92 1709 252 1985 10 0.2614 45 1562 239 2007 13 0.2467 198 1644 496 1851 10 0.2245 81 1639 326 2010 13 0.1801 178 1635 657 1913 13 0.1707 1785 648 1874 746 9 0.1668 29 1612 892 2148 10 0.1112 89 1604 543 2059 10 0.0685 43 1731 279 2056 7 0.0566 159 1641 901 2069
Vh9fb5tWdhmeWxPCGpiben3FejgDQ2bI,6 0.3475 216 643 619 1482 7 0.1590 189 659 601 1449
eycRsynQuDGkzCDhmKAZ7unEUnyAtnOD,3 0.3441 963 1148 1999 1552 0 0.1156 1261 606 1611 925
5pH5GZAIitAP14L0TrxhQkY6qju175dH,0 0.8806 1100 710 1330 961
vPRfLPsigBAS7C4kJy3B5hkb2VIE60z6,14 1.0 0 0 1 1
6vKcwiV1BFaIBA4TU2buODR1YIp3dWrN,3 0.9856 986 1540 2009 1984 0 0.9781 1476 658 1920 1208 2 0.6355 1608 743 1921 1121 9 0.2845 1061 455 1701 2207 2 0.1691 1485 656 1951 1241 8 0.1542 1527 677 1925 1123 9 0.1518 1235 316 1599 1778 0 0.1453 895 721 1781 1759 7 0.1357 892 958 1299 1950 2 0.1121 1661 797 1863 1072 9 0.0876 1552 640 1949 1123 2 0.0800 1696 887 1844 1057 7 0.0763 1102 763 1283 1176 7 0.0560 1517 662 1931 1116 8 0.0527 833 2990 910 3047
IvDUGZzn49btZ3SQI9BKEvMtPrnd6uUj,9 0.8707 8 1125 246 2016 9 0.4233 0 986 421 2191 10 0.2252 145 1880 254 2029 9 0.1832 0 841 793 2177 5 0.1474 51 314 1307 2038 10 0.0755 149 1828 350 2020 11 0.0526 103 1738 426 2052
If2EJquFITr6vkv8wEZHgAd9tDdCEPoJ,10 0.4258 198 2457 374 2790
XHGBTYkgxj0aLXLZ3iKjCioHU7tQybyK,14 1.0 0 0 1 1
3H85YH7qRaCHX2SMtztpZoqQZSasqTxP,0 0.8136 1301 992 1572 1257 3 0.8000 822 1886 2072 2527 13 0.7180 1897 2312 2028 2451 10 0.7002 121 2531 273 2725 10 0.6800 94 2426 362 2747 10 0.4446 133 2566 231 2712 6 0.3026 1673 1012 2041 1575 6 0.2298 1936 2269 2243 2588 6 0.1716 1585 883 2100 1696 11 0.1327 760 653 1015 703 5 0.1202 1593 920 2137 1687 3 0.1195 856 2117 2053 2778 13 0.1048 1568 957 2143 1549 8 0.0561 1809 2114 1917 2231 7 0.0535 1949 2268 2259 2629
UUPHUmtLVAV2BMM84fhTA6qtPFoUGCNd,14 1.0 0 0 1 1
6Za49dMY29kSUp0Ts1Euw3cyhzdTtGce,7 0.8104 717 1832 878 2011 3 0.1572 1021 1501 1967 2078
Avs2bPWlQJd8yDBjdQkTSnXDDe8kcRm3,9 0.9807 1736 873 1994 1139 0 0.5010 1129 622 1452 960 9 0.0721 819 621 1402 1903
75TXiblfPY3U9GKK0vXWMrMmkb9a86qB,0 0.8768 1484 712 1856 1107 3 0.4678 1104 1491 2188 1941 5 0.2850 1818 531 2581 2059 11 0.0668 360 1684 535 2009
AxdwlDM3mYpJcazUmtqLDvAM8YzyN5yN,14 1.0 0 0 1 1
zfxWebbeqBPYEltlfZMv03iVWwXR9HRU,14 1.0 0 0 1 1
5aLt44jpIwh5Ax5bY6OBDZSbOhadpsis,9 0.1179 1 682 83 891 13 0.0588 2397 2085 2493 2123
wIYUVljp46hmULTA5hjJjy3m5TbXYoTq,14 1.0 0 0 1 1
LAIxr60wCCiQWo2omu8q19dBbFjOprPQ,14 1.0 0 0 1 1
wl80rzoB8x7q7P3x7RQVciHB2AXoDga5,3 0.5054 791 1545 1591 1854 7 0.2210 230 1500 419 1847 9 0.0736 0 173 913 1134 9 0.0620 10 972 445 2344 9 0.0533 164 1664 866 2359 11 0.0507 222 1497 358 1819
wm0PdJVjudgxlq7eaexmsshhUiSqiNoT,2 0.9028 1211 791 1282 901 11 0.7840 681 388 878 438 3 0.6021 888 1427 1689 1844 10 0.4415 174 1879 264 2008 0 0.4379 1083 737 1290 961 11 0.3077 1208 368 1387 423 10 0.2875 1754 1710 1904 2134 11 0.2292 615 395 880 462 9 0.1043 240 1675 672 1998 9 0.0667 1800 2091 2039 2500 9 0.0635 845 1208 1239 2043
YcGTvR2Oo20dEuKB4BqEXlqsUPHkGuwM,0 0.9368 654 699 1182 1225 3 0.0581 600 1336 1411 1606
7pyWQHL2DILQxhOh7loRP7cfsgenMwCe,0 0.7195 873 889 1194 1300 0 0.5469 701 894 1213 1424 8 0.1874 312 1576 360 1633 0 0.1737 878 1 1271 216 3 0.0745 581 1619 1372 2020 0 0.0568 1024 2 1246 169 0 0.0532 778 0 1294 103
YCrPB9qlw6Wqi94PhnZqIobEVGx0veeU,3 0.9783 1197 1698 2373 2260 11 0.1862 629 2168 717 2312 5 0.0895 669 928 1336 2236
zs00odIHLtYeYBiEMhnq3GsBYkEmLA7h,5 0.8792 109 496 1118 1776 3 0.8338 858 1259 2065 1743 5 0.2948 1535 776 2225 1717 1 0.0524 1841 1473 2219 1698
VyOwS6gwwPB9LsK9gWHG3CFnfL2ctVaQ,11 0.2940 747 320 919 382 11 0.0598 703 322 872 420
SuXQ6ReCfP6BqyhZRRZiPnVkrZXvz6Za,14 1.0 0 0 1 1
U1gVnCwHWnNJDcg0czE3aaxNjTDNOQop,14 1.0 0 0 1 1
fOkhQ2tGsGPNtoGREsuyLxrISqeLPvt7,14 1.0 0 0 1 1
HiJrdUhrgkRtL1mr2PLHPSpBLSZQ26Ry,9 0.0765 1415 665 1910 1092
VdSS6d3izJyG186pK26ZnTvz0lU5SaNt,0 0.6984 922 731 1184 973 3 0.2755 624 1305 1526 1756 9 0.0591 14 1511 694 2292
PB1re6NecNaVjf1ejy4lm6qLQuITpuL9,9 0.8707 245 1760 1016 2423 13 0.6988 237 1651 990 2304 7 0.5818 1541 2022 2400 2547 3 0.3724 1045 2186 2351 2544 13 0.2697 1644 1704 2171 2074 13 0.2494 1769 1775 2140 1979 4 0.1955 1528 1934 2325 2473 13 0.1487 1804 1545 2268 1905 7 0.1294 1940 2033 2387 2464 13 0.1002 1993 1556 2254 1755 3 0.0958 885 1599 2044 2086 7 0.0726 1524 1718 2256 2247 9 0.0722 1536 2002 2374 2547 10 0.0566 1605 1840 2435 2547
EDjpR5RgLKc5vktU6Zxzf0PMVhw2zkrH,11 0.3868 511 269 732 365 11 0.2090 526 284 724 336
59hBipb9jJaXIMwgt4VkumdTvQCI9pe9,0 0.8342 1145 579 1375 802 11 0.2408 347 332 683 508 11 0.0646 1352 268 1606 306
OGzsLQXZF1shbX0RCAcwcL2iHJx1JZ8h,0 0.9030 1048 1126 1317 1487 0 0.8161 764 1098 1320 1749 11 0.6840 1180 756 1341 812 9 0.6320 472 684 843 1050 11 0.2868 1144 747 1353 840 9 0.1689 791 944 1180 2217 11 0.0658 1097 740 1392 889 9 0.0507 837 1063 1119 1816
WU7rakpFhBtggFogKDSjz0wm2vQb0Rwv,14 1.0 0 0 1 1
5KBD8Rp8XW4SFydhn1jgdP3NpgkUmcrf,10 0.4027 662 2508 931 2822 7 0.2498 773 2355 1463 2965 8 0.1584 1243 812 1331 954 11 0.1085 1632 115 1887 192 7 0.0814 800 2373 1293 2777 9 0.0796 751 2275 1548 2986 3 0.0748 1115 862 1928 1241 11 0.0704 673 2482 962 2821 9 0.0518 956 2430 1418 3030 11 0.0510 1764 136 1979 273
VTCi9Yphzqln3Ak2YMlobkypIvOZDEjo,0 0.9983 1740 715 2061 1147 3 0.9973 1434 1509 2449 1892 11 0.7397 822 1731 991 2054 0 0.6429 1484 690 2074 1316 8 0.5619 1897 988 2169 1299 7 0.5368 820 1641 990 2003 8 0.4227 2051 1803 2110 1862 13 0.3899 2200 1341 2410 1479 2 0.3280 1983 1750 2044 1824 10 0.2896 812 1787 965 2069 11 0.2282 834 1621 1013 1962 2 0.1750 1736 735 1990 1004 11 0.1685 1232 449 1446 521 8 0.1651 1973 1703 2134 1870 2 0.1522 1978 1737 2069 1841 9 0.1108 930 1744 1124 1940 8 0.1070 1989 1745 2045 1816 11 0.0829 807 1474 1028 2044 11 0.0801 845 1829 973 2036 10 0.0777 836 1845 937 2042 9 0.0613 1492 611 1757 1046 10 0.0570 817 1671 1024 2101 8 0.0558 1981 1733 2063 1838 9 0.0525 818 1761 1551 2239 9 0.0520 1475 476 1912 1555
O6ecj1sRIEYhcefiSbaxaRJD1oiM3QSQ,14 1.0 0 0 1 1
G3bXtRdiIS8TLYlydphOrUV047geYbN1,5 0.3266 443 1164 934 2016 0 0.0811 1347 874 1619 1166
9P3pwcAyQ1DTLj44PBLqbcSXzSD3vX6I,9 0.2905 348 2357 448 2454
2B4yxC8huzRRDEv2Qf5vPYTuEGxP3Y4b,8 0.8268 862 1802 1008 1938 10 0.1680 659 2107 758 2270 7 0.0525 841 1795 1014 1967
wT5OdxhPzD0Lmnd86EdbK2sLnux931bR,8 0.3112 428 2060 492 2130 11 0.1887 942 604 1129 660
ZCtgXVFVKnw95oq8vqBZuoDygIL1VF96,3 0.9644 838 1189 2082 1619 0 0.9298 1271 378 1593 728 13 0.7771 1969 1371 2133 1569 8 0.3580 2070 1352 2103 1391 9 0.3387 2299 1366 2382 1485 10 0.1785 2128 1484 2272 1709 8 0.1467 20 1022 62 1057 9 0.1365 13 1019 69 1063 9 0.0994 2272 1329 2391 1563 9 0.0552 2224 1276 2392 1655
haIZ9TgEYTdevZY6XmkYw26YuixBLIhU,11 0.3824 1477 378 1722 430 11 0.1285 719 367 990 426
0ScqEu24LwrHBL2RZZCQRdKfK226MFkz,14 1.0 0 0 1 1
pSvCJAUUmtWVHmRfgBUT4KyWJkuonhtH,3 0.5146 611 1163 1426 1656
U6DJt3TIjhFyf5CBtXf9dF8Saya6f0Di,5 0.0604 122 344 1232 1687
7MxFpSUqt6HMlm6cmb4io1GzCMIj4jcW,7 0.0750 3 279 730 1454
eEF3yCRtc4uSRpqkBDLPaWzxD3WdJoV9,14 1.0 0 0 1 1
zH6840OCIAidiNvQyEkF5Hx5B6ImKTVY,14 1.0 0 0 1 1
S2n2aPdxw7TvU5503o4nzCoZLNXX8rEq,11 0.9459 1420 170 1777 272 9 0.0901 2257 485 2331 590 13 0.0640 1570 239 1687 343
DOyI8E0F9Hkcj2GPopsFDnrD533JTj53,5 0.4044 1906 655 2425 1704 11 0.2658 972 286 1244 345 11 0.2460 1884 258 2112 361 3 0.1969 1188 1475 2126 1785
4MkKrYOj3fW4lSze2H8AO60zinOpz2hQ,14 1.0 0 0 1 1
OHadLWXpSE0EGDa1rwgPXC5NfZTlRSp9,3 0.8882 738 1569 1819 1986 0 0.7048 1142 828 1404 1090
03kM0F3rnlwTWn3rvmUfzr2xRsvjugge,0 0.9449 956 465 1203 728 3 0.7880 692 1077 1494 1358 9 0.6055 1354 498 1536 801 8 0.3565 1345 497 1547 820 0 0.1843 1538 1495 1878 1930 7 0.1812 1325 876 1637 1279 3 0.1703 16 1563 1994 2414 7 0.1646 1335 480 1541 804 0 0.0800 735 591 1168 1023 9 0.0644 1669 987 1917 1402 7 0.0566 0 256 167 565 9 0.0543 1365 545 1451 671 9 0.0540 627 1105 1821 2340
8tQSwcO3GXOkgYIgaAOkp60Oz4UeM0xZ,5 0.0554 6 535 1158 2132
NTCKzvzGvu7Qkh1MiNaxf35P0Ii9lUgc,0 0.9843 1369 831 1710 1233 11 0.9665 627 425 1228 798 2 0.7475 663 566 1130 965 8 0.4918 654 735 818 889 13 0.4643 635 544 1183 973 1 0.4203 631 457 1200 875 11 0.3751 522 603 719 829 11 0.2359 1616 405 2069 588 8 0.1980 646 749 732 844 9 0.1631 1143 958 1306 1366 7 0.1511 623 402 1220 908 11 0.1242 638 453 1145 653 8 0.0989 853 852 894 892 11 0.0619 1814 420 2089 591 8 0.0582 634 439 1231 1002 8 0.0566 1123 988 1306 1340
G8AAO15jQlA9apY1nG5yfqm5frnQ0zFM,9 0.0609 1956 2749 2167 3024 10 0.0561 2423 2053 2563 2249
5XjKDeXOlw0wLjFdfb68MIiq57KHnRZd,14 1.0 0 0 1 1
T0dQY2FONAFJD2dmAfQUNa936K6YnE2T,9 0.0724 5 221 158 343
Wa3oZGR1HBQXNOdRmjQKEAblihEkEoGh,13 0.1134 1982 770 2062 889 13 0.0850 1959 1027 2112 1142 8 0.0613 1384 1242 1499 1331
2KPuu12Rcub2Qd4j96b1IE1mZg5azeKj,8 0.3447 473 1529 595 1655 13 0.3097 316 1601 554 1681 13 0.1129 338 1610 493 1656
pgIcrimUvv6mnIcgj7w95p5F43PHN6IU,11 0.3616 612 461 949 592 11 0.1492 1248 473 1423 535 9 0.1432 0 104 905 1136 7 0.1034 435 1708 587 1844
dAFhxW83W2HLyp7EDYqcBLw2HdYrAn6k,3 0.6938 957 1840 2030 2245 0 0.3193 1311 971 1620 1331 9 0.2082 1021 949 1570 2384 9 0.2063 743 508 809 576
edoGifI2MDMJA70leV4zQYJUMryPCyzG,13 0.0654 2117 486 2422 773
AVQzdQ2oSNuSMwImnRs12FuE5Nm7dTOY,0 0.5663 1471 802 1792 1105
sqecAWkeUUS9IW7vvXpFf64MZ8DXQvWp,10 0.9758 1719 1743 1841 1918 3 0.9562 702 1206 1600 1657 7 0.6715 1349 1246 1845 1861 0 0.6566 1047 487 1291 741 11 0.3712 1730 1747 1836 1928 10 0.2864 1665 1759 1849 1960 7 0.2845 1533 1339 1824 1839 7 0.2471 1352 791 1823 1700 6 0.2057 1284 708 1823 1729 10 0.2053 1745 1787 1854 1965 7 0.1959 1213 809 1371 1029 8 0.1485 1548 1246 1630 1329 6 0.1252 1366 1266 1814 1853 10 0.1150 96 1558 228 1795 7 0.1058 324 1420 437 1538 6 0.1046 1576 1397 1816 1836 10 0.0968 131 1556 901 2017 9 0.0824 1223 795 1354 1037 8 0.0816 1370 1267 1706 1643 4 0.0790 1244 1624 1806 2066 10 0.0732 1574 1686 1846 2008 11 0.0685 1744 1759 1825 1875 11 0.0658 1764 1800 1831 1916 11 0.0603 1171 206 1460 261 8 0.0598 1277 1710 1816 2073 11 0.0579 1670 1742 1845 2000 7 0.0559 176 1478 821 1817 9 0.0520 1387 1267 1682 1606 7 0.0512 1054 1192 1895 1940 8 0.0509 233 1543 294 1611
muvvnFXRbHm2DUyCqjmtkuGFUHNOoGp5,0 0.7591 1229 625 1532 963 5 0.1532 24 410 1170 1863 13 0.1258 1940 945 2124 1179 2 0.0986 1357 662 1506 894 5 0.0611 1890 1581 2191 1797
2N1AjGfRnV62fZ7cCBR86F0Jd4w8Cibp,14 1.0 0 0 1 1
pkhJ4ygB2AA0SAdk7H5zga2d7agRVDOe,0 0.7397 1373 1255 1644 1540 3 0.5641 1052 2008 2082 2512 5 0.0814 309 1011 1324 2640
ZLZxBTljqNAgUM6e5i0kWIqurgBwVHm5,0 0.8349 1051 792 1281 1043
6ZA1raUcq16s7qDd6zNa67rMqMdpRlY6,14 1.0 0 0 1 1
i9ZbXTE4exwk5Ub2YVYOOIOnGOPzaai5,3 0.9958 845 1475 1845 1852 0 0.9950 1224 713 1454 980 8 0.0911 546 1234 588 1275 9 0.0702 1364 938 1543 1270 13 0.0692 1543 985 1767 1219
5Vy6RlfNTcardUH1dowgFl1pZlQdsjJ6,14 1.0 0 0 1 1
vxlrkFYOnUR7r8rbPGi7tZWAEkRRzNhx,3 0.0839 708 1200 1596 1525 3 0.0765 75 1663 1994 2392 11 0.0568 1333 216 1521 354 11 0.0503 536 196 868 352
QW0jlQIeBIOgejVHFkdTh9K6UBt6HGKP,13 0.8676 903 424 1006 594 0 0.7620 1345 606 1581 925 13 0.6165 910 429 1060 642 11 0.4410 768 367 1090 460 3 0.3757 1102 1269 2025 1688 11 0.1994 823 374 1074 433 13 0.0850 927 453 993 624 11 0.0546 867 437 1119 568
vkgQn09V9JuKwjAc0dRGWWlWsW1AScae,10 0.0546 191 1868 254 1953
L9trm9a8kg6JT6GuC9JYTyLy66sspY5r,14 1.0 0 0 1 1
m8pEgc2VnqZ3jdojx8mJuBT4XvvIJ8sf,11 0.4856 1777 532 1998 704 3 0.1383 907 1637 2081 2151
IZlluQfRC9u2dxX32HBYS0OdUw5pD6zT,10 0.9323 185 1912 282 2069 11 0.2495 558 314 765 370 10 0.0999 203 1947 269 2049
rz5VtvrksGiQvbnJLST17Cb53XGsJiOR,3 0.9890 680 1172 1663 1593 0 0.9730 1101 662 1392 997
Y3xc8ZmVPAw40EYpXx6LReIjWDwfPEM2,11 0.7990 1266 360 1453 434 0 0.0617 1111 685 1347 949
avviMHgQh4wq0kpQKwLoGf4nJU93HwEQ,14 1.0 0 0 1 1
1zAFnxhin7fBzTvma9Xg4fAeQHsRstPJ,9 0.1268 8 142 145 264 10 0.0827 2145 2043 2275 2293
uPKm3OW8yp4AJcCuOSeXxSvrJwbAGClQ,0 0.7679 938 1097 1532 1676 0 0.2416 1219 1065 1540 1415
78xYUS2YlkWyI5wTuZ9Xg9nYJJzz6Ofb,14 1.0 0 0 1 1
ZrwNRTdhpJhaBXKJGTkBbxWXcNODR9h5,14 1.0 0 0 1 1
MAG9aXA0wt2WFaUlSBqHlbs69p14Omsd,8 0.1123 328 1534 383 1585
qK2yVjjOWiqrtYFLWAWVJI30mx3zNpil,0 0.9642 1026 610 1259 879 11 0.1185 1109 413 1314 485
KFaMI2hk8DFuj9lNQnpkddYiBguhnOeW,0 0.9910 1296 1179 1541 1477
aKGVCFsiFNjnj4p2lsrMyhFVbb9qNBYk,10 0.0558 264 1836 339 1952
p7KYn2ur516hNWNDgp8ZEY9uAb1vPP06,9 0.1530 47 1988 307 2360 9 0.1512 374 1011 436 1085 10 0.0884 249 1461 377 1658 8 0.0839 347 1025 423 1087 8 0.0587 372 1008 434 1081
UMizvmsYagAAWZ1jA7UlglWWkStCqx7w,3 0.9897 824 1495 1969 2043 0 0.9647 1209 790 1578 1213 9 0.6282 227 1230 882 1796 7 0.2994 262 1203 941 1814 6 0.2027 288 1279 967 1816 5 0.1296 284 1237 910 1802 8 0.0949 323 1427 377 1474 8 0.0822 16 1372 59 1416
sssOiFfAlEuye07lzS7CZ6zJpLJRlTFu,0 0.7117 1775 772 2085 1051 3 0.4184 1464 1405 2548 1856 7 0.0976 1460 506 1645 866 9 0.0933 1450 458 1654 857
oMrYmxiVczLln7wJXsgpgYVCQvPkcHK1,0 0.7384 1325 594 1638 955 11 0.0850 1760 224 2017 404
1YcdyiNzvrHCwdtGTWZ9tqzw53srIJR6,3 0.9287 949 1436 2060 1960 0 0.7936 1289 627 1596 998 11 0.0573 618 253 933 363
zITwg4mH6Y1xmgLsUId8XQnCLQCs08Qd,5 0.1536 1425 705 2181 2082 5 0.0789 1581 1358 2127 2054 3 0.0507 864 1658 1921 1966
GKn9Ac8p3XqZmGc4v079S24pukeXgjC6,3 0.0526 756 1182 1468 1454
gVhiof7CTyIq035VQTzfyxTHt1WU7wXQ,14 1.0 0 0 1 1
0aDZItZj5KSsPbBetiwRapOZIB8llkA6,8 0.9471 500 1509 548 1556 0 0.8361 1130 702 1347 934 9 0.2596 496 1511 551 1556 2 0.1097 492 1501 554 1562 0 0.1010 934 2 1417 215 8 0.0506 788 1517 865 1602
2fJQOC0Z11NM93DmtETCRs4nOusuAL8W,0 0.1275 1098 798 1341 1070
0gGZeShITA7Ir9Fpzmu3USQWpi7HZNke,0 0.9951 1067 835 1317 1122 2 0.9560 1219 964 1272 1042 3 0.8437 742 1446 1641 1895 8 0.6500 1333 1503 1620 1801 11 0.6479 105 2009 201 2207 9 0.3249 1310 1671 1859 2020 11 0.3198 624 502 877 578 10 0.1774 105 2014 197 2141 9 0.1551 1200 1556 1825 2160 10 0.1308 101 2078 177 2215 8 0.1284 284 1492 323 1551 2 0.1063 285 1496 321 1550 7 0.0664 1273 1451 1650 1850
zPs312RKy4dIUAEtFxVxPKKZErNRNslc,11 0.7986 1128 319 1346 400 3 0.5477 1372 1487 2272 1829 9 0.1251 929 739 1077 919 13 0.0623 936 757 1109 938 8 0.0608 978 808 1081 925 7 0.0601 932 749 1099 931
qnLXSqPDaPKpWo1bjkMrOs5hvVpUkC3W,10 0.4644 1616 1558 1711 1701 0 0.1301 1002 616 1234 887 11 0.0694 265 2446 451 2495 3 0.0515 720 1275 1505 1565
lOzifUfvq2th2atOG6KMeyANhfdZAtt0,3 0.9611 1214 1331 2331 1718 0 0.4659 1573 643 1877 947
YVvldUPnPvFGZD5wzGpwtfMkKzHCBvPv,11 0.9651 531 555 976 768 13 0.9002 1439 758 1786 1013 13 0.8114 425 700 963 1323 0 0.7553 1142 966 1398 1280 6 0.6637 441 653 958 1326 11 0.4610 1399 554 1647 692 7 0.3569 529 568 979 726 11 0.3541 447 572 1016 913 7 0.3411 440 735 921 1293 4 0.2645 676 714 959 951 5 0.2185 300 707 1002 1901 5 0.1989 439 877 959 1680 6 0.1820 1410 687 1857 1016 1 0.1570 394 635 982 1285 13 0.1025 1701 880 1768 948 1 0.1016 505 540 1034 882 13 0.0983 678 734 935 1003 6 0.0968 477 882 923 1528 8 0.0821 605 1201 681 1276 13 0.0804 1683 866 1773 975 13 0.0733 1365 725 1836 1105 4 0.0731 463 707 932 1299 9 0.0643 476 792 894 1273 1 0.0605 627 579 968 995
Yvecp6JhGWr0UWITQ0ChLvLAY7TT0cuo,8 0.3182 527 1108 592 1183 7 0.2879 408 962 888 1583 13 0.2835 423 789 589 842 3 0.1224 837 1200 1575 1630 6 0.1092 420 908 903 1599
EHXckdYW2fdKtFYhKMN5pyWe2rNrR4bZ,13 0.0731 1704 441 2086 790
SORuSSpY5W6H2i6amRa6Tqn88s1jb5Gm,14 1.0 0 0 1 1
JVtMgLDwtkttnEs2zHNmjaikAX05jrz9,0 0.7587 975 644 1252 977 3 0.4229 684 1399 1544 1820 11 0.1672 1143 330 1317 381 11 0.1029 1117 318 1374 405
0fB9jFMxK7Lc3tzVJFAIZXzaebnYKh1E,14 1.0 0 0 1 1
nOUzRCTZRT7NfgUtDw2jfcN4Pg5m0qSo,3 0.9912 1059 1598 2267 2110 0 0.9870 1534 585 1902 1075
KUwUbpkNjvk8TLh4HdL18epYeJ37By2O,8 0.6931 791 1598 914 1724
VQCDJUr9dgGkUlx3a68xpS7XppUEvyy7,3 0.1797 879 1428 1962 1932
h78B62VuLNrtqfjSlUQD2zaeQRSU33sX,14 1.0 0 0 1 1
dBnTy8sTlikh1SS0MGRHbuvNV6cVnFQP,14 1.0 0 0 1 1
k0DulHwoIDRj38tlx2fBb9pgod4nHWLR,0 0.9911 1428 583 1761 933 0 0.0923 1277 582 1772 1089 3 0.0760 1114 1363 2213 1828
oFZciBvgvslKHLyUxnT9N5jeScG6DGIF,11 0.8716 1390 1449 1482 1533 3 0.5497 607 1128 1468 1573 9 0.2520 1193 1000 1408 1371
3NunA36fHlvIYJQ54NCd1Umk9tH77fqN,0 0.8997 1077 869 1348 1148 5 0.0977 121 1610 526 2280
Y9naYcZ3i3V9kCnS8lG81FNg7T4g5o5U,9 0.0516 4 159 510 1161
IqskdKmtzDjFOWrXHKH6TiMRC531AGu8,13 0.8901 1639 1389 1830 1492 1 0.7868 1623 1382 1825 1525 3 0.7720 805 1256 1613 1531 0 0.3666 1129 556 1356 798 7 0.1978 1430 1372 1885 1755 7 0.1933 1665 1385 1833 1534 11 0.1342 1656 1367 1831 1518 13 0.1217 1469 1381 1841 1883 10 0.1153 1669 1318 1850 1554 13 0.0983 1530 1449 1682 1782 7 0.0926 1644 1371 1852 1616 9 0.0590 1524 1399 1868 1780 4 0.0553 1436 1396 1869 1818
zzbKXfUuvpiGy7LLdoe71idOEz4Ji2Ou,14 1.0 0 0 1 1
nC84zng1TRx9iTJurv9WU2dDchYqggbt,13 0.3954 878 1094 1104 1228
TTClCl0Somh5ylbeXbIhE5W5mNcJmAcG,14 1.0 0 0 1 1
ippkUiVMT0NiWGkEz29tqox87RgvzkrP,14 1.0 0 0 1 1
p3FGXZgYMVRwKbdjGyKxRn3mbMuKOX3Y,14 1.0 0 0 1 1
klvwscRZsXeKQNidHhlO3Ky8zhPc8G8G,0 0.9786 1084 1104 1364 1422 11 0.5756 460 807 857 937 11 0.3828 402 765 859 991
bbWmeUXjDxbS9LoCGI0qBOgw1M1HBWgV,0 0.2879 1151 480 1468 771 0 0.0730 910 459 1479 865
gnLEdcgRuxl1qFltRzry2xG2NIPI5iPg,3 0.4430 740 1681 1667 2191
LbACLWsUL69rY2wurHTUB89A2jxdzWK8,3 0.6184 731 1443 1570 1830 9 0.0531 0 336 730 1261
bz28RbVsfgaO3uSB5wHjm3GrHvTSVqgQ,0 0.9745 1670 1013 1998 1376 3 0.8663 1334 1772 2390 2174 0 0.4291 1341 1014 1995 1680 8 0.2719 875 1088 953 1149 7 0.1999 2237 1639 2617 2167 5 0.0530 2129 1581 2560 2057
vltSMOFBd9IkSrRFwvdPRSlspPOmjwL3,11 0.2434 531 320 911 540
RYQSEvtLQYBBQ8jOfCFy2f0OKAOzje75,0 0.9807 1428 787 1705 1128 11 0.0729 828 360 1247 564 11 0.0518 1581 391 1889 499
2qtiB8i0bse0OTLgBHhsF59ykz5w0eAQ,0 0.6670 1232 505 1607 934 11 0.4744 1370 308 1596 394 9 0.3802 1611 4 2011 237 3 0.3142 848 1145 1988 1736 11 0.0877 1392 312 1554 367 5 0.0774 1477 666 2096 1800
fhl06ECMij8DBpR5KibWztLoLroUVTCB,3 0.9374 637 1536 1562 1898 8 0.9079 247 1618 330 1714 0 0.6997 964 807 1215 1095 7 0.1450 1514 1234 1728 1551 9 0.1358 237 1598 325 1728 8 0.0663 1510 1263 1727 1643 0 0.0643 738 790 1217 1365
1bsual7gCYILbKXGZKDw5o71nst5PWQ3,8 0.9946 1518 1033 1623 1126 8 0.3184 1544 1035 1619 1097 11 0.1406 1193 225 1375 316
VXkhjsVb8NYhwfb3fnxN6m1ux8k2I7zR,3 0.9496 965 1487 2082 1924 0 0.5397 1351 756 1646 1085
MW3m1CsyPGb9KWNwFcNtw1jpP8htYaik,14 1.0 0 0 1 1
om3UZdRDwMzupkkszvezsMra0BDrWcx5,5 0.4113 86 613 961 1861 9 0.0764 0 173 199 317 5 0.0745 1338 275 2150 1763
cawwInTRBPAIdBsn5FvCAlnQO13pk1VI,0 0.9648 1415 604 1688 907 3 0.9370 1061 1112 2039 1501 8 0.4253 1309 2999 1378 3052
0XhrAdfcx1EeyWla5o3TuvDHT64Qvk8u,3 0.8490 1248 1621 2270 2028 5 0.3080 1878 850 2539 2031
Vt0uqwIElomSBx9MbyeJc0m23bmBJG0i,7 0.4482 27 419 721 1801 3 0.1943 683 1207 1516 1640 7 0.0700 1658 503 1966 1107 10 0.0651 1637 367 1994 1172 9 0.0605 1648 437 1949 1053
d4SUGz5fH341SpdpPGhVK9lyMwRqYGG2,8 0.2982 1023 1978 1162 2084
bzjcIvfRcXUMjSGuEAdWeuWIvyYtfifo,8 0.6815 466 1615 522 1672 0 0.5142 1055 888 1300 1194 13 0.0905 1329 755 1385 995 8 0.0761 739 632 905 833 4 0.0504 721 621 920 845
0Hy66TNlbr770w3zx6zGflHZVMfnNFpg,0 0.9855 984 768 1216 1005 3 0.9678 717 1423 1659 1864 11 0.4426 1148 451 1380 521 11 0.0705 1072 435 1333 525
DHZcZm3OHZIiYo00iWfrKiYrk3iEfSol,11 0.5178 811 301 1129 405 11 0.0782 712 336 857 448
2SMKj7qo7JX3MQljuzCpvinpeennJJfy,0 0.7105 1650 763 1981 1123 10 0.3940 2678 1857 2811 2155 11 0.2239 2666 1881 2843 2183 3 0.2094 1240 1583 2526 2198
JDHmO39LbrmfsOegmyBpsb0VClsLFnGK,11 0.0905 1568 631 1743 711
ex2KYtmQtVhW8gXPH4p6apltjxggWP9Q,8 0.5138 368 832 449 913
q0OSyhcw9fx3k5A7yat4P02N80MRXN0K,3 0.9875 793 1538 1736 1946 10 0.5102 335 1583 442 1904 0 0.3294 1167 987 1416 1240 10 0.1997 376 1667 460 1850 0 0.1926 836 982 1441 1489 5 0.1624 482 1083 755 1479 10 0.1470 349 1645 431 1834 10 0.1321 354 1626 496 1900 9 0.0770 415 1643 669 1827 9 0.0719 312 1668 860 2073
qpCnn6HcXSDgqMiApsbxVZnbCri2tuPs,7 0.1102 42 261 1051 2355 7 0.0806 244 709 917 1990
u7cGzX2gLoQFpap6UfkNCQuTfh1vJloL,0 0.9799 1137 532 1401 795 3 0.7790 939 1229 1740 1636 9 0.1976 944 751 1279 1588
ifC5RMKVApPp1yburVFJ5p50jz8GB3B3,3 0.8203 944 1730 2211 2211 0 0.4663 1320 928 1659 1287
US7g9Amf01feEa35OXq1yWU0LFVnyiSl,14 1.0 0 0 1 1
2885WVsa32xGU8AfOTReYSgJjP3l0tea,11 0.3294 1712 435 2025 548 3 0.2413 1288 1789 2286 2122
85RlGUoGBO12dOQBb568mcIsDXMR5CSr,3 0.1729 711 1478 1498 1724 11 0.0744 664 422 854 486
G6ng95JnXGwtpqbpX8km7r7XmNDckb4Z,14 1.0 0 0 1 1
BoYqPczjsaOariUFxtm3hn9kLv5Ox0Fy,14 1.0 0 0 1 1
68Mx6zlGuxy3Nc4eHgm7gRkt2E2dEQGI,3 0.6380 1461 1469 2424 1850 5 0.1641 2162 1149 2574 1812 8 0.0501 2143 1182 2544 1800
cUQuj8oMLbikF45BBhWizS99VNJiY2KK,9 0.6397 1661 766 1770 869 7 0.4220 1618 1360 1974 1707 2 0.3112 1657 769 1769 866 10 0.3059 1260 1574 2071 1911 10 0.2333 1855 1621 2020 1845 11 0.1843 1548 1341 1991 1732 10 0.1224 1521 1299 1997 1738 13 0.0641 1655 773 1771 870
GpOeOKkfEN4usetvLYaUSJ6ATy1hbnlg,11 0.2855 729 184 998 258 0 0.1817 1161 574 1419 844
TUnhJGmhqQNg7bDdQHja7FudPhp5RPjx,4 0.5535 1617 2172 2030 2494 7 0.0722 1566 2150 2003 2512
9rsi6yXpMJZjazlyBcqWmStiInlgY5HS,10 0.2052 409 2302 519 2443
QlGXMf5HKrypEMi0DKr2GPALT1tnn78h,14 1.0 0 0 1 1
lNIxnvtlMuz4czUzS2twNZ1AHwc0XhqV,0 0.2091 955 855 1202 1106 3 0.1892 681 1458 1445 1914 11 0.1739 596 616 820 684 9 0.1402 53 1573 767 2415
ooTYPtxp1sgJuCo3m0WpfAQOpQaqZbLx,11 0.4582 611 207 818 261 11 0.1207 583 195 848 290
zvxtg78jqID5nf5k6i8x0cu9ljWBQstb,14 1.0 0 0 1 1
u2PH3TfT193XDSdyLf77yX6sBc9a1EZj,3 0.6892 814 1421 1900 1961 10 0.4843 215 1945 295 2064 0 0.0681 1178 684 1478 1019
dEmw1JHw0LT5DtRGSVa0v2EzTenV7UT3,0 0.8099 1442 803 1743 1084
TLCmYkhyhcycVGewqsSgoxw8OnlRinE1,3 0.9920 794 1187 1577 1547 0 0.6907 1045 713 1269 971 7 0.4025 436 1059 764 1366 6 0.1594 431 1062 848 1353 9 0.1293 0 544 766 1726 9 0.1238 92 1114 792 2240 5 0.1027 451 937 747 1338 9 0.0649 198 1255 1658 2320 7 0.0631 259 1039 821 1414 7 0.0562 42 692 816 1386
ypN10IQlwRUn3XVCIgtYT2gG5rHThPtQ,14 1.0 0 0 1 1
NxA3cMwsIafr1shaXmrgCc42NuYSIqGo,14 1.0 0 0 1 1
nQQ2ff7CI7FjLHXtlnLCPs2tCivDVDdA,10 0.1107 97 1634 167 1750 9 0.0903 126 653 659 1562 7 0.0540 37 618 622 1689
23KHVIxeWTN28No737ZZURLJrrsKBZv1,3 0.9512 679 1389 1650 1772 9 0.0784 83 1510 765 2410
TH8FXQwiTESA0XqCwCFthF6zfWx3bXVc,12 0.2131 428 274 1460 2303 8 0.1725 1584 2965 1686 3044
LaOzSqVkffPXBXsuO5adM0QnKLby7qrv,10 0.1770 393 1911 477 2055 0 0.0982 1537 726 1795 948
gmy7DM6xE9sqcl39S3YP7hQUl1rjGnJx,3 0.8381 797 1480 1665 1824 9 0.4469 0 757 599 2237 7 0.2934 68 547 856 1752 0 0.1918 828 870 1357 1382 9 0.1529 134 1528 900 2391 7 0.0712 192 1428 895 2415 9 0.0604 14 458 768 1680 11 0.0593 118 430 884 1675 3 0.0554 115 1661 1528 2401
1isEflXRjrElhoYA9WA0BgM69pEXUVsv,14 1.0 0 0 1 1
EJ42WMEldhDArN2rynHI3WZ42ugVVB5J,14 1.0 0 0 1 1
HMeW6WGHg7m0poh6V9e5jnTgxAFMMSD2,3 0.2053 676 1238 1480 1628 10 0.1251 1548 1522 1653 1695 2 0.0791 1938 704 1983 749 7 0.0776 1438 1266 1582 1432 10 0.0733 1547 1446 1688 1747
CZlLxuHhReIpwbcsS3Jit6r5Jx2UzDcy,9 0.5899 2028 794 2226 929 11 0.3471 1800 235 2053 357 9 0.1484 1985 2395 2433 3032 13 0.0740 2030 803 2187 923
cxwpvQo6DmZaMwHUvmJXv3BpeaBMqClw,11 0.4926 512 283 816 388 7 0.4027 1596 967 1882 1334 11 0.1682 1269 291 1481 343 6 0.1429 1580 935 1869 1352 11 0.1419 1240 280 1520 361 3 0.0636 786 1523 1626 1850 9 0.0520 673 1681 908 2031
H8pyJMYq4IcLPSZraSKLsCzbJWmd145s,3 0.2077 868 1222 1680 1605
n3QIKu3k4HsCW2t6EAoApV9zkQoyxekV,11 0.6541 602 362 874 425 11 0.2275 547 371 855 460 10 0.0820 36 2133 145 2257 11 0.0817 474 355 711 464
KZekz9RRs0mNzgKIiOk8YOyt0X7zhwa9,0 0.8815 1280 774 1673 1217 11 0.3984 724 355 1016 474 11 0.2741 1426 264 1776 435 3 0.1203 914 1752 2115 2280 11 0.0589 762 398 954 486
E5QW5japeWgX4mqFNy1E419Qha3Wa966,9 0.0559 0 1238 504 2428 3 0.0522 612 1532 1420 1819
DuUtg2VJgxNVYZW6P2fEwO5HX8LiiCu9,13 0.4701 358 1944 541 2069
kUl719mJBRnrdvAkwxSdeFQBTlw05jdW,14 1.0 0 0 1 1
vPkAtWeUrrc9ebXnDXIqAnVNqkVBTCgP,0 0.7110 1069 858 1379 1208 10 0.3602 1990 1985 2085 2152 3 0.2195 747 1650 1767 2008 0 0.1009 789 840 1388 1539
WQ3WcPFA45QdyfLXdNTehydkv0sASPnb,3 0.4018 737 1345 1591 1630 8 0.0948 718 550 747 578 7 0.0553 236 847 682 1621 9 0.0528 1559 886 1595 939
DX9xGucu6F85itEpAw4NkKPCAXYci4en,5 0.3767 1338 443 2060 2307 11 0.0822 1437 204 1722 440 13 0.0759 1163 392 1909 1174 9 0.0539 1420 204 1743 504
jM8EWriuOMY4G1lwr9G0mNGLuCgOjSmc,14 1.0 0 0 1 1
N7DIRXA76PlcVgSSoaseyEShPzWe6Ykx,3 0.2507 796 1280 1546 1574 7 0.2309 223 755 810 1689
MZpeTJFUurAeovw3ALEK0menjDqwS7SA,14 1.0 0 0 1 1
erphXJ46B0FnAVVMCJeJ1cbkDXTbDD3j,0 0.5711 1020 489 1273 788 3 0.1182 684 1073 1495 1343
5nkQ5YEuEg2DfBrtVNythvdjyBK8I8Y9,14 1.0 0 0 1 1
K3l7RsPjW6HUZBjn4S7SdwsLdHKeHe9z,9 0.5762 730 643 1086 2139 9 0.0647 969 2040 1685 2500
gfSrsJHkxvhzREkLRitWZ8n9p7ghta5H,0 0.9772 1278 551 1602 870 11 0.8409 653 128 1083 308 3 0.6854 861 1346 1877 1805 9 0.6000 868 618 1424 1889 11 0.5573 760 144 1068 263 5 0.5300 193 287 1065 1752 11 0.3220 1445 235 1838 352
DCNfh3wKNbBHSFuA9Is2QAhORAyxZ7Jb,3 0.9954 845 1659 2051 2205 0 0.9852 1220 856 1580 1240 7 0.1753 1866 1777 2232 2375 10 0.0552 1988 1884 2229 2335
Mqm9idk5kaYXwh1p40uihYuoVmwT1Oj2,10 0.1698 2362 2167 2505 2394 11 0.0954 2342 2196 2518 2402
0HbvenByCXcQPrvml7842bMPt7vCugZw,3 0.9968 714 1272 1759 1752 0 0.9841 1117 524 1408 828 11 0.5008 692 239 947 321
vGEmdYZg28oK1nz97hGYTpGLQEZtMmly,0 0.8992 1151 738 1422 1074 0 0.3780 892 731 1423 1249 11 0.2289 1613 1689 1675 1760
dvKbQjffhU8V7FiQiWqsiBOfU7HKTzWX,8 0.6542 1385 800 1470 876 3 0.1775 746 1352 1722 1792
A0YbxteUcFmEe7jNhd4Cj4yHN1Y2W5ym,0 0.2880 1091 389 1323 658 3 0.0608 770 935 1645 1261
AX8DUwvRLuG0ls0TcfuBM3qtaxP5RcrV,3 0.8346 833 1440 1905 1865 0 0.6506 1253 778 1579 1145 11 0.1198 831 376 1119 482
CECh8kC9TXAAhZDFYI0mY6XWqQT2I0tr,5 0.7861 1866 1040 2341 1574 6 0.6684 1889 1108 2344 1577 0 0.4191 1517 663 1775 928 7 0.4010 1884 1140 2409 1521 8 0.2487 2110 1394 2223 1496 2 0.1227 2216 1066 2378 1196
l7UJMDzFwOQmJ42Ru1Ynt6vvHHUCieho,14 1.0 0 0 1 1
NW3VRo2yaabIuGQs1AyVsVxW9nvx7dXH,14 1.0 0 0 1 1
knLRd1Nl9Ml05CSiyWMFNtzBjwgQvBlO,3 0.1421 842 1403 1510 1663
gTdYUeLTB35lMpFDrrOhRVndFSRXoofZ,5 0.1508 133 458 1237 1897 11 0.1214 541 298 1023 561
ClwovwtoFQvsalh8we8SBHF9wpsBbZ8y,14 1.0 0 0 1 1
hjk9WEQgTs9mAMzcJo3omGSoDqNeKkyt,14 1.0 0 0 1 1
Licyag52zGglnwDKnmP7XoaUqlHi8lSo,11 0.3617 611 311 813 382 0 0.2943 817 1 1300 356 8 0.2773 223 1582 298 1663 0 0.1766 917 657 1124 908 3 0.0894 520 1318 1424 1846 11 0.0785 667 316 792 372 11 0.0714 597 317 769 363 0 0.0618 661 676 1142 1229
llfvSOYV4MlRSg75nRsiNazZ5Hq5UrhV,14 1.0 0 0 1 1
mjL8VJB6Fer681iRJ6rqGtunriChUuqQ,13 0.9929 1747 404 2146 916 13 0.8554 1805 537 2076 910 0 0.5945 1385 756 1714 1151 3 0.2625 891 1710 2168 2261 2 0.0766 1524 852 1662 1069
xtgfY5CvRshoZsEKszZFGtkLsYOl1qxM,0 0.9833 1095 703 1440 1117 5 0.8383 1406 1197 1974 1766 13 0.8260 217 981 646 1193 5 0.7897 1246 863 2029 1862 5 0.5083 64 617 983 1970 0 0.4885 812 699 1441 1212 13 0.1551 203 1009 539 1135 5 0.1175 1549 1368 1990 1754
NuPSawb4q9h9UoDqa0ZZKR0OgpsUUp0E,3 0.8063 684 1508 1515 1912 0 0.4145 989 920 1226 1161 0 0.0761 743 888 1258 1285 9 0.0697 137 1743 897 2387
0k1CBinR3dW46u7rqr6Xg48csPdVRwFX,3 0.1539 766 1281 1442 1618
67JQ5kG3XiPrvhW94zkWlDS4zWSP5rMP,11 0.6587 1166 410 1349 455 3 0.1765 779 1372 1647 1873 0 0.1065 1034 739 1282 973
1HYOUQcojWjwEYWVUHKIs1WcosnZKkiE,4 0.1498 402 1918 747 2308
dlAdM6f5rK5Jno712EDOcJOweLm05zHy,0 0.4165 1144 495 1500 920 10 0.1258 2013 1772 2152 2059
BVcIrocT32Yc7PZ5Lqyqake2cK0ZIhqy,0 0.2389 1184 644 1487 1010
McGUAvHB5gD4dGfsCOA05GYw4xXxnZ2C,3 0.8093 912 1930 1979 2383 0 0.5533 1263 1129 1523 1384 11 0.2394 1579 569 1817 703 11 0.0555 692 572 1025 714
ceavsq78rK88jMzEVSmweWDfYJOVEB87,14 1.0 0 0 1 1
UDkwP4vvClCEFijeUuBWacp32pyURW54,3 0.2471 992 1235 1894 1553 13 0.1369 1379 539 1459 636 0 0.0626 1278 497 1526 748
aYVqkr8NM6HpyrqR2PWsQWxzKHoOV9a3,10 0.9418 1554 1819 1703 2016 11 0.6140 1586 1840 1715 2030 11 0.2121 1590 1878 1684 1980 11 0.1795 1108 576 1375 672 10 0.1189 1607 1819 1716 1975 3 0.0979 731 1565 1508 1906 11 0.0688 1607 1785 1708 1986 11 0.0610 1148 584 1351 636
3bhNVx9PK5oYFgpenXvcdhxZr1j4R25K,13 0.2394 386 985 569 1051
9fAR2i9ZLlWGyZ4ZV6xQBwrFw0OyxcE0,5 0.1988 108 654 1075 1900
STDkZXoKn4Atwq1kyERRL0DW55TzXqzl,14 1.0 0 0 1 1
AYguWhFMiS5pEvaTxM8RDjE31ourCHYM,14 1.0 0 0 1 1
BNFcfU0uJSH7dAJWulDDBTZZISVhcyV0,3 0.0933 13 1618 1896 2430
eGyAibNweSp6qur2M24oZHC4n4cdznys,5 0.8915 1878 1141 2347 1961 5 0.5178 684 1043 1143 1884 10 0.2001 563 2196 640 2338 11 0.0752 982 393 1265 467
paLZfUsCjeVnYr6EXJri796cpTEeQQaL,11 0.2461 274 1615 386 1937 8 0.1372 1476 1118 1716 1339 3 0.0985 981 1707 2039 2310
GJdFRnDqY6VrLbe15FVdo1qBPO4EqWXO,14 1.0 0 0 1 1
vtEKNC9aG6Z4mPbvWwmy4Qyvi89JB3Mr,13 0.0862 2393 892 2592 1043
CMnQR1BXyp5ZFbU2YzsbcVUUJmQ3wZgR,10 0.0676 2760 2789 2890 2988
yunoOsJCBHUfh9AZWPQpGKvT7RmVEqOX,0 0.6553 1151 771 1439 1088 3 0.1460 817 1392 1958 1926 11 0.1065 1275 508 1520 589
2fVYt8KsHPJGuESxooNBYXuw6WiOEcnN,5 0.9864 459 1179 865 1930 10 0.7798 222 2096 312 2265 6 0.0582 463 1215 926 1919
qJ1q9CxJQR3TqgMcWEaC739wMxddDQkJ,0 0.1707 1295 889 1554 1168 10 0.0628 290 2136 363 2275
BtkVmVSERVlfR8zHiCgGDJPyke1SWFKC,14 1.0 0 0 1 1
HnFaswLC49Wf0cO7AEmCPEWV19kR5Dl2,11 0.4550 549 80 744 136 11 0.1211 580 81 822 123
IkAVak87rE1ZW2neyAGVJXjbPRQK81uL,3 0.8782 907 1916 2070 2414 0 0.0930 1342 890 1645 1264
Qk5V2lChdI6WlWnqCXYRq2V9cDcU96Lt,9 0.0623 2 129 81 243
QMEVuXxMElS2KQ2YxaAzAK2GcVUKrx1w,3 0.6139 1225 1290 2306 1755 0 0.2959 1461 693 1799 982
E0udFiLGa9EoeBQ4yG9mN0IKtMbLJQBU,10 0.1239 100 2164 205 2351 10 0.0985 79 2207 236 2409 11 0.0756 84 2193 214 2374
oKy2TdUOPgHhagf98CpKszU85vpapWT3,14 1.0 0 0 1 1
rQEOvJ9XYYltxOLx6I0qUJAPiGZRtRmH,3 0.6823 1027 1442 2018 1801 0 0.1443 1330 749 1606 1018
HWuj669X82o7T3ewTP8rglLfSpjqtrEB,10 0.3319 1826 1887 1893 1988 0 0.1538 992 0 1402 202 0 0.1259 1029 913 1276 1201 11 0.0758 1822 1894 1892 1989 11 0.0684 1231 546 1491 605 9 0.0569 93 1586 793 2430
2fecGFOAZLEK4quv2W2VcpxAOpQ5Wdtz,11 0.1060 1354 356 1615 428
vxzenhd5Aqy8JqLFvhrp3DnruqJ9EnAA,9 0.6174 71 754 1050 1700 0 0.3116 856 1003 1374 1441 3 0.3020 793 1475 1556 1846 12 0.2679 134 783 924 1548 7 0.1842 342 768 946 1823 11 0.1660 390 827 678 1203 11 0.0924 298 808 760 1525 11 0.0750 1173 759 1384 888 0 0.0601 1131 999 1351 1242 9 0.0509 343 754 658 1213
V7cY33HBTkZtGEAPNRQN5zHSkA7sZu8O,14 1.0 0 0 1 1
suIDxZNcVgR7Oz4ZZq7C9pcCS2xIe91B,11 0.3322 1202 355 1474 472
demdHKhandH5yHfick8gzEY0Mf9dmyza,0 0.1413 1316 985 1597 1274
dTrCeB0OUPQRsNe3QJqzPolVeXVsGq3E,0 0.3099 1515 673 1819 1015 13 0.2561 2058 1655 2158 1769 3 0.1571 1129 1496 2197 1884
BGb8imb6AqztZRmQeaQBhfUdFkE8filn,3 0.2215 668 1177 1505 1670 11 0.1857 581 307 850 386 9 0.0746 109 1426 823 1953 9 0.0550 185 1351 798 2395
oAvHpi9miaB5SGCWVkx0agexImCRYhpw,14 1.0 0 0 1 1
icajV2HRWufIkMrh5dNIhQP9XBS4wOXX,0 0.2518 1002 1032 1255 1289
00eCz0yTwisqK7dgZKrdhLh4cMP9FewR,3 0.4127 732 1150 1567 1417
4xNQvU50ZlvLzxzBGcSnMcgv933gVoEK,11 0.2660 675 995 916 1112
f2Gu6XxLwE9IGGCaZx8R0sAPdVFE8Cu6,0 0.9055 920 548 1169 822 3 0.6152 669 1282 1423 1752 11 0.2039 385 257 581 420 11 0.1418 1246 334 1478 536 9 0.0872 2 561 69 705 9 0.0624 1733 618 1766 677
VVW96ltsY3ZII8JveLG7QdAyLa6SUw9a,7 0.1100 380 1246 480 1373
plyAuPXFVqlNN9ZosSdjpBpUv2lSQyTS,0 0.9273 1321 857 1607 1166 3 0.9199 978 1689 2045 2146 11 0.2288 1491 484 1667 592 11 0.1850 1500 506 1618 576 11 0.0669 1592 452 1846 571
XEZLWZNgEhiScn4o6FUVlkYncSlx0May,0 0.9950 1203 707 1551 1109 3 0.4503 834 1439 1870 1912 13 0.3794 377 1286 562 1404 0 0.3202 957 709 1562 1302 8 0.0555 168 863 771 1740
hG9Uk1bQ4qLj3wMBrvTRkvoAeCW0pvSN,14 1.0 0 0 1 1
32IGDgRcmMuJ0jxFkMNmiidvXu0vFFaE,11 0.6075 495 394 840 506 11 0.5845 625 413 811 472 10 0.1610 168 2068 236 2183 0 0.1056 991 761 1193 953
sQPejyJCF2bVnzTs7WU3Hd4BAO4igm40,0 0.9819 985 798 1258 1078 3 0.6172 751 1467 1695 1943 11 0.4763 1150 482 1411 553 11 0.1586 491 434 789 530
Mss03HyV9pwOEc0h8DY7Wh3oYe8jsjiZ,10 0.0611 2173 2299 2259 2452
ebBomuAb1K8J05AeRWnWZDjuD4HlO7lI,5 0.1234 80 274 790 1404
0JRsuJ4y5uImlmj1PxJwIcOiTxQqlswb,14 1.0 0 0 1 1
b1rgYhnJIFVkFmtdkY2hYEWdglvbqmyp,14 1.0 0 0 1 1
31CVjzOTyIHthMCqfwEcZOsE4yyOvuzt,9 0.0833 1108 493 2016 1341 9 0.0641 31 1713 697 2204
u7UbhmtXaeZGWSVKTwRE5zUOmyPy0Wxn,3 0.9898 1081 1417 2042 1917
nPHTydQnHmP54h7KmfDVTOYtlgPyyypi,3 0.5114 650 1289 1422 1692 0 0.4053 822 2 1303 209 0 0.1593 1005 3 1277 162 7 0.1273 54 573 641 2107 9 0.0776 5 480 620 2079 10 0.0604 1635 1815 1712 1947 7 0.0602 87 1506 914 2313 10 0.0593 157 1733 214 1853
fEVYjNRwI2xwa6KtjQSUxZiaji06hEzh,14 1.0 0 0 1 1
sKkxSVSjfmsmJHGmLdkM2SAaXCH2U91r,0 0.9801 1328 724 1636 1073 3 0.2543 885 1619 1976 2130 9 0.1713 972 627 1512 2414
vzxmStMHaoesXsCeGKOp6t4XQCuoWAgV,0 0.9841 1138 510 1417 828 8 0.9680 1684 971 1749 1039 0 0.9295 849 491 1410 1113 3 0.4964 876 1223 1732 1602 11 0.3422 682 222 906 269 11 0.0882 697 216 959 288
cbGm2NnQAmSFrlmVJSQLPHdI6SOr7vOm,0 0.5839 996 688 1184 879 8 0.0663 267 1310 318 1362
TTXwPYQUz9nK7e7eb7XdjZQHAgKt1OMk,11 0.9656 1564 1673 1698 1851 10 0.5730 1587 1750 1701 1914 10 0.2700 1568 1671 1700 1866 13 0.1336 1616 1624 1707 1838 11 0.1128 1603 1625 1720 1866 11 0.1100 1572 1734 1670 1871 10 0.0915 1633 1774 1705 1901 11 0.0658 1594 1743 1698 1909
f2LLzD5ooRUY411o4mplSJGFEWzOOKkK,14 1.0 0 0 1 1
eNbfhFXSUTynj9ODmSqHx2KfWyOtC1h4,5 0.1481 195 261 1113 1642 9 0.0888 1558 333 2234 1219
JULa1sIsyJCDH5L7DWKTWvaMNrpt4kei,14 1.0 0 0 1 1
b1kJ6LuLswDmfeUqarzCCdILn5OX0vVn,3 0.4121 712 1429 1466 1730 11 0.2603 1217 444 1410 574 11 0.0827 1271 462 1400 558
HTb3IhS4VqSCpHycywGEVhjWrn3PDOwB,0 0.0858 1382 890 1704 1190
dMXq5Bzdq3ObiMgNbEvFWuOLi2zDWHcY,10 0.0964 279 1966 378 2095
2eMxYnpss3jDFHhztGsCUFB2yirafO2e,0 0.0687 902 938 1426 1458
RmkfqZNmoYOtLZyv9gpooLdWUYlKHyIY,13 0.5378 663 814 841 977
kelsdl23q6QmkGwdFrjrksw81Xt4GjcJ,14 1.0 0 0 1 1
r2zZKlkBNdSbB7f3RQ093jXMSKwBYRLF,3 0.9030 1052 1762 2295 2258 0 0.8257 1463 772 1793 1145 13 0.8194 2186 927 2392 1074 13 0.7016 2305 945 2402 1031 2 0.1746 2305 942 2409 1036 11 0.1671 942 325 1173 385 9 0.1483 2306 947 2399 1036 13 0.1118 2248 940 2394 1044 8 0.1086 2327 966 2393 1029
tCjQQeoSYv0IlX5DCKynoBH6augSmCzl,11 0.2523 996 290 1202 384 9 0.1034 1039 2043 1758 3036 7 0.0630 876 1902 1212 2417 11 0.0517 1512 297 1691 365
mdE33xACG5RuDClOSb46C3SH2eUELJmu,0 0.8945 984 512 1262 821 13 0.2275 1416 462 1484 558 3 0.1712 682 1303 1531 1649 11 0.0609 493 226 735 337 9 0.0565 1486 1760 1610 1961 6 0.0550 1407 445 1493 548
eZXZXJdaOABOZS1fGtD9cleBuYdc6Kga,11 0.2969 569 330 1008 486
DFdBXKFEv0jtbeGm83gxFzm9pQlLh4hA,11 0.0612 590 510 943 662
RxZXaJatTV3BL7fz1C1LhfKV7tBSTmoY,11 0.1809 1960 374 2234 528 3 0.0762 1010 1584 2226 2076
lYDV62huq2hXbfl0rmuzymc5b7G3wybW,0 0.9754 1326 586 1727 1051 0 0.8385 1045 568 1757 1112 11 0.8043 1792 382 2069 600 3 0.6128 909 1221 2156 1804 11 0.3099 2340 1438 2577 2041 13 0.0977 2208 1425 2373 1511 0 0.0519 1183 530 1760 1650
T4DPILzz6TrYMpiSaUUZTZqPMmTDrYuN,5 0.1627 1117 316 2115 2664
jYNmJi42SpoX5W0b5A7m6QQb64QvUEZg,9 0.0702 2321 1753 2375 1861
JR1kDkiQBwA1QjSh3x5gV2GhZOoen5mX,11 0.7116 1339 342 1518 386 0 0.4829 1107 698 1428 1105 9 0.0610 816 720 1187 1501
ZEjVXjtacR8fkvEqGtCeN8jjpR70gTtb,0 0.8656 1104 909 1315 1154 9 0.2771 0 617 869 1836 7 0.1484 0 647 873 1701 11 0.1410 433 745 754 1025 11 0.0808 73 603 949 1585 7 0.0658 44 643 828 1228 11 0.0617 352 638 841 1418 1 0.0563 125 726 840 1619 9 0.0554 79 644 823 1247 13 0.0517 47 687 854 1636
M2psIhVlitX3BzFJZv5NSaHeCLtDn30Y,8 0.7061 436 1671 549 1764 0 0.1063 1287 711 1580 1025
tasNGSswIFKwdYbJIJo23KiDrB0s0nHW,0 0.8433 1340 665 1601 974 8 0.4381 1901 663 1966 727 8 0.4333 1932 905 2043 1010 13 0.3510 1900 657 1984 746 7 0.3273 1916 907 2051 1011 2 0.1649 1893 652 1976 742 7 0.1495 1897 654 1974 738 3 0.1267 1105 1499 1948 1820 13 0.1100 1863 913 2055 1026 9 0.0618 1894 652 1969 729
zPAAV29ttCZ7rsod9Rv88oOuXJuB8VAo,14 1.0 0 0 1 1
M9TrralzFe08kQYs53P2hEOeG4QEEVlr,0 0.9367 956 1038 1253 1416 3 0.7480 579 1683 1517 2060 0 0.4621 617 1017 1254 1688 13 0.1225 255 744 789 1199 13 0.0523 1620 1869 1677 1890
k9R8fPLndCJwLx62LDE0yFxxFsOUyma7,0 0.6996 1353 700 1743 1158 3 0.4098 919 1788 2140 2352 0 0.0748 1019 684 1736 1285
gmvtjFLMaL9u20uEfAz98lxNiZrpdhpp,3 0.4810 799 1220 1948 1643 9 0.0852 1352 1442 2108 1674
yWuqbLo8sKYf0p6AXWcFjV1BKpDhR25z,14 1.0 0 0 1 1
16GGwVoMrU3wKFKU5z0COwCKsjwitDuU,0 0.1405 1373 645 1632 924 11 0.1148 910 264 1137 372
uHOt3Q8XXyTM0IM9ftH1Yvj6Lp8teyiG,0 0.9572 1128 927 1440 1270 11 0.3602 1214 569 1548 660 3 0.0518 770 1750 1627 2071
oCh5dKk5d9VC7PSZuzCHNXQTmJALRvcl,0 0.7000 1027 674 1259 941 13 0.5578 136 1953 425 2059 11 0.2249 1174 436 1461 506
r3GEiNejOgLoqXP4fvx7mkTa8jAXU7R6,0 0.9833 915 1050 1184 1405 3 0.9529 595 1765 1454 2204 0 0.1634 637 1040 1193 1687 10 0.1151 1670 2305 1739 2409 0 0.0755 712 0 1336 405
NaujTwUI5nM8ne6kPDvjKLFiZ2WIQRqn,14 1.0 0 0 1 1
UNZbHIzZTLaDW4KIpYvzMKHYpn4hej0W,3 0.4701 850 1367 1948 1895 9 0.2246 1563 1750 2304 2836 11 0.1641 1624 1734 2293 2836 10 0.0980 1612 2192 2272 2817
4OPuciU1DBQZJA7kWMFPeCZ58q2bI7w7,9 0.5386 118 1488 848 2086 3 0.3185 840 1304 1980 1813 2 0.2012 1876 1241 1963 1322 5 0.1803 196 507 1102 1932 0 0.1158 915 498 1566 980 5 0.0915 1481 822 2156 1826 8 0.0522 1897 1250 1944 1304
LO7iABIoas7qCaMfEEW0VNrqH453ZvhP,0 0.1382 1467 628 1669 848
nNWyXRyiFdGJB7jGy8Zf0i0DE9CXKVul,14 1.0 0 0 1 1
IeYccNhAyRfjORTY9mt0qCYUA9MCs6Uv,14 1.0 0 0 1 1
GTRLpezWJi2Vma8yvgkPpSh0PXkk9Pc2,14 1.0 0 0 1 1
eXBAe7MRhbU49hjPBzAcc5GodsrxPgfn,3 0.1108 988 1409 2052 1778
uhIc59NWxqT2lFUdreB8SbQVQunRJRqy,14 1.0 0 0 1 1
lF6jlwFRKmw1W1jRwQMND1UzRHk7jLgj,0 0.2195 1367 829 1685 1126 11 0.1332 1598 353 1829 434
pp5iItmjMZIlMsSp8I1JkbR0KtDxyq35,0 0.8823 1125 618 1338 869 11 0.0565 1243 318 1478 387
8OwUac6lIIjWdhApJ1RL668yviS4Cb5r,0 0.9619 1530 844 1806 1124 8 0.0516 1871 1192 1945 1269
RBU0b0MsZAvq1GGlc42vusou05MoZTjR,14 1.0 0 0 1 1
pmvmkGg8x7pqbtcTIN8Fk8J5PrgCeo05,11 0.1800 797 588 992 649 9 0.0969 1479 756 1625 898 8 0.0800 1491 775 1626 898 7 0.0690 896 669 1067 1041 10 0.0517 6 535 511 1233
t1B9tUR6JsL5lgJAAoksJvVTumSGVOOb,8 0.4342 481 1345 553 1414 0 0.3269 975 0 1356 172 2 0.0545 1270 5 1343 65
IsWk0dC7YL9wnePnrLO4FLc83RQOT9aE,0 0.7208 1201 944 1472 1260 13 0.1355 1778 1350 1978 1424 0 0.0873 977 939 1472 1426
oZBC5Y7P3HLClCMiEttmlj2VnIOap2Jj,14 1.0 0 0 1 1
ihbtvfyPMfJb4l7CimhlBJuUjcwsJXTN,0 0.9963 1307 935 1626 1296 11 0.0683 1458 684 1752 770
rQ8I4gNlJeuZIxAtIXIph6cL3nWQKKyS,7 0.4096 424 1627 511 1701 2 0.1069 1360 1701 1493 1827
bV29ILCbZLyDK57qr97GBd0Kyf1L7BkH,14 1.0 0 0 1 1
VLimWx4XlD6cbzCbWK8JEfpIFdp1601O,13 0.2058 665 1388 855 1470 13 0.0956 664 1381 940 1511
emqxirs1GVEBkTOEvlsosivw9q3ptF6W,14 1.0 0 0 1 1
UloBsEYL11kTQ2nwIiVwZO9rOQ1XWzqe,7 0.2227 19 332 572 1390 11 0.1272 125 297 619 932 3 0.1099 0 1650 1816 2424
cXEvhju6eLhGC77NhphJKHK7eNvT4dXM,3 0.9960 1373 1382 2398 1803 0 0.7344 1703 596 1978 926
l36erNcgPymKmZUrhRE0MPNGGfthaWo8,11 0.2911 1293 420 1507 506
Ls44HYvV9hzc0HDyXZvjvLNJyESNoe3B,12 0.1258 1449 299 2267 978
veYAg0YqJ3WJytbfKpjHhJIm41KRCZhg,14 1.0 0 0 1 1
MgZfP4bY04QfnEosSpSZdKtHGgKLPDXN,14 1.0 0 0 1 1
I7HaHoMkYEz6nkwtUynsQokZgie9xjqf,0 0.4311 735 720 1236 1236 11 0.1384 1187 397 1478 480 3 0.1376 643 1329 1551 1739 0 0.1174 1009 719 1234 952 9 0.0949 17 1558 862 2257 11 0.0570 559 362 834 511
MmAqH0LLbyg86cP6Xef4TzwrJbz7GNuZ,11 0.0813 908 285 1095 383
8UVEVM9DfJtpTh3WldfMYKufKRvCRGcS,2 0.9396 441 1599 527 1671 8 0.8612 452 1618 511 1666 9 0.4508 1420 1902 2317 2261 9 0.3933 458 1619 508 1665 5 0.2224 151 782 1129 2213 11 0.2146 203 1657 326 2026 11 0.2079 563 251 1210 888 9 0.1307 47 979 778 2460 8 0.1230 464 1623 502 1658 9 0.0791 2177 1618 2235 1691 2 0.0766 271 1687 416 1941 2 0.0608 401 1575 572 1706 9 0.0562 64 1688 724 2379
CttjhuCiwo5qMHhL2BOGi6EjUyBvHk9J,11 0.1297 1092 451 1445 534 11 0.0682 1232 460 1494 523
sV8yZoXolQVwBPHYXb2mFjxu04SvhiML,8 0.9361 1859 1813 1959 1908 0 0.8407 1368 489 1747 945 11 0.8186 1544 94 1891 206 9 0.8084 947 833 1400 2383 11 0.7889 1596 90 2098 380 8 0.7860 367 1620 719 2063 13 0.7404 348 1088 698 1412 11 0.5724 800 46 1206 191 13 0.3701 1595 109 2256 1063 9 0.2374 980 66 1529 2005 6 0.1766 265 1584 787 2078 9 0.1577 871 1452 1344 2399 11 0.1231 1849 171 2075 423 7 0.1054 267 1591 750 2091 5 0.0944 325 1088 761 1872 5 0.0859 1523 971 2250 2222 7 0.0727 1560 87 1859 223 8 0.0647 2000 1864 2107 2001
jf9b81uwfDXLb2gUQ35gjcDx1si9LDXA,14 1.0 0 0 1 1
P3MJ0HONrUaf0CpApb6bVPfNSZGm9Fmk,14 1.0 0 0 1 1
4Q3Gt4UuSJetNuBF2Ll8ztoP8Kk0GOe5,0 0.4413 1171 755 1471 1089 10 0.1352 202 2483 315 2611
cm1TaBZ0NrY5CRF09i80hPlc8aIRNE5D,14 1.0 0 0 1 1
yNyDMCLcJAwrahDwpqxBJHRZhrktd2ne,14 1.0 0 0 1 1
MYrTMIogmKBlMI4j3CtSJxV6J4QFzPe5,14 1.0 0 0 1 1
6CzMTmDTzGxEivI3QTKjKPKCpWNGoLjS,3 0.3733 791 1259 1644 1516 11 0.1217 1368 255 1518 318
6yToYAEiHnTrz2ZqRZd4gOa7SejuicZZ,14 1.0 0 0 1 1
q92Dvdh1w3909u5rOYTLzOkQ38ci0hIG,3 0.0609 1408 1517 2295 1943
tFVlmZkMMqg7Cgz0Pz7hFfgKHbQYOwCz,0 0.9991 1624 716 1902 1073 11 0.9713 1720 315 1982 396 3 0.3851 1201 1620 2066 1946 9 0.3476 1334 253 1786 1701 7 0.2217 2213 1190 2310 1255 13 0.1704 2172 1179 2292 1265 13 0.1031 2154 1181 2329 1336 9 0.0811 1338 1035 1673 1851
PNd7Zvl3KpHPFCuIau6TmOIshsj7osMY,13 0.9695 607 390 850 668 13 0.9437 629 449 749 658 13 0.2621 645 498 733 625 11 0.1080 493 291 924 490 9 0.0967 7 1334 59 1605 2 0.0642 630 445 743 635
5jFwgweLZ1NQ2xwFHpynmVDb9zFbX9PS,14 1.0 0 0 1 1
afD8gK08TVMAQEO2HFvwdlBFAcqUmsle,3 0.3654 731 1472 1468 1853 0 0.2065 977 825 1194 1071
ts0uBMVX6LOhCr71XWvyDoOGmvdFwXTZ,11 0.1698 676 364 985 503
GKSs6VFlCBIsYRYSPc0dmk4E5X1wPkMt,3 0.2116 857 1251 2143 1616
VHulnC3nfsWisw53Ggeoq4KFFvkvakAZ,5 0.1936 205 771 688 1727 3 0.0927 675 1215 1427 1629 11 0.0912 1205 331 1334 395
oRykNgrl0Ej2by83nIQcyshWObxsSRCB,0 0.8725 1161 394 1519 790 0 0.1202 824 356 1530 926
SVQCoNtEV9phonidLT3LnXg1s3sg1ekB,9 0.4305 934 196 1626 1727 0 0.3033 843 465 1565 1437 9 0.0907 694 105 2052 2282 9 0.0741 722 19 1727 1173 0 0.0696 1200 579 1537 979
t3lC2YNCZqGDncqfTgfasMjoZYKot5xC,14 1.0 0 0 1 1
0U27WMF5eJdZvkpIAECCWeRHz2Qn7310,13 0.7063 1868 1519 2154 1668
eOE0xgFn6qX6GlodyJQPtzT0jaf8h1LJ,3 0.9030 948 1312 2026 1783 0 0.8400 1283 569 1610 954 0 0.0942 1006 551 1618 1149
oZAQb58gPqvnf0iIhAeicMSJb4nAcEA6,3 0.1050 118 1653 1994 2390 11 0.0978 657 289 951 393 13 0.0519 588 1360 654 1386
SolMIbQtg4iUrr2aP9VU32Bad01ZuHlg,14 1.0 0 0 1 1
nRKrkLtfyWffljK3Cc8qBCy8ZkbbJbnw,7 0.1066 665 1587 1080 2016
cFmrUR7pc7o3Noy8xiPojjiA64HzyaSv,0 0.8732 1114 731 1403 1062 11 0.5706 681 313 888 398 3 0.3390 736 1502 1745 1854
qzRukR2kUUht875mke15HbSNYjxXSiAt,0 0.5816 1211 779 1538 1141 13 0.2711 263 1469 423 1553 2 0.1684 1461 897 1516 979
g2KfDlsFNrW5RXwA0Z60CxMZLuCaWav8,0 0.6283 1054 577 1311 931 3 0.5403 785 1192 1514 1542 7 0.2026 247 469 777 1602 9 0.0867 0 343 741 1830
emtdYSPqQR5TTVcrd4Mx4cXUYhdIqNNo,3 0.8752 811 1471 1887 1932 0 0.0698 1205 663 1515 1004
nYGVuWV7Zzw4rQe2Y2MlfEhIvtHLkDbL,3 0.0858 716 1450 1931 1905
38GxW8FRqq7eAYzMcJqswerrCNEu5HEL,10 0.7827 1504 1631 1541 1715 10 0.0572 94 1088 222 1376
t8MeVUYo6uNFv1TYlu0pKM1pKOze7QdH,3 0.8327 831 1649 1791 2044 11 0.6546 609 485 858 557 11 0.5928 461 492 822 674 8 0.3654 450 1702 557 1796 10 0.3569 185 2145 260 2259 0 0.2878 1059 835 1329 1151 9 0.0844 1386 1946 1561 2092 11 0.0715 1378 509 1528 577 11 0.0702 554 477 834 595 10 0.0613 158 2100 276 2272
AkdL7SbkU5GbeX6giPGuLgFS8zI3sCos,14 1.0 0 0 1 1
4aal9qxkBY56EPo5sc7203hUKxYOfI7g,14 1.0 0 0 1 1
wp2cRpfCwoswKVS9T4quUsubV1eKPZ3a,14 1.0 0 0 1 1
k7i2x72uRhWn57N9SswXgbzgWXEnQAgS,3 0.9977 971 2023 2473 2652 0 0.9836 1550 1065 1931 1505 11 0.5948 770 603 1159 807 0 0.1755 1170 1056 1939 1683 10 0.0923 2532 2416 2764 2715 10 0.0907 2637 2507 2790 2729
gNIMVhzanjGah5fYWD263B7DMuRC9yfJ,14 1.0 0 0 1 1
evpiaTUqgi1UhzOKnP7nMO0Qo4EZRERK,0 0.9158 706 980 1361 1507 13 0.8186 1642 1213 1816 1309 0 0.4147 952 987 1328 1399 10 0.3968 3 1999 111 2244 11 0.1291 4 1645 165 2283 11 0.1171 4 1905 102 2330 10 0.1101 1 1899 159 2340 0 0.0738 1133 1 1569 314
n7HAgbxEda5UvLd7LLd7iG1Qd5hUiI7X,13 0.1182 0 2442 144 2617
aYUDN3rhmpEGGRi0ZhLTxkTU2J6fUTPK,9 0.4270 186 1858 765 2399 0 0.2400 985 1043 1230 1316 0 0.1204 824 0 1319 263 8 0.0813 787 1 1296 330 8 0.0510 1606 2019 1652 2068
r0j1HBlNsRGfaeKV7hMkXbYI6WjmkDr7,7 0.8639 269 1378 767 1859 7 0.7819 234 1388 533 1821 0 0.5487 1019 929 1234 1154 0 0.4054 875 7 1355 247 6 0.2938 256 1376 797 1879 4 0.2758 253 1381 582 1837 6 0.0994 312 1406 627 1810 8 0.0881 243 1435 517 1757 9 0.0829 260 1345 771 1814 0 0.0524 787 15 1398 451
ZIjK4xhKEEQTgLbS7CEGSfV0ahFy9dvb,14 1.0 0 0 1 1
AAj1EvpYtWGzJx4JhpZta2zO6uBEwqHQ,0 0.9889 1146 656 1347 871 0 0.3123 1127 9 1511 195
v02D9Y2VJBhHaDVrw4ec4h66stuW8222,3 0.9590 837 1574 1886 1986 11 0.4878 1361 265 1664 369 11 0.2328 648 250 946 395 0 0.1861 1163 681 1496 1043 11 0.0994 1424 273 1661 335 11 0.0597 708 242 1026 346
4HtSpuSeEKSyEr0jatw0oIj1rAV95P7y,0 0.9742 1014 703 1247 974 2 0.9318 1104 812 1198 893 3 0.9053 736 1306 1615 1630 2 0.1094 1087 747 1202 913
gwBAiWOYzEiAm3VVeQsdblHz6YrZAmO4,3 0.3339 811 1413 1792 1740 5 0.1601 1193 374 1942 1849
NdneqTLPAavbuQSV3nsuPieAv2qzrI2C,14 1.0 0 0 1 1
Dx5GcxMxBLZkHiVp5eZQRNedQdqBbDfj,10 0.9721 2268 1602 2406 1749 0 0.9559 1463 734 1779 1039 10 0.9480 2187 1548 2410 1759 5 0.8209 324 1042 951 2036 3 0.7865 1071 1516 2088 1944 11 0.6590 2146 1563 2405 1801 4 0.5480 2089 1584 2359 1805 10 0.5049 2092 1534 2399 1830 13 0.4023 525 1010 679 1092 13 0.3731 549 1092 625 1171 7 0.3524 2114 1605 2350 1743 11 0.2756 2290 1614 2423 1775 11 0.2273 1987 1532 2385 1768 13 0.2237 1935 1567 2360 1704 13 0.1769 2105 1608 2367 1792 11 0.1395 2142 1583 2346 1711 7 0.1386 1950 1565 2365 1824 1 0.1372 2098 1600 2382 1770 10 0.1352 1869 1440 2439 1947 10 0.1329 2305 1628 2433 1767 9 0.1042 2111 1636 2425 1812 7 0.0927 2118 1593 2406 1819 4 0.0612 1921 1523 2370 1812 13 0.0610 507 992 659 1144 11 0.0578 2315 1636 2412 1745 1 0.0566 1978 1581 2377 1848
EuON3YMSH6H2oRHWWiDQUuFDgCeKtE0D,10 0.8205 143 1870 239 1991 11 0.2310 1176 299 1425 358
dCBrXfR7x7WY0DCid7YAQlUvIHY8sCeo,0 0.9307 1922 932 2309 1341 7 0.0883 936 1441 1046 1526 11 0.0823 1357 569 1687 620
Br9LgbrtNGUCP28sNeenznC86ESK6LMk,0 0.8073 1143 874 1412 1170 11 0.0555 783 570 970 633
N3iLQu6Ee25Ry7oL7WN11UahsYoAt1wG,0 0.8385 1085 442 1433 885 3 0.4027 749 1404 1828 1966 11 0.1575 670 165 887 250
ZHmrsrkC4DknwW0ldDcv5zO7mNaHWviV,14 1.0 0 0 1 1
11KKhKbHF9KZ96ARotfLqItPuUuPF2uE,2 0.4854 1448 1004 1499 1060 11 0.2965 689 461 1020 561 5 0.2248 126 623 1067 1987
gtCBLKcDVLrViKAFlcJcBvhjB8OLCPWH,14 1.0 0 0 1 1
5NlljxhRDDjcUXty475ggyIoC1XvvhYs,9 0.1143 1414 609 1590 1069
kYsELQWs6RsFv42odiwtGFTfFOKWbCsQ,0 0.9789 1497 927 1760 1192 3 0.5778 1247 1679 2215 2089 11 0.1805 30 1194 225 1325 11 0.0984 943 662 1244 725
RYZbRarJxZGzkqKgHmxprpJo1bdmjxcV,8 0.9343 783 803 881 873 2 0.4839 775 802 883 873 7 0.1065 776 806 891 873 11 0.0747 712 270 986 327
uxedfaq24vJtP8eAE4PEsz8TNenztisb,9 0.5926 2036 1496 2253 1669 7 0.5924 2049 1510 2267 1684 13 0.5458 2008 1493 2309 1717 6 0.4272 2003 1501 2319 1785 8 0.4200 2012 1500 2269 1706 3 0.1264 1120 1718 2157 2284 13 0.0740 469 2291 632 2362 7 0.0652 1885 1465 2391 2186
KKYtFt7fvT4XmIWrAjtRhjt4Jux5OgTq,0 0.8800 1290 674 1559 1038 3 0.5137 867 1479 1939 1915 0 0.1372 1010 676 1560 1260 9 0.0863 680 2351 1009 2716
6mzI0IZzNSzlthgVnwOqboo53JKvedpx,14 1.0 0 0 1 1
FdezR4GYfUV2Un1MO66Y1BQ828lSN8Vw,0 0.1423 972 5 1356 298 3 0.0913 802 1532 1535 1798
pm84WIirxfj4wmfu8kjknqugqzg2zwYN,14 1.0 0 0 1 1
b7XnYvCbW6okljVPmuGn9NnWXs2s0Wa7,12 0.1955 535 652 1627 2699
4RjZUJPOrjfzrWy8FGQiwuL4lZhUGnGF,8 0.0916 216 1385 461 1572
dkNISE9Tm1EA5F7BQdCjpxGyMghdPMrD,10 0.9856 2060 2146 2197 2377 3 0.9072 748 1630 1935 2183 2 0.8616 1235 819 1485 1136 11 0.5401 524 371 915 564 0 0.4403 1155 776 1496 1173 11 0.2755 2059 2190 2215 2402 10 0.2272 2092 2213 2203 2363 0 0.2002 898 766 1536 1238 11 0.1897 1316 334 1646 441 11 0.1313 2086 2212 2185 2367 2 0.0519 1133 745 1533 1190 11 0.0507 571 387 884 495
ToyhoGAYVnOz3fJ48XgmHnnroP9NwEzA,14 1.0 0 0 1 1
hzzKyu68IPkDvVz3UzeP2Ai761VVZRKm,14 1.0 0 0 1 1
Wq8luFUl0bzxfpR2a0FzMRksOE0FCGo3,14 1.0 0 0 1 1
oorcrC9OAhBbWnyHROlXgIk5shYzwsQv,14 1.0 0 0 1 1
Nd62DiMIpGECoVEQXH5rm8z1ijkC06k9,14 1.0 0 0 1 1
EBPpJnTKuCTg7C2yWMC3tT4rjVMhj1DD,14 1.0 0 0 1 1
iHqtVNSRodeKd1bbFUyjLQnoXpRvzVs8,3 0.1007 669 1405 1508 1836
IzgJtLQHXtsfAQwDFSj4gaxgWGrCDuML,3 0.8768 825 1263 1677 1688 0 0.6198 1112 731 1330 968 10 0.0521 259 1510 352 1656
NSEEt74jNYaIjxgT394qChRNOUrrRDLj,14 1.0 0 0 1 1
YUwCoTEpzUxpPgcJJHJJtJrawSySB6IW,0 0.9974 1260 607 1571 959 11 0.9725 794 275 1081 350 3 0.8741 899 1364 1818 1729 13 0.7368 613 830 879 1035 0 0.7044 1027 588 1580 1176 2 0.5740 1406 719 1506 864 5 0.2741 431 441 1045 1789 5 0.2733 1665 527 2170 1697 2 0.1867 1354 637 1504 854 11 0.1747 1742 304 1905 460 11 0.1606 732 264 1112 418 8 0.0518 1677 836 1715 882
Qy1XHzHJUPzo1K0N2NGhrNebqWa6rYBF,3 0.9184 1200 1685 2221 2274 0 0.5569 1547 779 1848 1110 10 0.2949 2244 2162 2359 2344 5 0.2293 453 586 1486 2304 9 0.1570 1199 794 1808 2321
Mp5LeH21TYR9QkJ2Xh2oyGyh4cx5V0GR,14 1.0 0 0 1 1
ZXwG2hxhj7jJapKrmjCg41v0pI27a5zg,5 0.3560 1328 737 2163 2245 5 0.1299 30 888 1041 2506 3 0.0865 867 1860 2062 2436
ldfUufIeMJB63gEJZCH7A22fDp9ZZAM3,11 0.7180 710 331 1154 499 3 0.0787 971 1483 2074 2057 11 0.0531 658 335 938 518
ObOKGqlKPidmAKcT8H8TxJ7unZA21r1q,0 0.4040 866 0 1266 250 9 0.3084 184 1597 739 2025 10 0.1627 193 1490 721 1998 8 0.1066 382 1208 462 1280 13 0.0919 173 1572 716 2015 8 0.0856 249 1704 322 1798 11 0.0848 196 1595 791 1997 0 0.0608 955 806 1159 1053
vEKIibKoG3EtYMEqm9xkdgW05qipHYez,7 0.0597 1716 655 1986 1561
HRJh0gwuDojScOZgPUQ3QzXorbQPehKz,14 1.0 0 0 1 1
FfDhvvaWHmmP8WAEciNbXjnPMDLc91Lt,3 0.9323 803 1340 1694 1767 7 0.4804 313 1086 901 1632 7 0.1629 238 1174 922 2017 9 0.1147 446 1232 875 1585 9 0.1122 211 1470 1785 2285 0 0.0777 1083 813 1284 1053 9 0.0768 15 340 637 1319 6 0.0712 429 1165 875 1595 7 0.0672 34 820 858 1585 3 0.0642 736 1523 1737 1917 3 0.0580 744 1371 1747 2207
BHh91J5yOOGn4qifkkgEgEWxKERj2is9,0 0.7513 1704 897 2024 1197 8 0.3107 963 1624 1058 1711 13 0.1167 925 1612 1082 1724 13 0.0684 866 1606 1184 1745 7 0.0571 946 1614 1069 1720
0xO0oUHgtMtfx8OEjIGVT17fgcrNDFQN,14 1.0 0 0 1 1
ynsrBO9LxS9w1XpEQ9C0CjUovO9eCu8d,0 0.9342 1268 976 1557 1307 3 0.2396 938 1610 1968 2076 11 0.2316 1427 637 1727 690 11 0.0631 667 627 1035 737 11 0.0540 619 619 839 801
1HJDbpiNgS8qddjFtUDEJD7xXo6AT0VS,7 0.1467 25 233 668 1852 10 0.0638 1659 1845 1721 1964
Ma0m1P49LTLAhqICq9D6L56KIWPyrn81,14 1.0 0 0 1 1
PghQQ0ZZikvrjoR6G4aZYQ9CAsPD1KOt,3 0.9982 1067 1193 2026 1662 0 0.9948 1371 594 1618 899 13 0.8570 706 296 1092 687 10 0.5625 438 1662 533 1840 6 0.5074 704 298 1081 666 11 0.3090 731 233 881 301 7 0.0810 700 344 1117 615 13 0.0737 762 407 1081 639 11 0.0654 433 1678 537 1861
QE6dRlcW5fnXRCS3Dmx2uhFqKtimvCDD,10 0.1645 116 1792 180 1915 10 0.1053 1795 1762 1886 1942 8 0.1038 1301 534 1408 638
7wpQGxhBwrO2NIA5jU2tImKnQkzn4DiJ,10 0.1547 1379 2166 2247 2722
0MdrwTP27rv8bG1NWnTHPLXJiqwMJd8a,10 0.5978 1577 1680 1642 1804 10 0.3773 1591 1650 1666 1825 11 0.3583 1576 1670 1666 1809 10 0.1616 1581 1692 1630 1770
DiYuRK47Ycb4Wlj85hu5301486dZsaUB,0 0.9516 982 664 1271 933 0 0.2891 881 6 1368 266 3 0.2769 726 1251 1662 1697 11 0.1502 678 380 862 426 3 0.0989 63 1637 1872 2395 0 0.0701 945 6 1360 137 9 0.0658 143 1466 797 2400
CDOHdUeoVTRmfQBEazNgVl6vJNbwD278,11 0.1219 608 64 897 145 9 0.0999 0 3 429 126
DZzoitrfPYsY7tbU1HDgqJrpuNfoCqfS,0 0.1786 1273 874 1568 1182
AlxdWcu94IJjbZU21yjdgdGD9xTuMsON,14 1.0 0 0 1 1
LfRsQ4ql3lpvwfckM21esoDl4gvqKwki,14 1.0 0 0 1 1
CA2W215OuEfALzpa6pgnTGdkBMYydAPw,14 1.0 0 0 1 1
U3vK2zWtoib8teELKrb8C9E7UbLifCpv,14 1.0 0 0 1 1
aDCwzh7iUY45DxDtX6scYt7AFO3LLnzA,3 0.9885 759 1051 1669 1406
3xa5gIQVht3paH2n0XVHQ98xYYuRiSc1,14 1.0 0 0 1 1
k9KXiRZxrzaeh4rSvd5YspFNRp9alka3,14 1.0 0 0 1 1
q4od3t1vDsj4d1lmw18JiyfqRVjyBCiD,11 0.1028 1447 335 1632 393 0 0.0550 1268 736 1550 1056
YjrU7xLI6PXZiyfLNsYO7T05PFFbj9nr,0 0.1018 988 0 1351 215
IRL6ZdXCeo01cwQKkv6AVWpBNs78OiEm,5 0.5284 219 769 1065 2353 11 0.0646 664 317 1105 451
hPi4rZkjH5GHUu0yF5W5D2qT08M79SoV,0 0.9911 1130 734 1460 1095 3 0.1353 698 1362 1775 1778
fSlHhLD7K7NLWjvBqzakWaSaKFDrCAvI,3 0.3496 789 1412 2015 1917
uKWAPPHzPkPKaTBVnLYrTJwDhLMOOgqt,14 1.0 0 0 1 1
uPWG3BoZfRGYJ5Whn9sCqJ9qcRpwUqt4,14 1.0 0 0 1 1
HTEYpIujWswKqtOcq09QUM2sIdss8YA9,0 0.9958 1040 703 1268 955 3 0.6227 709 1293 1617 1604
QlG9yTGtp9YDrH6E1l87YM2yYfQXsyuK,8 0.3483 448 1605 496 1665 10 0.0996 299 2024 377 2234
MsRAJWN1JX6ZnytRDSbU5jjVhV3S5zWp,8 0.3175 33 37 88 78 9 0.1799 29 29 98 86 5 0.0968 1677 1421 2154 2011
z5C9j2J1L8FFgeUmBzYuNkn6ABWozQc7,14 1.0 0 0 1 1
uSixiHm76d43d9f2hJJzXtdNRCcOuJgY,3 0.0713 1212 1520 2345 1987
JyUcy8NPpx14r4boY2t5AO71izEt2mDu,3 0.4909 698 1431 2004 1951
0Tp2XykzNTri9wP2w5AUb4Tlo32tuTsN,11 0.2412 1897 500 2314 667
0NfCSsK8qtlyks1zPtKvc7mdpgjQ44E5,9 0.9040 380 1561 514 2073
vHuzjXOvyhTeT7eW0zsikP8Oi7YhvQqv,14 1.0 0 0 1 1
JUaBn6i5y2udyN6dVgF2VrNrd1rpD2z4,0 0.9064 1308 575 1638 942 3 0.4753 855 1360 2074 1806 9 0.1636 10 4 167 166 0 0.0787 1118 567 1635 1098
T4ttkkJ6rglh6GCl8sjmytczoTaHjJcb,9 0.2367 37 1486 800 2371 9 0.1117 39 1555 726 2033 0 0.0938 880 0 1370 242
46ANJgWxUkyJSuYi4UYdoE9J8WWcalxn,0 0.9331 999 612 1274 935 3 0.7915 730 1237 1597 1610 13 0.0740 295 1217 705 1442 11 0.0678 562 302 839 398 11 0.0584 578 328 814 377
eBfrov6Wxd7dfp78NgLBo1FCzZjZVRD4,9 0.2533 17 2724 170 3027 11 0.1547 1145 294 1414 389 11 0.0566 1003 353 1240 534
dXV5t5DrL0r71MVUm5FmgbAAjjRn00Ok,14 1.0 0 0 1 1
B3QHEl6nPMeaqTNTx0CZpqzXiXrEDZCa,8 0.9409 1476 1434 1565 1531 13 0.1323 303 821 414 863 7 0.1112 1462 1444 1568 1534 9 0.0636 1464 1445 1569 1532
dkiwy1F1213R9E1NZu2wNiFYFxUdcTpV,0 0.9873 1050 808 1296 1140 3 0.1755 716 1505 1536 1856
Lxu1RXMoocmYOITh9ngIVXVtywWeRUDv,7 0.2075 1523 946 1675 1046 8 0.1906 1528 933 1666 1051 0 0.0552 1021 743 1257 1038
2ZPVeBD59W8KZRqmjYPI0o0WixSmAW7U,11 0.9317 724 351 982 444 8 0.1310 650 935 776 1091
IL4kwZFC9ZTf0a1vPhiGAs1ntTsLreVb,0 0.8584 1144 558 1487 944 0 0.4019 915 545 1475 1025
P7q2ckDKfCwzSRcYUbkMGHKeYI464JKx,10 0.4743 407 1891 501 2020
bWo6KwRqpj2vBcApoZXHyhOo9u2jVhoS,14 1.0 0 0 1 1
GEUfmZIJUR14ApxrHKtP1loVaqOZRmME,5 0.2120 84 391 1030 1687
Bg99w1Xcr4BTCdSes8BY0BGHkeLLAsWe,0 0.9952 1122 743 1381 1039 11 0.0899 602 440 873 545
vT3dz1jFlgsWKGOt7NlpP3IOOLovzZrj,10 0.9834 1076 571 2099 2222 7 0.8653 1187 809 1517 1413 3 0.6065 462 1326 1689 2045 11 0.5337 1445 590 1730 781 13 0.1303 802 650 889 891 9 0.1218 1015 624 2118 2156 9 0.0751 473 1264 891 2035 7 0.0697 1212 819 1745 1330
k2v7u2JrPyqRPkriaEgDoOWN11hq1THW,14 1.0 0 0 1 1
1B8mJEJK7pvy30543fFKSpHsGK8Mns89,13 0.0501 784 599 1183 930
saF7OKFUWJlWyc6OGljHzKSM35z1oX0r,3 0.8959 931 1340 1744 1689
SibvPDJs8Mv0KzA3NLWjD8y5pZCxkpJE,0 0.9738 1167 742 1531 1167 11 0.8849 1381 273 1687 384 11 0.8674 548 347 926 481 11 0.7585 1370 260 1812 449 3 0.6315 749 1658 1997 2157
m78iBtFqsheZby6gXpXAaZfwWDYSUAaw,3 0.8674 847 1747 2086 2208
C1O1xdupzegpzDnTUrHavJikfYMx4T7t,5 0.9822 126 439 1160 2150 5 0.9737 1415 516 2373 2053 5 0.1245 362 556 1022 1686 5 0.0882 507 222 2430 2257 5 0.0745 153 1388 665 2234
9xQMu8P05DUeG8UmpTDVtUvlqKcTWXxl,0 0.1365 1386 869 1717 1212
BTbghKJpWAlBlaF7YfqmVMiJsnDhSOBB,14 1.0 0 0 1 1
ArmbBM0NV1aMon2c1c21V5ZuioGOHWXj,5 0.1616 82 694 1020 1975
nQHpSJ1LGwfzAUF2GwvZxzMoG1Ya1ByX,10 0.3097 3 2043 50 2162 10 0.1864 0 2061 65 2216
3JlSg6gOPSeiWysCdk4PiSlfTg7JM2fx,0 0.7408 1280 663 1593 1027 11 0.1188 681 405 1056 508
Cjtrn1Gbp8jItgH3NoGqsWkCB02pEJ41,3 0.3086 1044 1337 2181 1855
jfDuQlB1RjBwI9uZ5dGoLUrBKifDU9Uu,0 0.9030 949 658 1207 960 2 0.6364 1073 766 1146 861 3 0.1837 624 1412 1386 1816 11 0.0802 1154 386 1299 439 0 0.0625 710 868 1180 1333 11 0.0597 1071 373 1308 452
OgBMd0k2rvEX1Ns9aV1UwFZSdJsw3UC7,7 0.1204 436 1231 998 1675 3 0.0709 919 1516 1825 1853
MR5SrlcLK3qu20GlSkO6LA6IGFfaEKFh,3 0.9792 996 1716 2227 2220 0 0.8643 1442 807 1793 1175 2 0.5874 1606 954 1690 1064 9 0.0525 1105 999 1593 2410 9 0.0504 82 2251 249 2497
HWnIoeiV4Cs95gWU4GJWswibWbJgS3Hg,14 1.0 0 0 1 1
INIawagjytola8QCkqUwIQG9SCWYCB49,3 0.0933 910 1608 2139 2124
2lHx9HjEKoof9wITtxHuc9y036QOhrSc,14 1.0 0 0 1 1
ARIAWDVDwnQ7LhjOzRk0siLvVMDvw8JX,14 1.0 0 0 1 1
6k6rYD8WPB5uJlp3pHGzmOFdXToS3KmS,13 0.7259 2125 565 2229 719 7 0.7005 954 650 1178 1055 9 0.5397 958 668 1160 1037
3ZeQZhXEfa0AynXU2QxYkby7ogps0qv6,14 1.0 0 0 1 1
Xm5Hr6Dp8Tow7e5GDAqn1xKWD05Rcvuc,0 0.9974 1424 944 1720 1255 3 0.9872 1046 1684 2294 2133 8 0.2106 551 1816 589 1851 8 0.1911 592 1731 662 1796 7 0.1642 836 1356 1210 1833 10 0.1343 188 1904 350 2246 9 0.1341 1812 2024 2307 2158 11 0.1228 752 618 1118 721 11 0.1024 203 1896 374 2192 13 0.0946 2129 1709 2374 1877
xgo7rtBGr39Xo2T6HzKGZ7DuOU9YKL1g,0 0.1389 1301 614 1631 978
X0Yu1D2OjmVIcGtdw8aOMyl96bgb9fmm,8 0.3024 317 1257 380 1322
MD5dd9mE8oVuSVpcxHcA6nRVMRDUoSzI,11 0.1868 498 355 904 588
N5tQ8yAqR3kRVeZWiHizWn9pkjhywz9v,3 0.1204 703 1156 1558 1621
Z01Jtgy1ZzFYsKGAdX574eSVFJmNCkHq,11 0.8200 1790 472 2068 530 0 0.0969 1642 840 1888 1143 11 0.0761 1081 477 1387 539
wTGGsjDElEFx91ODQiOSpiunlPMsAfW7,14 1.0 0 0 1 1
nBeFOiT4xTobF9ZQTCXwFwBP4hhasbSM,14 1.0 0 0 1 1
ThyO6YhcXIMrZkRuPvM44J6UBfyG1NuG,14 1.0 0 0 1 1
MoWln0ts4DLSht9Vps8UKkmTtmQg4WuA,12 0.1170 1461 173 2281 948 11 0.1020 695 294 1006 337
nPTBOfFVdQV5a9JbYTWv1NLTmTtHy2Tf,14 1.0 0 0 1 1
J9Iir1KtBBEGppYKXKpnyC4ALbqmN8oh,0 0.5182 1647 894 1996 1242 7 0.3752 1283 208 1552 591 11 0.2956 1850 361 2279 562 11 0.0742 1892 380 2222 495
ij0IKHi9tjsnnUSmRJbjqJKIsxlmwJaC,14 1.0 0 0 1 1
yDPfV9ku6wQae6gtAMmkudXpcaUoRPK9,10 0.7291 1666 1676 1751 1805 10 0.2977 216 1571 308 1708 11 0.2450 539 151 773 193
zsvGNePHqmxnY6nXqFU07IuylXTLOs4A,3 0.2743 1024 1609 2105 2058
L3RoXkOXY4X9rpPxpxj7l5ko6nMxCfU1,14 1.0 0 0 1 1
MqldWZu7VGh5z8XHCOsifbF25tQz1GeD,11 0.1690 743 346 973 406
6k5qNusxEtGGtXUw1UwFTCBisjLAx9uD,3 0.9405 982 1704 2047 2094 0 0.9343 1339 737 1695 1115 11 0.5872 755 240 1120 355 2 0.1788 1470 860 1601 1001 11 0.1548 818 258 1072 335 0 0.1443 1002 748 1710 1364
7shNviWbOe0rrcW6zZoZ8cVr5HrTdroI,10 0.8961 185 2329 333 2508 0 0.2684 998 767 1615 1283 11 0.1267 189 2355 328 2547
yg7B1t1DO9tMk2uJV0SkqA82y97SPZHa,13 0.8987 2605 2384 2703 2435 10 0.0760 416 2413 562 2578
tHQmC2vMHlv8g4hg5jHXOExJyykFpFnq,14 1.0 0 0 1 1
4CAygOIXZkUe1rc2vh2c0stQBxChQ2vG,0 0.9748 1145 383 1515 751 3 0.0926 675 913 1868 1486
EZF22DsE4uJfFjb3HubBRqUkfuR7eZNp,0 0.9691 1651 986 1903 1253
jFKxAWABOrF6h1JAThC9cUx6tn73gUEh,9 0.3148 2009 1067 2289 1709 0 0.1245 1285 704 1534 1000
CYe2bR63OjZk07ECbDEng21Tsz2iFkyw,14 1.0 0 0 1 1
8qWi0eHtpSLFFloX2A6skOVaLDKUPfbE,0 0.9978 1232 789 1573 1226 3 0.8607 809 1503 1978 1929
QcxTBcHDfYP5Ph4xFe4FwOxAa7B35KE4,11 0.7505 1166 268 1435 351 2 0.4064 713 447 771 507 11 0.3859 1819 1609 1963 1860 11 0.3594 1845 1697 1950 1891 3 0.1905 748 1431 1598 1796 0 0.1349 1006 667 1283 958 9 0.1199 708 446 767 506 3 0.1038 707 1810 1958 2415 0 0.0953 796 682 1302 1257 11 0.0939 1168 279 1359 337 13 0.0559 1811 1650 1918 1805 8 0.0527 714 443 766 504
8WyFu2PxGzKj3Mhhe3RWf9F1ycNLKfLM,0 0.9665 1452 736 1732 1066 3 0.9056 1074 1415 2001 1829 8 0.0523 1408 1381 1485 1469
R4B1xJhvEK6Kk5j8ryE2CZP0pVEnTDKI,3 0.1326 830 1415 1980 1801
9bZ99nv08M7eNfNxHtXnfGaOh8xrth8T,8 0.2019 0 525 28 590 3 0.1741 985 1645 2000 2181 2 0.0767 0 521 27 595 9 0.0530 214 1942 718 2323
em6lXR0DfjTwJEDEmL6gKSvtcMsFxWra,14 1.0 0 0 1 1
VSkImyBzaenLcMNnp6nvnaCfsNg5xR8h,3 0.3374 816 1242 1649 1662 11 0.1012 779 273 944 316 8 0.0960 521 1332 662 1499 9 0.0584 948 345 1310 1225
f1OXPFkFFPGv2at9w4dMWiUVo6MKV9TS,0 0.9074 1386 1069 1692 1423 3 0.0506 963 1888 2034 2289
eDF2GGWiBp561aDXYcWbDEXUXFEouMEW,10 0.0556 206 2352 342 2567
29xrKOx9dxdvkLoPq3yol9yPhnYdCsMG,0 0.0966 930 741 1667 1545
APWu4K8WU8lnyy8sotQEo2BTAzyBzPnO,7 0.8305 132 723 608 1744 3 0.6374 556 1286 1490 1717 8 0.4128 270 868 497 1104 11 0.3761 168 383 633 995 11 0.2986 13 420 583 1542 7 0.2922 198 666 568 1340 7 0.2848 104 520 855 1882 8 0.2828 352 1463 433 1561 7 0.2503 326 897 486 1120 13 0.2359 35 497 645 1824 6 0.2351 215 915 504 1463 6 0.1666 61 798 601 1589 8 0.1617 196 1561 230 1596 12 0.1572 111 438 868 1214 13 0.1251 281 696 740 1190 9 0.1060 2 269 934 1591 7 0.1053 26 520 554 1252 7 0.0974 237 877 507 1488 7 0.0902 1702 528 1984 1459 13 0.0860 272 910 489 1237 8 0.0827 315 925 461 1095 9 0.0791 1690 611 1972 1229 7 0.0761 263 849 522 1141 8 0.0742 180 639 550 1307 8 0.0672 233 737 533 1128 4 0.0639 48 751 575 1581 9 0.0612 222 911 475 1312 9 0.0603 11 466 508 1585 9 0.0594 317 917 455 1101 13 0.0545 172 740 626 1518 4 0.0536 261 867 510 1127 6 0.0535 96 548 830 1776 9 0.0518 277 878 492 1130
rH5tDk0ZKbFkBLkANmFxRcBo8wB9vOdm,8 0.6909 713 770 748 802 10 0.2828 1423 1711 1858 2080 11 0.0980 1481 1727 1877 2071 10 0.0578 1752 1817 1890 2011 10 0.0518 970 1656 1815 2294
fH6IJjgnoWtum5j7upsLSrSZrDTjchKh,8 0.3847 428 1555 516 1661 0 0.2642 998 7 1315 174 7 0.1458 404 1529 530 1683 5 0.1127 137 743 715 2193 10 0.0698 1735 1804 1793 1907 13 0.0630 436 522 624 701
GdeQVDDC7MkXMNKwsStycfi0Gom9530F,14 1.0 0 0 1 1
qaPx3BVEGjwxliiwbNzllKkAPfKumT93,0 0.9229 1300 577 1587 894 8 0.6499 1781 532 1895 651 9 0.0586 1779 532 1895 650
7F34Krk95qPKNvXGNoa1DFrpu8aVKMBs,11 0.8606 607 230 834 311 0 0.6087 1015 537 1260 822
oZ3KJsydPoNG5fxPYDBRAMpPy6wPES5V,9 0.1087 21 2361 308 2497
GKTcfB4FWXk3YESjafT2wSGcp9v3DWpK,14 1.0 0 0 1 1
mGxDP5ph7ZpvK2wUjPpxwCrdGfTMKXEn,14 1.0 0 0 1 1
ros2ax0D8BEnQ8j0BZFpUEnY9h07tyVd,14 1.0 0 0 1 1
5YHmm1veEzUpp7xsysxx12nOrW16wFZL,0 0.8457 1111 349 1342 595 3 0.3014 816 1129 1664 1373 5 0.2075 293 549 871 1495 3 0.1073 807 1036 1676 1561
yN7DVdehSL3ES0F7iNUvHNCbSaIoEGtu,14 1.0 0 0 1 1
BEM7xJa4FB7p6j3gMJIX1IlPRzscM9Je,3 0.9535 739 1170 1602 1531 5 0.3044 386 829 739 1422 7 0.0949 26 587 823 1413 8 0.0871 1417 690 1500 790 9 0.0640 0 571 714 1740
4JAgUSuiQIBfSZ4JM8XPWX6pZRKZ2YXP,14 1.0 0 0 1 1
uUgLtpMRryHqwws0ABdNQHNiIW9KTjHU,11 0.4359 873 161 1261 272
qir5s9xxC2aVv7hVSiasfCTsCPiRymcG,14 1.0 0 0 1 1
z6jeyfrVuoQ5RFGEIRk2387BEWydlTEc,3 0.1954 880 1120 1750 1527 9 0.1476 23 524 624 1854 7 0.1160 93 452 844 1546 9 0.0886 26 932 652 2315 3 0.0777 116 1654 1953 2393 9 0.0551 19 208 580 1245 9 0.0530 188 1273 1187 2327
CEdVJsP1t6CupOBUhXJB3hY4iUX6bE5o,14 1.0 0 0 1 1
WQ6M1oedGdjVBK2Jxt85vuT1URDsFcjn,14 1.0 0 0 1 1
J97R8zpj7ycrwkzs5QxPDWBNlI0tP2zD,3 0.6686 741 1607 1697 1978 0 0.5217 1054 909 1320 1200 0 0.0553 1005 0 1448 192
ryMuVupwN2SCFZv2ULbjExpcGg7NmcGF,14 1.0 0 0 1 1
9nIianT9k67WaKqS57KxsJ4Oft0s7BGP,14 1.0 0 0 1 1
b5XkZBHopM6x6kGh6nwiN7ErhsQaOsCi,8 0.1214 1000 1436 1083 1504 9 0.1082 834 2216 937 2404
BKqaJtLifSjtIqH4X9FAKWgKgnYehY5n,14 1.0 0 0 1 1
aSsQiJr6rmJYA36l6d4NQV52DxQWzXHS,8 0.8661 560 264 626 332 12 0.7195 132 413 574 1254 9 0.6967 601 492 1134 1217 12 0.3829 157 125 1020 1347 12 0.3609 656 466 1106 1364 9 0.3558 832 559 993 749 13 0.2304 221 41 742 569 8 0.2056 565 161 654 264 7 0.1123 58 36 1118 1301 7 0.1021 321 554 1021 1233 9 0.0904 34 117 831 1255 9 0.0696 369 311 1057 1214 8 0.0681 524 421 588 484 8 0.0674 589 321 683 415 9 0.0614 127 15 1128 1542 9 0.0573 506 178 699 411
AJau7VO6j5Ft156L2yXEZjcK2iKZc5w2,14 1.0 0 0 1 1
sJbHcGbcxzMRapQxGuC45dWz2sFeCUR3,14 1.0 0 0 1 1
pLd7iiK8bZ6MKxASKXvSfuahDyKylkgP,14 1.0 0 0 1 1
tRHm2XY8MrcbBEaAKUHVWp1WMD8nnh01,14 1.0 0 0 1 1
FAiPOsrTJsd1N4xiD67pfXLImLKuGOOl,14 1.0 0 0 1 1
mQbuFgOwkxRueDhTOrPaFDDL3G3tc7Fl,0 0.8177 1066 731 1276 993 11 0.5044 1168 384 1458 490 9 0.2487 338 1828 369 1905 11 0.1805 682 366 928 466 11 0.1456 1146 360 1433 445 8 0.0663 1383 1640 1480 1745
EQuXYezAxmlMGjh3RmzmiV7tBXS3FaTI,9 0.0749 0 9 282 191 11 0.0625 494 235 872 326
sqpPMwFPoOARTdY5T7kxVIsZbbnnDtfF,0 0.9227 1141 802 1491 1202 0 0.0793 873 765 1544 1296 11 0.0561 1532 513 1690 623
KYlaN7mqlAnZozM3xjXt2EXW4JID4T5B,3 0.4858 1018 1726 1963 2114 8 0.1248 554 1560 704 1682
HNnZ5XCKW2sBibcRzQgsbuIUGjdbjrQh,0 0.8684 1168 681 1472 1092 11 0.1476 1240 300 1467 390
e88nDjc9OtRJV6kKq6MEfFQTdjf3Q4jI,14 1.0 0 0 1 1
4JhLtQ61jo6twztklWLDl7GNq9veht5e,11 0.4756 735 502 1020 561
dzdHcBpLneGV9OsRwC1NEqYuMRNHMFT3,9 0.0999 1971 1064 2099 1273
n2qlJ03s8Bch8y4vDwfx8KC9wM4lTG3j,14 1.0 0 0 1 1
cUiTarS5hcyvoLLGSeIq38l56QnV7Vx9,3 0.7108 645 1102 1431 1369 3 0.1129 1445 960 1991 1533 9 0.0744 33 1245 1572 2383
5JOdZLD9btiQn2mBULSF4L2mgOf9lR7u,11 0.7146 779 491 1105 573 8 0.6267 1763 911 1851 993 9 0.5463 1756 913 1849 994 0 0.4653 1342 972 1656 1315 7 0.1182 1753 909 1850 993 2 0.0527 1750 898 1852 997
N62n14XsM2c9a9qYYovpdFwxeNAXQwEi,14 1.0 0 0 1 1
6Lf231sxnz1kWDHF3Yj1PJ4xhy2KT6li,3 0.9988 673 1310 1666 1647 0 0.9662 1050 765 1274 1001
jdI8A7ueauVXIydigNlg1pGbn4QFy4gx,3 0.6358 842 1562 1970 1935 11 0.4187 1582 435 1759 485 0 0.2912 1299 782 1580 1066 13 0.0860 1815 768 1909 876 8 0.0556 2049 1081 2136 1151
0wPQfyr9FNxYHsgQ6WuHESm7FWVIHSjK,9 0.1137 3 1832 197 2777
RhKvv8j2PQx1fxGdHjKgKINwstKchuKh,0 0.9665 1010 646 1270 964 11 0.6673 567 300 813 360 3 0.5175 796 1427 1543 1814 7 0.4202 271 1201 800 1835 11 0.2148 273 1231 369 1654 9 0.1324 389 1479 524 1619 9 0.1128 277 1191 429 1645 9 0.1058 381 1221 818 1705 11 0.0804 500 296 817 402 9 0.0680 301 1646 844 2014 9 0.0514 1245 1587 1805 1943
tgrM9rvKwyn0chR1aQEAVxY7Br2r9INI,3 0.6182 622 1482 1487 1882 11 0.1091 1265 511 1436 560 3 0.0952 453 1929 1797 2418 11 0.0546 644 426 880 539
1ZZA1IthrEA0zEtaik1A2zv9PPrFrU8m,14 1.0 0 0 1 1
Pefow14c2XBkq6Mw9TuMo5S9LG7FLCLK,0 0.1233 1330 690 1694 1099 9 0.0938 2589 2162 2643 2334
uyZolDs3TBrQ6MemJyCNxpjXZmZ0uGCE,7 0.1542 0 394 724 1502 3 0.1126 726 1242 1537 1515
HlyJIea3E7RusiWjcExXvd24ShWeVNOm,14 1.0 0 0 1 1
PKaix6jTEjC2yVpVAdf2zsGo75VwPEG1,3 0.0530 997 1543 2164 1826
PPiYzqdV83qek9wz1W2M2kLl1xI3O65R,0 0.8165 1004 751 1221 1007
UQultJQW2qC9MfU0ERjasVso7HER2Dx0,11 0.1287 1194 799 1506 901 11 0.0660 1290 821 1514 894
drr3sumGYgnfJ5tpjaF7zX6xqUd65Szw,14 1.0 0 0 1 1
oDRy3JxOy2T4DqASVpIs0tRg8sQ6AVo2,11 0.9046 1165 390 1381 456 0 0.3397 1060 579 1260 783
echkt9vuRJgYIsVjKvMpTzBaUiCraYgZ,3 0.3624 1201 1809 2368 2402 0 0.3025 1589 858 1870 1115
vPOhWxPY1pFkpnRowPMU3OnjFqpjSRCQ,14 1.0 0 0 1 1
pqMDcsbBWLwLh0kQpVC3eGBZIbhFz6PR,3 0.6080 688 847 1530 1213 0 0.3738 1037 402 1230 618
RxJvyLHlvAxovSnaw1IVSbV60wBxDssg,0 0.9967 1508 846 1859 1263 9 0.4538 290 2087 1153 2492 11 0.1045 1788 504 2053 566 11 0.0506 1706 482 2025 563
sa8GL8iZaYXFSf8DsAns807PLq5RskzU,14 1.0 0 0 1 1
IqZuxGEotfijGgxLp8kOGgq1uCAqYtFZ,14 1.0 0 0 1 1
K62AfzH75CFTOXQoYGUG336nIfynYa8Q,14 1.0 0 0 1 1
SATClwGDtDkeK5XMNQvstSX8Ea5TSicA,14 1.0 0 0 1 1
CCrUtLchtKguCNtn4xhUh4cAaI6TZwnC,11 0.7235 831 315 1074 371 9 0.4011 968 1038 1289 2084 0 0.1024 1284 719 1533 989 9 0.0578 941 718 1412 2230
gm49DaGyi9ymIXOzo4rhaft2dz8NvYjG,11 0.9044 507 431 803 525 0 0.4461 988 799 1225 1061 11 0.3354 319 404 707 670 13 0.2781 300 1453 632 1608 11 0.1824 448 415 773 574 11 0.1615 527 439 732 504 11 0.0836 599 2 1390 128 11 0.0836 589 447 801 504 5 0.0765 1217 851 1692 1783 3 0.0721 680 1435 1633 1814 9 0.0535 302 1456 623 1606
eIVivtNURqvREEvbX0C7wawksn0F3r6V,14 1.0 0 0 1 1
NGU2MAZ1YkpDFwGo0RpKZ58lax7Y7sYE,14 1.0 0 0 1 1
PzCOYtlO36yMWgEeEMfUwkN7KCQN8VHG,3 0.1754 832 1068 1583 1535 9 0.1129 1783 438 1983 1607 8 0.0834 546 1323 570 1347
iwHJcwPhZ9MPwp9nAO6eFAyyOKvfrq0f,5 0.7580 1677 1141 2266 2122 5 0.4172 1250 286 2355 2100 0 0.1345 1234 731 1646 1133 2 0.0671 1347 730 1629 1004
ffXJv8dhEi5j16hBD4u3ue3idhArT2iS,14 1.0 0 0 1 1
iLuM8azWzuuCu4wU7MePDm8gvpnBtkFw,14 1.0 0 0 1 1
h7BkFgZSmmOjJ5w5mlqDOoGbVpezP8Oq,13 0.3628 751 1158 1150 1396
bPrDpB3xEJzv1D3xinmNmQ91uMNf5p9L,0 0.4709 788 654 1245 1139 9 0.3112 183 187 593 846 9 0.1749 94 1308 879 2421 11 0.1248 1179 356 1412 433
U5pCA5RosvmDIbUyCfNfKYnomrg3Mxre,0 0.2818 987 626 1241 886 3 0.1549 690 1325 1526 1821 9 0.1533 1946 1956 1979 2023 9 0.0799 721 311 1106 955 9 0.0650 0 1551 955 2224 9 0.0502 719 124 1221 1343
ha8UVsXaFiv14lQiQMOCB55X5Eg9WSzY,14 1.0 0 0 1 1
Let9hRRARUE0WLihUPWyO45scJMCSC9s,11 0.9460 1198 256 1360 352 0 0.9456 1093 594 1370 962 3 0.2745 801 1316 1594 1683 13 0.1472 500 1365 819 1465 0 0.1361 874 576 1380 1133 8 0.0541 1718 1597 1741 1627
ss2zeX2EAr9EHtQPYavXrdBje1MWrTGk,14 1.0 0 0 1 1
fAaCpt5Uk5OiFshY2KOmu2D0wRRAUdWG,0 0.1576 957 727 1170 936
nptePauSnmMg6zzEpvo0xhZPPMtqLpb7,3 0.7438 712 1051 1501 1349 0 0.6201 985 465 1247 759 3 0.1124 95 1699 1994 2430
2Xep2r1iAiuQjHBxJoavEgCT4QH8vIQb,14 1.0 0 0 1 1
ozQM9rdVTuLeR1zwWi2Q89pSgoSkZIOa,11 0.2846 669 316 832 372 11 0.1447 1150 317 1343 385
UX5tTX3pGmQprKqIvK8MTW7aU4QeeYGK,10 0.1744 31 1870 116 1978 8 0.1631 1094 2092 1517 2456 3 0.0547 619 1336 1510 1802
3LFS8rnTqHfUGXgmPKYtEYzfNOg5FXDs,9 0.9053 919 470 1162 1210 3 0.7557 878 870 1557 1169 9 0.1719 870 528 1213 1538 8 0.0652 753 890 907 1015
xpxzqi7OMzznJmvFvHhj5nNn2mAU0Lyh,0 0.8179 1188 835 1478 1169
6CRBaghLfG710q4C6EQhh9StftVOLvX3,10 0.0762 2416 1752 2540 1917
3xs2HD6tyPrr0LeTX9VB4ICtXq8rkl5q,9 0.5110 1 2191 187 2711
yJ14yfIsO3lIqX2iIFV81nJlZGxjrliE,14 1.0 0 0 1 1
0u1lJDKAA1mHV6rmPdbarLTZuRsD8Iri,3 0.9885 761 1613 2207 2070 0 0.6491 1183 886 1734 1338 9 0.1610 1015 531 1471 1359 8 0.1242 1883 718 1956 805
XjkhxYwsiZbtBHj1uZCSiT0soLClToED,14 1.0 0 0 1 1
79POOphjwg5NwZ5DH50uq9ez38PfvEF2,0 0.9973 1616 587 1925 899 3 0.9107 1212 1346 2213 1741 9 0.2716 1975 1314 2180 1620 0 0.2677 1344 569 1928 1165 11 0.1770 1209 331 1449 413 5 0.0736 732 1139 1237 1649
A3UPrMYrs6teIcmVOR9vUv2mftQUHMCl,14 1.0 0 0 1 1
uVjQ0Wi7wJP160YhmXFtTMXq4bfeZlzr,3 0.6453 614 1296 1574 1681 0 0.3720 989 555 1282 940
uqpzVS2pNqAAI719SKpjcc26E2Q3wE3n,3 0.1871 742 1098 1482 1485 7 0.1677 180 476 779 1743 10 0.0536 286 1473 371 1595
0V2OPURYaby8RQoXWcc3BnpVbbBJHnaD,2 0.8395 1450 285 1651 603 0 0.5824 1367 246 1689 662 2 0.2575 1367 229 1709 681 0 0.2341 1227 212 1714 781 11 0.1227 1491 104 1854 250
q8qXr9PJG35p4c3TILgcbZpUoZdzLP0V,14 1.0 0 0 1 1
fjXlC566YIdeMkY9icwYZfHF1uFHihux,14 1.0 0 0 1 1
0Au1Gxer78LmBFCBX66NOowUwojQTTFd,14 1.0 0 0 1 1
PMLLpRJ5GH5uBb8OET3iUAxqLyJcsh0n,10 0.1005 0 2907 459 3055
heHYpm4iQlQ9YaAdEVOSt0tQNPdtRbTW,4 0.2396 382 1830 925 2464 7 0.2084 328 1801 922 2495 3 0.1552 785 1103 1677 1421 7 0.0692 381 1994 793 2465 9 0.0607 276 2037 709 2480 7 0.0566 381 2143 663 2461
EcZkhq4pvlYy7J5feYVsNiU8gzRVBGkA,13 0.6826 657 243 805 416 13 0.4417 595 239 825 465 11 0.2032 479 160 841 316 11 0.1806 578 169 845 261 3 0.1217 696 1117 1471 1557 9 0.0966 650 226 817 410 11 0.0816 490 181 721 303 7 0.0701 57 367 546 1690 3 0.0642 119 1561 1790 2368 11 0.0631 668 184 829 248 7 0.0531 615 231 850 487 8 0.0523 505 482 544 528
bDNeodishEdtp5zdFcrrqHPFYb5Qe9N0,0 0.9659 1270 808 1584 1206 8 0.8793 1555 512 2061 1222 2 0.6535 1575 572 2007 1235 8 0.6066 312 502 356 535 2 0.3632 852 224 990 324 8 0.3621 402 694 443 733 9 0.3516 288 588 1055 1716 2 0.3010 264 649 1063 1519 2 0.2527 1362 1088 1564 1301 8 0.1491 254 616 1082 1674 9 0.1470 833 244 979 323 9 0.1439 821 189 992 326 5 0.1227 237 605 1111 1885 9 0.1195 293 730 822 1244 2 0.0887 316 733 765 1241 8 0.0864 1428 1078 1469 1123 8 0.0604 1483 1053 1530 1097 2 0.0550 1431 1137 1569 1294 8 0.0538 903 246 976 315
ojlvXA8zwEBYSy7wUGnVtUc4PWlh79ki,9 0.4581 941 1925 1328 2172 10 0.3028 787 2207 889 2347 11 0.2231 1175 398 1460 499 9 0.1179 851 1892 1476 2257
ikVZNIVj0Sd3cOfovS7qjsqHHirpRrXK,11 0.3246 947 179 1238 295
Jp2qwl5VncyIIwvnVW8T9uBGO7gpBNrP,11 0.6129 575 271 832 356 11 0.2095 554 277 723 323 11 0.1650 544 260 745 348 11 0.0522 505 242 861 380
qofqc0ziplJGsQTuSCDRrDQpzbJsshgZ,0 0.9928 1367 764 1681 1152 6 0.9791 1775 747 2138 1239 3 0.9518 956 1600 2039 2058 5 0.1976 1665 735 2210 1760 11 0.1660 1546 375 1707 442 3 0.1091 924 1699 2119 2371 6 0.0960 1713 702 2165 1501 9 0.0925 1072 773 1526 2266 7 0.0744 1753 755 2152 1223
6qYlmJO0PzcAQHltzWCtbZjCSl2DvtPl,14 1.0 0 0 1 1
7XTQDmSEcsaJkro1fVVxkH57UCxqktpm,14 1.0 0 0 1 1
n8BFERDgnMiXboVoeUbvFVG0Ccl1Ee9H,3 0.0864 828 1346 1621 1582
S2GwsUpqhCR9sE8OuHJ5nJBbSb3lHCvq,14 1.0 0 0 1 1
eUBRie5oDqnKUxGlEh6QKJXQf2uTxK99,14 1.0 0 0 1 1
nZwE7jAxxHAlsBQgxSGCW1yiF1XXGKLl,14 1.0 0 0 1 1
IuWIrO3o8v6nT4sOll6BhuDSMXCvtoFm,14 1.0 0 0 1 1
xuF153Jn8MqqMwmnaZWx3ZGPqvQZJYWy,5 0.0547 123 678 1064 1937
JVeVYj0itaDkQDL7FIwgIZ3Qjj6A3kmv,3 0.7798 959 1307 2163 1860 11 0.4418 616 393 1045 546 0 0.4052 1322 759 1652 1106 11 0.2210 717 396 1046 486
JIierIPMZZ09fVhxFlpxyXyX6lz3JUiP,3 0.2350 741 1197 1626 1493
BauiN9rJHSBq0i5jK9y93JBSCUZhEZMI,3 0.5986 1391 1584 2446 2144 10 0.1478 667 2131 746 2293
ehBFrERt7LkCxFxJwVzdv6iGBoXkvM1b,13 0.7382 1645 776 1819 856 0 0.6741 1034 518 1341 849 13 0.2676 1702 775 1825 836 3 0.2295 712 1280 1730 1737 9 0.0549 0 2116 100 2404
wStVEJTzHGJmat5RZgAZeS9zvmi6RL9t,14 1.0 0 0 1 1
Owfne7Z7zCuvQN7I4cwdEuyViY0VQ5LG,14 1.0 0 0 1 1
1OxKa3w10jcGtfwP4v3POjgtZvVG9ft2,9 0.3867 1184 607 1479 1543
PHz6fWPQNrUfzU2HVgxQ5MnKoEcY682d,14 1.0 0 0 1 1
8Y8ihMfuEIb1R3vBXraW40NhjIWDi2oN,11 0.5002 661 168 1067 326
n1yVmfyBmgSy6mQpM42gj7yDAcOwVKPQ,14 1.0 0 0 1 1
UCz8iXcs5rEiKnKgGWr2FPmyzTDLV99K,14 1.0 0 0 1 1
2eMHtmWhKlj0RVBExsXGGuhBS30qG07N,11 0.4201 308 1904 405 2031 10 0.3228 310 1884 404 2011 2 0.2355 1777 1791 1858 1885 0 0.2126 1123 1983 1557 2500
6V8VrLTt1kzTsq3bBCANw0UPpeFohfiD,0 0.9907 1042 636 1350 980 9 0.9754 1143 1346 1988 1810 11 0.7994 1270 281 1619 389 3 0.6528 643 1259 1655 1755 11 0.4831 554 245 904 363 10 0.4678 35 1834 139 2004 13 0.4357 1388 1248 1767 1429 9 0.3384 461 1447 619 1622 9 0.1898 1241 1281 1895 1512 11 0.1660 1248 287 1530 443 9 0.1432 1355 1213 1741 1466 13 0.0913 1482 1316 1810 1420 7 0.0704 428 1462 630 1640 0 0.0669 859 638 1352 1073
Jj8rwPwD3lbYvjJdrxU5HqFqo29htd9o,14 1.0 0 0 1 1
POYRjawUoUurBE4VbmNnKHGmgKUth2Zi,14 1.0 0 0 1 1
p3dfhBYUkMfuy8PN6altqLfNM2Xivn3v,14 1.0 0 0 1 1
PKQ5cP5gnP4eKlqf5VcF2WUT7QD8mNkS,5 0.1381 24 595 1106 2219
3fYGCxZyyjvyMX0qcJ12Bnr7GvdWpWB6,14 1.0 0 0 1 1
c2Zx4WtqWMnyqTSfSdOvtSXFEwrHBscX,14 1.0 0 0 1 1
BMrDrYvPTklXTYjWjOe479MhOiNv8vgi,3 0.1030 715 1208 1491 1478 0 0.0935 824 664 1195 1064
MgTv1rggr2a2Hq0LItQiaBOrjF1PUqPp,8 0.1683 2146 2096 2181 2135
dJZ32vUubisnklN8EPUvDbEt0uPMpj7s,8 0.9572 2088 1827 2187 1930 11 0.4472 565 462 883 700 3 0.0986 1044 1743 2108 2187
L78fsF62SfejBmBOMbdfCfwxIhLrNodL,14 1.0 0 0 1 1
5WM1x4DlNvvhoQzxPOzWElpiiBFNSBZp,0 0.5762 1275 793 1547 1087
GmH6me8hadaV0UvT4xLRIUafWWaoVWn4,11 0.8458 1165 345 1412 415 0 0.8278 1062 654 1300 912 8 0.6055 1390 563 1461 639 3 0.5517 710 1326 1577 1620 0 0.2224 800 649 1301 1125 9 0.0863 26 1362 1774 2308 0 0.0639 905 2 1365 257
9ZuAF1uoCK3lAsfbJdDfGVjO9P5lLwa1,14 1.0 0 0 1 1
IacZGRgKVYqZJIMFDo0iSHNC0rSKKPur,11 0.2237 708 441 882 573 3 0.0726 943 1443 1928 2008
yAv4UGxkg10xWHLQR4OpjVsy9lNmK1Q4,10 0.7329 198 1915 298 2065 11 0.3571 201 1906 301 2060 11 0.1190 644 365 810 412 11 0.0706 592 349 805 432
2PnMkC6yUlx3wauopCs1otbHHmBKjTuj,2 0.6772 1422 888 1533 1051 3 0.2526 906 1472 1975 1906
AgyNLDFzst5axK5OxWaMks3jx9vuw2w1,3 0.1458 1242 1470 2287 1888
Yh0zV3igquktwi1EYAiK58OxQiIjSchw,0 0.5836 1503 801 1775 1118 3 0.0884 1174 1527 2016 1908
xlX5zBJBRGyc2GWPFPwAihPprslYh4Zz,14 1.0 0 0 1 1
FrUFdunn5xY97k7scuxX82HkxSkRXiJU,14 1.0 0 0 1 1
m1yJehq7VZYFeb40UbL6imp71waKhWvC,14 1.0 0 0 1 1
2ATsygE9XJADg5gOC2QwG4Td7kUrQUiK,9 0.5218 145 1765 818 2270 3 0.2539 690 1626 1386 1966 9 0.1035 201 1754 695 2097 9 0.0737 811 703 1159 1647
QfZfYA0axz3SQi39NhBV0WWt8fkA3AXW,0 0.1239 1005 785 1274 1102 11 0.0649 9 2458 121 2500
PUfhvF0n27IBP84JSjnnxGiCe6JUqtbg,8 0.0502 699 1786 750 1835
qynyJlZy3nitE9cSuWINWT5xbt9ZQ3Yx,14 1.0 0 0 1 1
ezA1GpokW7P2fAmzHV3V88ZqtsBwpLjh,7 0.5547 115 479 899 1494 9 0.2615 6 475 634 1427 3 0.0801 0 932 722 1502
fiCs7MfOCnZbmpCs4gzFt7yIwxKLcBzF,14 1.0 0 0 1 1
11mYGsBBMgrGwreJRSDaDqBRnXEmOsOk,3 0.0556 1263 1405 2316 1934
3316VuzHZNRKmtvWTE4GMjq9I8MfmYi0,8 0.4612 169 62 274 146 2 0.1284 157 45 284 162 9 0.0801 163 36 277 154
vsAfUpoC9jrcjWpJwzxjJHe1o6jkhtKq,14 1.0 0 0 1 1
qoIuRFNlPEbzgnFDvCsQZHmcL7Teff10,9 0.1225 205 1442 974 2369 5 0.1059 1560 1255 1842 1677 3 0.0868 825 1339 1547 1640
0bp7r9AOA1fuYlKVb7D7KWKQaYTToRQM,8 0.2503 464 1323 525 1395 3 0.1655 934 1142 1735 1418 7 0.1472 194 706 917 1534 3 0.0828 287 1464 1963 2419
qmmaVGOO7gc4SNcHUPQc1FoAQj7K6GJD,14 1.0 0 0 1 1
eJFlRdydSpKZALX7oUC5kp18wi68pxhz,3 0.2601 933 1726 1933 2116
aKDBZAkoQQZ88iCDrg94TRdW6NRd9NAM,14 1.0 0 0 1 1
leAY3diClIxzKHqiDCMLoyGK3EywChcG,9 0.0727 2 119 155 204
gPSwBkDN1OGT3PRgvBG8dan9HfPjDFgA,0 0.2564 1236 685 1847 1121 0 0.1031 1473 683 1810 1019 3 0.0834 1165 1354 2283 1766
cPo24T9u7353gFsbmgwh56gUnGKhtgvA,11 0.2964 750 308 975 383
YGpKI4RdvRz6xnRzSgHBbwmmKHEFIv0e,9 0.0747 1035 209 1587 2094
bc9zXNm6EYhNg7QLHaoYjHAZq8nRGB7V,8 0.0986 1477 1866 1535 1970 3 0.0975 923 1694 1798 2054 9 0.0775 1015 804 1302 1936 0 0.0684 1231 853 1461 1122
dj9lwEWdZXL1RebULN8F1pEhrRxcs2ti,14 1.0 0 0 1 1
j4392jX8My9LURzBgliRhPVQN5YSaySK,0 0.0526 1379 721 1683 1055
xn46hQsdzh1LY2zkCYLVglthSmWempNV,11 0.0738 564 409 886 521
mFJb19KrzSwF27VXwHz76odNzSz9uPan,3 0.9982 1056 1550 2105 2061 0 0.9970 1369 689 1753 1163 2 0.3059 1597 820 1725 1008 11 0.1568 1633 357 1846 419 11 0.1523 1556 355 1811 434 5 0.1466 1683 514 2280 2051 8 0.0724 1555 1054 1734 1257
J0dmn4a45NFOBoZLlgHfrqzs9zdtOb6M,14 1.0 0 0 1 1
QBhaw5ynF5aBo1B6HjVgfob6k6gP3yjB,3 0.1871 1298 1250 2266 1695
jNh05H3LPoK6uBSINBv4y04RjdhlHqse,0 0.8675 1350 817 1648 1122 11 0.1378 881 211 1145 286 9 0.1128 0 1766 95 2012 3 0.0772 891 1844 1995 2345 2 0.0596 1530 911 1624 1055
zDBwmAMFzNkxkvDFit2gQ6C1Qmx7sSrK,9 0.0615 1813 321 1991 625
37KPDEnzuBUP18Q8jVbPToZEuhjqjrtp,11 0.8038 1951 423 2210 495 11 0.1560 1181 390 1537 477 0 0.0759 1715 757 1984 1054 3 0.0619 1274 1522 2479 1964
Em48yIxS436Oi5YrDTaMT40weBNle2Ws,14 1.0 0 0 1 1
pHNMofmTBRa1BbovFYVENLEXVMkaYQ5S,14 1.0 0 0 1 1
pX1fx68u9wqRdCj58pBMuB2jRZCgQLmU,11 0.9082 1341 119 1703 329 10 0.1607 73 2073 172 2213 5 0.0853 22 166 928 2148 5 0.0783 1475 450 2002 980
ATzYd6e7020tfudNBpzGZz9ZGd60GufL,3 0.7756 1003 1752 2128 2223 0 0.0585 1360 869 1682 1234
sSnolPcV6EVsttZ1xiluAyp2ZOSuk3hw,8 0.0849 568 1649 604 1683
sqXrEXqk0jbBhe4VpMcQKWf5usSpQ6uO,13 0.0854 1652 593 1946 889
cQvP41ZBzF89Do9sxsnLbHmr7JkyJzWl,14 1.0 0 0 1 1
R3OCK5QmabIMlOKkggbmMIyeJKIPzkn2,14 1.0 0 0 1 1
RzlyT9R9Vdh0ktZ4U74ql5FSmu7bmL73,11 0.7063 1240 459 1417 519 9 0.6901 53 1635 801 2247 10 0.6069 1891 2110 1976 2248
vFnijVxxYfJ2wVKpYmuD9Qf59sUdM64H,3 0.8409 1003 1070 1889 1396 11 0.0779 1671 455 1873 564
FzCUppTeGqdZZkUhSVTEPuYkVimLPwmE,8 0.2644 1517 975 1669 1144 7 0.2365 1504 950 1674 1162 8 0.0961 1521 1010 1628 1128
rXMOqXCrqKrvpr8jemuA4PcR1UG1wPeU,14 1.0 0 0 1 1
k4sYq47dnYtDElILdnqgJvetLRNDDBow,3 0.9314 675 1013 1596 1385 9 0.5800 3 18 218 163 11 0.2485 572 108 828 209 9 0.2250 0 5 148 111 13 0.1730 0 12 120 126 9 0.1095 13 13 314 229 0 0.0987 1007 422 1287 717 11 0.0702 579 96 880 268
BL1yBvN8SWPS9qWcgBlNeU3LC6UkWJyH,3 0.9212 862 1464 1946 1927
PSdm5YlFrTqAQkRVd1rgnYtYeBvmUyhn,3 0.9426 632 961 1429 1336 6 0.8751 247 748 777 1292 8 0.7869 1339 993 1542 1212 9 0.6808 73 193 914 1231 9 0.4784 0 438 851 2192 0 0.4709 918 353 1148 630 7 0.4570 298 704 755 1239 7 0.3604 579 639 771 1037 12 0.3439 96 70 837 1096 8 0.3269 1320 952 1597 1275 7 0.2557 1237 816 1669 1337 8 0.2326 1426 782 1554 928 7 0.2170 1196 34 1961 1000 7 0.2102 1294 914 1601 1252 9 0.1886 1115 75 1990 1370 7 0.1473 1288 803 1557 1036 7 0.1393 1579 23 1978 248 7 0.1361 1334 45 1967 585 7 0.1216 148 402 821 1382 9 0.1104 6 0 513 1271 9 0.1033 714 0 1114 842 4 0.1030 1344 49 1980 1016 9 0.0982 228 437 831 1133 9 0.0909 1108 649 1771 1355 10 0.0871 855 982 1679 1911 9 0.0845 1418 0 1961 241 9 0.0823 1425 778 1555 927 4 0.0770 1288 881 1633 1254 6 0.0728 284 901 718 1213 1 0.0595 1330 24 1953 1135 7 0.0563 1397 724 1606 1011
qfz3Bz9F71g91UY1NnlT5IvYXcr9zRut,14 1.0 0 0 1 1
QiAZRTX5x9vBc8n3vf3yVwT5mHBdYQM6,9 0.0512 1407 105 2203 650
LgEQIGWw8rtqHcG6FzDnXhoQonZGZuEy,0 0.1282 987 657 1263 983 13 0.0536 240 1325 336 1386
MMi9m16pA5CJ1EpvzdyI4mbSQocJvl3M,11 0.2876 676 381 942 456 0 0.1642 1150 627 1376 885
RMiCy4I3aoATzx09cyRrjtFFIQagl1Gx,0 0.3255 1043 712 1256 914
KoloLBB9DkYrZyT3k9VgmiWdnp8TzJhq,3 0.7776 699 1359 1565 1776 9 0.3132 735 974 1048 1873 11 0.3045 306 304 622 559 9 0.2997 174 1480 630 1807 11 0.1009 455 331 788 418
J76Lf8gMduYVw9uqHmoGcKCS8vk9cgpQ,3 0.2679 720 1316 1707 1744
XssFw8nZo47s2CsnA6tDwabsWf1RNbp7,3 0.9207 735 1139 1556 1534 10 0.6687 246 1429 329 1608 9 0.6019 209 1243 890 1648 11 0.4444 672 308 894 372 11 0.4192 240 1456 333 1611 7 0.3158 698 935 886 1265 9 0.1847 866 532 1176 1367 0 0.1791 1044 581 1272 818 10 0.1528 251 1487 321 1572 9 0.1140 220 1287 914 1938 9 0.0673 837 529 1076 1180 11 0.0565 675 335 854 378 10 0.0559 230 1380 345 1640 13 0.0517 225 1193 824 1594
NKSB6CmdaJIULZfEjBTLGf1ssd17aeFX,3 0.8419 692 1348 1639 1742 0 0.7751 1028 720 1283 1008 7 0.0700 66 597 608 1848
WI7j528nfMfdQVKM9EWDFom3xzYm22dp,14 1.0 0 0 1 1
Z4E7B6UrNnYHMVBOkwLrcUZiYE0B7R8G,0 0.0813 1161 950 1431 1251
hXet8USg6OocuVoNXDaNUrNC0XO8fMcO,11 0.2710 494 279 726 425 13 0.1723 0 554 220 935 8 0.1273 321 1650 390 1711 8 0.0654 717 2417 934 2582
Nd2KUDAzSMdE2cwIaMtTWCRyPHRYLao7,0 0.2878 1258 796 1569 1096 8 0.1594 475 754 924 1341 2 0.1409 434 756 925 1355 13 0.1398 421 790 948 1376
klRD2XL9uMOf9KAMMilDiWwfaVlHFTzN,10 0.1961 252 1894 303 2000
VOaMVe2UtLSV0rH5HvTCsJJwxSb9xaZ0,3 0.9976 892 1616 2157 2060 0 0.9891 1414 967 1722 1334 8 0.9217 430 1800 490 1855 3 0.0653 1314 1574 2123 1977
p5Q8Uf379T4qWRSsdVT7bf6Kt68fbR1J,14 1.0 0 0 1 1
Bizdu1FfVK95hmoGzFDaszzhH6X5jbAA,14 1.0 0 0 1 1
7tUQjHcJEvpjTePkfCL34ol0gztsXnNy,0 0.9024 1806 637 2112 989 7 0.1167 809 1382 968 1563
dc8WvWYz3Jo7PttD2s9ETYnYzULHv1nK,14 1.0 0 0 1 1
1TpZ5Xv9eE51NWhjdXKBtnBszeGDnOeX,14 1.0 0 0 1 1
LoXeQ4Qic6tll5NyhmnIMOd56lvioLow,11 0.5789 885 375 1244 501 11 0.3374 1856 298 2130 387 11 0.2716 1835 275 2215 404 11 0.1733 989 373 1212 465
D43i2A5KzIetskoo9e4NVyunMhGudFa8,7 0.4998 245 566 943 1795
610MCGv21HWSYDDlwxCToYwk4ke04pWN,3 0.6648 660 1367 1595 1793 0 0.1025 1053 684 1295 950 9 0.0669 86 1574 819 2398 7 0.0542 0 147 760 1585 8 0.0532 304 1455 399 1555
H1Mit0O9WfFEQq3a2IJKo6glB0vjtUTr,14 1.0 0 0 1 1
5Kc8cw1woACHcrZCqQ6m9tAxtCk9RyB0,14 1.0 0 0 1 1
xHFXkmwYBDNBKQYf6Q0ne93t6LewAPGH,9 0.4289 486 250 814 550 11 0.1324 491 288 824 553 0 0.0711 825 578 1246 1027 3 0.0695 737 1171 1510 1434
ym0TQzVMmp7AqKhE4HGMfbH9su11pwNL,14 1.0 0 0 1 1
EDhkygHT4k8V0BNUDXvcYQnkayWJf0WA,8 0.7886 461 1534 512 1586 9 0.4893 379 960 850 1664 9 0.2906 475 1162 841 1611 9 0.1996 40 688 667 2336 9 0.1882 0 71 883 911 5 0.1881 229 722 884 1757 3 0.0702 759 1435 1632 1661
akPTkQ5P2HVmGreYbDt2iAIfiLbWA3vj,14 1.0 0 0 1 1
8tmjkFM1ShQq0KAMm5uhqwwu86bbBAFO,14 1.0 0 0 1 1
j8sxWarGAkFuaoxxLu0W8qQMskOoW236,5 0.0563 224 772 918 2246
JAcygNip8gZ7Mgy6RcNeTydW171Fq6o4,11 0.1337 797 275 1077 373
nRd2CxByG3TaewzqGkx9fvdNWou2AF88,7 0.8154 1054 328 1728 1532 3 0.7603 644 1212 1484 1605 11 0.4281 1122 288 1406 395 7 0.3705 122 501 863 1761 3 0.1538 518 1415 1793 2232 9 0.1353 0 93 672 1694 3 0.1074 1379 1094 1966 1730 7 0.0938 1277 474 1994 1543 9 0.0930 1446 300 1979 1761 9 0.0921 24 287 366 900 10 0.0844 1579 383 1980 1139 1 0.0834 1405 426 1941 1556 9 0.0750 1637 352 1983 1138 4 0.0655 1086 282 1752 1546
znBPYiBQaMjICS3t0IdRTekPcL3fqRFJ,3 0.9907 1067 1511 2300 1945 9 0.2125 812 0 2349 263 9 0.1618 1868 4 2293 326 0 0.1170 1422 752 1770 1159
mL9sdLaSz6lmw7KCSGUHueUu5ypLQuvk,14 1.0 0 0 1 1
Ni0o61oFqp1W6JFwz6zZ3YRaAwbjh9zV,0 0.7507 1499 516 1806 843 3 0.4445 1106 1248 2154 1566
XmsopLS08bQvY7NoAixwLlg6POZSSg62,3 0.3326 1035 1475 2128 1948 11 0.0927 2328 1791 2478 2032 10 0.0776 2306 1796 2446 2036 1 0.0538 2291 1781 2457 2032
IE0Ck86CevehEwdf59WWklYoX2rLyDoq,0 0.8376 1278 647 1577 945
O1W0w4vdp0sOIiw51dVEreNwQlngVPqH,11 0.9927 1329 217 1752 397 11 0.1490 767 255 959 322
LNVOUC5nHVkYT4Cl0SxMywmEzxV6G3K0,0 0.9929 1059 710 1337 1026 3 0.9911 674 1403 1675 1801 0 0.1266 720 725 1365 1378 11 0.0516 1377 362 1611 519
gUvAFBKInRcS0ZjW9tXUTDERdyEaUHXJ,7 0.9077 278 819 800 1509 9 0.2163 352 866 799 1474 4 0.2084 246 830 791 1506 6 0.1770 328 822 804 1530 9 0.1126 486 1044 742 1391 3 0.0995 203 1520 1963 2274 13 0.0870 1374 970 1615 1123 7 0.0840 331 1093 701 1462 9 0.0654 4 29 237 407
1ONajnV4RV3GhmatpQZWYZzy1i47tein,14 1.0 0 0 1 1
RSq2MshTMh3E0pu8CyinXpMvo7YrZvXZ,14 1.0 0 0 1 1
anUIF9tY5SNudYUphKiIYZ3586wzgjDO,10 0.9898 84 2058 238 2234 10 0.9721 1837 2197 1972 2372 0 0.9267 1117 550 1357 832 0 0.9093 1095 915 1345 1167 10 0.6553 94 2058 174 2203 11 0.6104 1225 254 1467 338 11 0.4929 105 2072 201 2190 11 0.2423 1851 2233 1958 2370 0 0.1717 824 822 1343 1289 11 0.1416 87 2075 223 2244 10 0.1393 92 1902 1040 2487 11 0.1165 1236 287 1513 367 10 0.1131 1863 2232 1960 2345 7 0.1109 1225 241 1517 397 9 0.1021 371 1785 1090 2520 8 0.0963 1135 919 1359 1184 11 0.0938 1253 238 1564 359 11 0.0921 635 268 920 340 10 0.0919 74 2092 306 2329 7 0.0804 92 1976 587 2416 13 0.0800 217 1131 427 1199 7 0.0772 110 2028 375 2401 11 0.0731 1871 2248 1942 2336 7 0.0715 91 1819 1083 2490 10 0.0645 90 2066 446 2374 9 0.0637 1549 377 1636 489 10 0.0637 98 2091 157 2177 10 0.0614 100 2010 579 2477 10 0.0563 106 2102 192 2193
NFhEpjoLgqy0WDa0yTX0sBRPOrNGKBI2,0 0.7807 990 604 1253 873 3 0.6570 683 1283 1579 1670 8 0.0977 515 804 593 877 13 0.0649 570 516 824 891 6 0.0524 487 497 865 1067 7 0.0509 22 256 726 1530
DCfjpQw1ZNH5vLr550UUZVwacJvT0k7g,5 0.8643 150 177 1123 2203 0 0.8439 846 517 1514 1276 10 0.7544 1812 2262 1918 2447 5 0.7378 1212 362 2075 2458 5 0.7120 387 406 952 1255 5 0.5587 1490 693 1989 2140 8 0.3611 767 610 827 673 5 0.2524 241 166 1945 2374 9 0.2396 1008 216 2037 2566 0 0.2142 1057 524 1503 1072 9 0.1839 202 127 1805 2501 9 0.1513 825 388 1443 2413 10 0.1475 220 1901 620 2191 11 0.1249 1817 2295 1915 2438 5 0.1184 1591 897 1962 1862 9 0.0790 226 1862 802 2164 5 0.0698 225 735 944 2104
qSKPbLzUZIMUGpOaazEUMeaJ613yyU9o,3 0.1758 687 1167 1567 1429 2 0.1333 1198 539 1243 617 0 0.0842 1024 476 1250 715
UqndOQRmTrCjGV2rhMuU3eIPqnhCO2a2,8 0.8069 576 1935 631 1986 0 0.6498 1087 752 1661 1373 0 0.4932 1347 751 1660 1186 8 0.1576 540 1931 635 2051 9 0.1375 1712 2404 1940 2660 8 0.1280 555 1939 632 2006 8 0.0580 512 1935 638 2110
aVTSHiInSIcVRx6AJtfsTD4nW37Coemf,14 1.0 0 0 1 1
f2laDvQgMCyJtXYExRIqczJbxpzQQuCA,14 1.0 0 0 1 1
A8Uil9IEybmxWhZzimk4WOWH2t6wJUTM,11 0.2245 1547 434 1908 583
B6mvgiBNtjYNEOnqJ3eqIvjnkVQQ6KoE,14 1.0 0 0 1 1
sVhMelXJmC0BMtZg6Xls7GYq7MGnL8Es,7 0.0894 1151 1468 1665 1889 9 0.0717 1079 1473 1655 1854
pNs4FZPrNacW2JCSS4MAQxyiSwT0OtEI,0 0.9060 1538 772 1871 1141 0 0.7898 1336 789 1866 1265 3 0.7419 1217 1642 2176 2077 11 0.3328 1736 495 1947 572
SfkAbLbv8UBs5PjTE9ghe1ZrIbL07GEX,14 1.0 0 0 1 1
71NnrRAn4MNON8kx7pevSrFKYPmgrMMo,5 0.4467 1534 384 2471 2234 5 0.2880 188 587 1003 2210 3 0.0735 944 1636 2155 2225 11 0.0645 575 298 883 485
JNbviPLPxFjsVIqb1TGuUkFR7P0qtKfE,0 0.9963 1251 645 1495 899 3 0.8599 1019 1303 1978 1698
xxjeB2H3m3ripaR2IZGGchRnfOORoFzz,10 0.5821 2368 2212 2455 2370
bqDtLqjrghcmluleIluo4bkJBLVgVFvR,9 0.8954 113 1712 697 2255 8 0.0982 1767 2439 1996 2626
r2NyUkNs6LMpwdvQhAJcwJ10uAnOARbM,0 0.6228 987 619 1266 906 3 0.2218 696 1241 1486 1537 9 0.1042 147 1360 814 1868
JALf0rzesDPfM6E9Hy2t8oJinXXW30Tn,14 1.0 0 0 1 1
TTC0vW0xTkVzJ1n1aIcgTzbDsUExtevN,14 1.0 0 0 1 1
mJCGcucft0qYKQEooz8mDdxjZGFOVwrL,11 0.1666 766 345 1034 435
cGGvvln7woq0rIwcv7AqkVuVkpsDrCNy,10 0.7811 239 2122 369 2323 10 0.0717 202 2030 393 2408 10 0.0684 259 2121 428 2367
VjjcmAdm8H9Yw3IkbfsSWQQaBGg659bR,14 1.0 0 0 1 1
vqJjDJPStX7fzSjEoc2QXygA34fU1S31,0 0.9662 1370 607 1754 1018 3 0.8367 999 1187 2203 1592 13 0.1148 516 703 691 789
st5SmkWeYiRwotg87etoukeSUgm0MVga,13 0.9959 150 1776 380 1882 3 0.9910 818 1615 1814 2109 13 0.8457 176 1721 721 1886 13 0.5365 465 1514 798 1719 13 0.3076 288 1665 810 1860 13 0.0865 131 1762 581 1902 13 0.0847 164 1813 327 1885 13 0.0769 334 1548 818 1787 8 0.0697 321 1393 442 1505 9 0.0676 81 1741 796 2170 0 0.0523 1058 0 1515 194
aQ2SBqClPb4GVqDY9VwUMGibdiJ9SURV,3 0.8882 711 1324 1546 1707 0 0.5335 995 669 1227 920 11 0.2481 1177 374 1375 424 13 0.0749 515 971 712 1184
nIRTjO5v5msurRjHcDtXUNfoqtariCgD,14 1.0 0 0 1 1
se5tLgjdLTsFVVujT7zjOO1Jyf8IwES7,0 0.9201 1101 852 1390 1214 13 0.7234 1553 968 1810 1198 10 0.6872 143 2087 294 2305 0 0.6163 851 854 1387 1484 11 0.4538 455 583 627 716 2 0.2872 1533 988 1768 1187 8 0.2203 1569 991 1755 1156 10 0.2144 165 2143 262 2318 9 0.1346 1536 960 1781 1180 6 0.1335 204 2018 464 2199 8 0.0600 1589 1051 1731 1182 7 0.0513 1520 954 1785 1186
IoSUgQaG5dHxzHnB37MhtKwD4JeLATOS,14 1.0 0 0 1 1
aZxft99QFiQxznvtcqDSrGMgcKl8N4Dp,8 0.5451 716 1720 823 1803 0 0.1121 1587 850 1844 1094 7 0.0859 714 1723 816 1797 11 0.0720 1230 338 1406 469
bmxlnLwUPCaftvMO4tdGe13W0JIJD7YU,0 0.8985 1062 665 1281 919 2 0.8108 1176 771 1240 861 9 0.5642 353 1460 821 1695 2 0.5622 1163 715 1246 861 3 0.4679 841 1324 1581 1622 8 0.4552 1596 1404 1674 1500 10 0.3101 321 1622 414 1765 8 0.2437 463 1419 519 1486 11 0.2068 1161 358 1334 475 11 0.1417 322 1610 437 1771 9 0.1401 290 1461 946 1866 10 0.0970 329 1599 459 1790 9 0.0819 283 1422 1015 2242 11 0.0557 1138 375 1298 516 9 0.0519 144 684 372 1794
lNTKWTh3krWUsRX9tCJa6WAAsA1dCBDf,14 1.0 0 0 1 1
gsm1lfZbT0xTFOb9psxH3I9umgpywsN8,3 0.3425 738 1320 1588 1797
AB3bJ7MojlgVD8i6YN1fBCgpmf4CvO3p,3 0.9975 787 1404 1817 1805 0 0.9836 1149 788 1432 1107 13 0.2484 1708 1473 1991 1806
Vboh9DnbNDVWAoXn22R9ZBwY3WOZxWKz,0 0.9986 1209 687 1646 1181 5 0.9630 213 1047 759 1850 3 0.9331 723 1541 1835 1957 7 0.7749 1699 1455 2208 1859 5 0.3854 1759 1534 2093 1800 6 0.3617 1759 1480 2206 1866 13 0.2952 268 1039 496 1159 0 0.2499 825 648 1657 1508 11 0.2214 1593 228 1887 493 7 0.1944 270 1049 380 1154 8 0.1334 527 616 625 724 9 0.1042 280 1046 386 1151 5 0.0943 163 670 857 1955 5 0.0528 291 1225 720 1724 6 0.0524 1771 1564 2096 1817 8 0.0523 283 1057 371 1152
cIRJg51wm7trTTgEEO6xWIvtMPQJRgLM,14 1.0 0 0 1 1
QJyUYt0P4EXQ3VZbczcB7janvzTXF8J8,0 0.7550 990 569 1270 921 3 0.3333 666 1198 1556 1441
lztB9plvJ6iVoznadyljrlRbm20ftoxy,0 0.9896 1247 663 1544 999 3 0.7957 996 1429 1988 1817 0 0.7163 962 631 1577 1200 9 0.7137 1060 519 1345 1279 2 0.4260 1311 700 1504 944 13 0.3608 1955 1627 2062 1700 10 0.0618 2094 1836 2226 2059 8 0.0535 1728 1605 1771 1676
RuxMx5fHFy3lBUfaRWeYPqWYY0xaR2v0,14 1.0 0 0 1 1
sFwpKcUoc1isiWUisyTLqmyvWnRt4MSx,11 0.3627 594 441 789 551 7 0.1648 413 1241 827 1646 3 0.1468 748 1380 1514 1771 6 0.0994 409 1154 859 1703 11 0.0911 630 439 864 530 4 0.0895 412 1208 867 1624 8 0.0843 604 1431 802 1598
VjIVNfygVXRqoD5rVqr8s32z7YwQ90g9,8 0.8194 302 1545 428 1653 13 0.6552 193 1060 347 1118 0 0.1314 1070 591 1400 938
I1hkxgpeNgQYBLIwUgvhI1sQjV4Vip80,7 0.1177 1676 1018 1752 1135 11 0.1075 1161 214 1448 322
qe75hYK4GOS65VoLndxt9lx67ftZktLb,10 0.1386 2474 2341 2541 2487 10 0.0507 2454 2321 2567 2530
x89phItsIrPT9Vg2YaoSu30T1Ggh4GtM,7 0.4014 2226 1982 2335 2100 9 0.0961 2228 1982 2327 2095
q29PaMuMbpwCVw17ClQJNNkGSAnGC3ki,14 1.0 0 0 1 1
0JvPUilgmf8R9c0ZJu6ixcWIWiaLjYQV,14 1.0 0 0 1 1
REMEOgFEiTcXbAN0kYHikAzOkLOS7zhQ,11 0.1966 1143 272 1427 359
XbwaSLTxd63ehE4y2mXCxeYUyABpXVCg,9 0.4625 2114 2592 2175 2691 10 0.4374 205 2524 345 2723 11 0.0664 191 2496 386 2762 7 0.0502 1416 404 1605 602
xQMqGCVeGJOt2dN8YzWGbOSvWrxwJIbB,11 0.9217 487 381 811 545 11 0.3563 1489 398 1706 580 11 0.0695 512 414 697 544
RCm4sTB4JCzxwAELqrrUULB7G2snEyh3,14 1.0 0 0 1 1
apYdltub8b2WrCrbsZ5h4xGFO1m6NiVh,9 0.7888 1270 1721 1677 1877 11 0.0765 1325 409 1599 470
jzyHwRLDWytxHDHo6aRBMGguUqN3mSsT,7 0.3508 502 1166 873 1732 4 0.2358 539 1176 921 1752 10 0.1864 380 1751 885 2304 6 0.1584 520 1283 866 1729 10 0.0778 354 1869 890 2152 7 0.0715 387 1189 919 1974 6 0.0528 386 1232 898 1974 9 0.0515 432 1177 897 1846
NlSIqK3nC9icZenax8mVbJ702XQbZVuf,3 0.2089 917 1414 1975 1953 11 0.0515 762 346 994 412
V2vcgvMRHubkWzgYdAjGYNj61xYsUPDe,14 1.0 0 0 1 1
FttcWGEZUpKeyo4GDJflaWKtwyAsD5sM,3 0.4750 729 1214 1579 1613 3 0.1619 688 1357 1626 1803 9 0.0730 1171 1005 1450 1415 11 0.0547 487 297 745 388 3 0.0508 562 1462 1805 1994
TGliXwz7Wib4DZmwsMIfMHOm85Xf5HPX,0 0.5700 1004 547 1213 767 3 0.3174 696 1364 1499 1647
IjydSJuIdZ0NH38QoG0Qt4R5clEdCjS1,9 0.3371 0 1761 581 2511 9 0.0592 0 1876 369 2270
EKKQJfnoic5L0FbAKPwmfJxRqr2vC8dc,14 1.0 0 0 1 1
x8xEfQKi44K7C1j1t7FvIInEmlW4SFKA,11 0.6442 612 240 981 415 11 0.1218 668 254 936 352 0 0.0678 1169 631 1418 925
4I18N6nQIXjjvYkSAsgmK9EGGauoYnat,14 1.0 0 0 1 1
FdaZ80YlgKxjigo7er492UQQ9UdrEeHJ,10 0.7535 2140 2189 2213 2316 10 0.3825 154 2254 231 2394 9 0.2267 174 1866 864 2359
jMOVmpWs44W6egecQFPYX3Hxh6Ho0h8A,10 0.5059 1630 1848 1721 1987 10 0.1845 1597 1858 1709 2022
s8nMDlP8FOmP02kt0mlmj0z26KfRvggt,3 0.1805 142 1346 1947 2406 3 0.1180 830 992 1546 1265
CtZcBjf8nGuc344rH4LOwJM8ftoNObAZ,10 0.1453 1788 2007 1881 2190 8 0.1040 1749 1880 1776 1911 13 0.0807 373 568 826 998 11 0.0575 572 374 931 463
pU8thXiPWn4vcB84LucWau1sZ9ujGXSo,14 1.0 0 0 1 1
NHOaUfgAAL21D35gx9ADefZqG7ptqGJK,3 0.1462 1018 1477 2130 1911
UkRt6Qdej9g1JVgZjhqZG9Rusvy2R3VQ,10 0.9106 116 2098 249 2288 11 0.8977 108 2094 245 2304 0 0.4711 1071 748 1409 1193 7 0.3586 1495 1711 2120 2309 9 0.0542 1457 1725 2090 2302 11 0.0505 1389 389 1585 477
NAAcmgtUzpEsHsB4sMxoVSQUsC8Zbp51,14 1.0 0 0 1 1
sqli3q5rg3D9qRlHCS4LKbEeqBQZVUst,14 1.0 0 0 1 1
qlTd3Wp8oI1oWqpAiqkuSx1YR1spkceu,14 1.0 0 0 1 1
iWUH9F6OYRfvxwTOtshqZsBUoe6hSpvt,14 1.0 0 0 1 1
9QhpsilErZLnElX9CW6OxE4QDnBE6lFy,14 1.0 0 0 1 1
aW4WMliWPon60p7OwnMRQza2PV11kHeg,13 0.1660 834 811 974 1030
g6N7lSQuzYN6QZjmsSmC329QCZPJxAa1,14 1.0 0 0 1 1
UAPjtE2UzlNbKjmb1vOqiwhowAOPwMKf,3 0.7082 1279 1382 2378 1788
NjpTbMxbO1X7j8Gb1AMJHGviILErOo15,0 0.0596 1680 504 1961 854
JCQsKpQJVbQJEbqT98ttk9QonUW9c9Kf,8 0.8634 631 864 667 895 3 0.1516 648 1299 1398 1637 13 0.0959 402 1428 461 1544
4hnAtbIxGqAZpwGAiInUqogNGNqxkuPm,14 1.0 0 0 1 1
1f99IDVzE272rl4IHEyV4XeWnBnVp4U1,13 0.9518 669 407 798 636 13 0.8645 656 391 832 725 0 0.0584 1066 706 1296 994 0 0.0515 967 0 1450 334
F0fRYAnL7qMSHJrANfNqP1hEUVXLwkpH,0 0.5722 1307 607 1571 951 11 0.0973 664 93 1060 233 11 0.0699 511 79 973 337
F28KWODtgsu8yJCPq85KjiJqkqgecXbC,11 0.1191 565 319 886 415 11 0.1050 448 304 761 483 8 0.0867 1515 2081 1601 2192 3 0.0682 763 1277 1573 1803
REhuseCd79sJZAlp5peFUFI4lyD8GdQP,0 0.9725 1239 585 1518 908 11 0.2612 748 143 1072 284 7 0.0788 962 185 1108 361 8 0.0682 1868 692 1937 771 2 0.0601 1870 692 1942 773
bKexJzPUce6gbYLmGA4gxSGN6Yg53J4e,7 0.2156 1322 1179 1762 1743 9 0.1787 0 682 982 1593 7 0.1592 396 862 1144 2140 9 0.1383 5 820 1181 2207
EA3azdbsS1dnUidqfEQ7eir2ElrFoV4c,14 1.0 0 0 1 1
AyxdwkVamClq5fW8tiIM9THnvxQC6swF,0 0.6379 777 506 1375 910 1 0.4618 1706 1449 1962 1643 13 0.3604 1788 1499 1905 1574 11 0.3038 1416 205 1759 490 5 0.1646 158 891 705 1412 3 0.1404 675 1204 1677 1619 0 0.0932 1039 520 1354 868 11 0.0906 223 172 759 616 9 0.0904 1820 1489 1963 1689 1 0.0752 1774 1477 1915 1592 11 0.0524 1801 1468 1973 1702
NgcUWiT6p528ecfOlHd0MOAFjcwqDbDI,14 1.0 0 0 1 1
CtI3VxvGVDAZzVhhFsTxBOok2LlnxntV,5 0.9157 1950 1020 2568 2126 5 0.1732 622 939 1330 2061 9 0.0677 1999 1093 2527 2035 3 0.0524 1206 1712 2273 2142
PMzkcUupK9giGM0RMPyQ25RV3RdebQ3a,14 1.0 0 0 1 1
SiWkjuq77huPBtXp9tv3zZ5qNjWXqPqq,10 0.8924 1743 1393 1894 1681 10 0.8078 1579 1344 1894 1771 0 0.2355 1100 666 1339 972 11 0.2142 1632 1382 1931 1820 7 0.1199 1398 1323 1832 1629 10 0.0812 1663 1433 1902 1726 11 0.0661 1718 1388 1902 1741 10 0.0589 1392 1282 1897 1836 7 0.0527 1453 1350 1900 1776
nRxm6w6po9AMm9tco292njDEaSb5qc47,14 1.0 0 0 1 1
8juNzHxiveyjfcX9ewDVAYAVFAawWnQt,10 0.6967 180 1796 284 1939 8 0.2020 1580 2038 1701 2171 11 0.1676 189 1801 295 1987
5IrlELaXToSv8m8tVtw6Z0XnhnZ1Al7T,0 0.7058 992 11 1542 320 3 0.5491 749 1657 1719 2115 8 0.5453 406 1737 457 1791 11 0.4604 1176 703 1590 870 11 0.3514 1180 746 1478 852 7 0.3220 1283 425 1994 1152 9 0.2439 94 0 1994 834 11 0.1958 1156 602 1843 1042 7 0.1355 1160 694 1626 928 0 0.1329 1054 1069 1359 1420 11 0.1303 1160 687 1678 964 11 0.0731 1195 697 1491 806 0 0.0661 793 4 1646 469 7 0.0626 1299 763 1601 995 11 0.0577 1331 739 1716 992 4 0.0533 1200 325 1981 1288 7 0.0501 1161 734 1462 858
lRf1yR6eh0Y7C9kI4C8X2Odzvf9yM7Gv,5 0.1847 233 1027 788 1333 13 0.0642 250 1024 844 1297
DVd8HFkrVNyLy9NfKoVKHKR80wUTYC37,3 0.8801 692 903 1589 1291 7 0.4097 296 729 809 1132 7 0.3554 125 380 913 1211 3 0.1305 50 1615 1585 2364 10 0.0977 98 441 819 1494 9 0.0955 18 178 1061 1208
NxKdG1heYZu9E5XGzDCBz2fycIsCOBbg,14 1.0 0 0 1 1
4s25RkEgSEonkMF0ia8FEL2K75gt1A5g,14 1.0 0 0 1 1
hANKIhv57gAO7XMaaKqK8roQ0RzZA49M,14 1.0 0 0 1 1
Xsknz557TSUW0xytxGxznFZKdCTjpG2B,10 0.5888 174 1781 251 1930
xcA25qB8hIxZ8TZEjpdaABsGSYlHE7LF,14 1.0 0 0 1 1
L4ROYFCTbbgJuLg6pqYQ4f3e95bVTfQp,0 0.6974 1338 600 1584 875
ET6FIVfb1Jdig4jjVCwi4tfuKEpl8as0,10 0.8722 2117 2101 2262 2251 11 0.8592 2149 2137 2244 2245 0 0.6539 1127 767 1469 1131 10 0.2444 2145 2158 2241 2247 11 0.1911 2157 2170 2230 2256 11 0.1661 2119 2119 2263 2269 8 0.1378 1927 1599 1975 1646 13 0.0574 2081 1606 2154 1659
BWSlZFo1xmBc2ocuoFEsf2Wxv7WHVBpH,0 0.3470 1004 705 1296 995 3 0.0764 677 1310 1550 1687
lRTIDkElDJAtbzxgJhSbKcOD9ZSwu8tC,5 0.8589 2057 1703 2572 2097 11 0.6214 2070 1719 2611 2159 5 0.4032 169 363 1135 2084 13 0.2437 1965 1721 2626 2090 1 0.1579 1866 1735 2569 2136 6 0.0717 2054 1748 2557 2092 9 0.0667 1945 1761 2579 2101 9 0.0554 977 217 1394 996 5 0.0550 1778 947 2612 2099
soxwy9qoeY2aulnjdurtRhBggxY0SkiH,0 0.7055 958 713 1194 959 10 0.4623 106 2132 225 2279 11 0.1986 510 497 671 552 3 0.1935 691 1602 1541 1968 11 0.1009 1154 524 1371 574 11 0.0934 554 519 739 574
Dij5r8M1s8QAJ1Hpn7CbrNweWZYvh9zc,0 0.9873 1030 657 1293 952 9 0.9009 152 1474 1016 2373 10 0.4377 1848 1878 2011 2099 11 0.3006 1844 1901 2001 2083 2 0.1883 183 1523 913 2338 13 0.1693 186 1367 1005 2361 9 0.1409 325 1358 856 1610 10 0.1306 1893 1934 2020 2092 9 0.1099 41 287 1092 2450 11 0.1011 1863 1892 1971 1990 7 0.0766 1803 1895 1991 2079 9 0.0711 272 1963 892 2416
dL8duACherUer2vMiUbjNZ2edQaxdUhD,11 0.0939 1362 504 1589 790 9 0.0674 1298 455 1660 1064
qP5U1w7FVGbU4Q83GZl0j1xQYZ78Yq38,0 0.0668 1055 0 1391 183
vunlXt95txHIy8bDVaXf7ZjfrH1fVErM,14 1.0 0 0 1 1
c0d9b7cdJypOijqdbow8r4woc7lPPg8a,3 0.0885 725 1127 1586 1554 3 0.0600 70 1634 1994 2389
n9SNhtL8GWeOs8YzahVdEQ9AkFJfcGi8,10 0.7886 702 1813 822 1995 13 0.6808 1459 484 1633 655 0 0.5119 1815 854 2107 1098 11 0.3801 1236 413 1675 537 11 0.3756 1314 425 1618 493 13 0.1219 1391 458 1610 617 9 0.0948 1531 891 1836 1936
fBiA68G9VP6ENv0WkNCeIdh07Ym2AJOQ,0 0.6202 1376 1160 1709 1547 3 0.4421 1018 2069 2160 2543 11 0.1861 688 750 819 848 9 0.0703 0 397 390 604 9 0.0684 0 1897 95 2326
y1WHrCD3TWRk242IhogHZdbqfDUgHxf3,0 0.4450 962 361 1201 641 3 0.0724 616 1050 1390 1516
cTtomsK9TpB0PDndlIipMt9hNPh2loVg,14 1.0 0 0 1 1
aDQ0uFQC5KoBojgPrH33zkKlk1xdofS7,14 1.0 0 0 1 1
3BAknaYpAJl7DF7uLfPHgnUNhvPoSM3R,3 0.7931 932 1723 2066 2196 0 0.6766 1380 834 1706 1133
Bc6oq4u3fGlyz0X9SdR08NuUXzKst9tE,9 0.0547 724 644 1161 2125
PygLdPppwggIRdhqgR0H72lxtOzfBKJf,8 0.2199 1651 963 1849 1146 11 0.0569 2049 247 2255 395
45IclcgkzBQWQ3XQhPmtPJ0uMgnjpLIN,9 0.2014 813 1720 1104 2180 11 0.1390 850 344 1095 403
tn8yUYuQYoViLj01BavLBd5oglxnvlCn,0 0.1929 1686 807 2014 1173
KaZynPA02YCD8i2UYxVLGNIeo2uFYJYl,14 1.0 0 0 1 1
rro7EwAQymUX8o397SJ4ZcBJrMDdpJMs,3 0.3767 1347 1250 2323 1720 8 0.0944 332 2495 815 3009 9 0.0585 391 2497 760 3030
Mjtq8sVbFYxEkmLtCT1oO1OWfTZOAMqG,9 0.2335 650 0 966 446
tqeodBzjw2PY8NydKxI4FlrnI0ad6AmP,0 0.9122 1086 781 1335 1019 8 0.8651 1562 1560 1633 1642 13 0.6747 649 757 732 852 8 0.5432 1523 1566 1635 1715 10 0.3598 1864 1955 1903 2045 9 0.1511 1528 1559 1639 1710 11 0.1251 1176 389 1601 567 11 0.0672 1321 412 1549 493 3 0.0579 762 1615 1578 1885 9 0.0555 1566 1566 1634 1641 7 0.0523 0 322 537 1049
6gG0NDceHyncrPkVyL24YAz6ExGFQsYT,0 0.9680 1101 559 1342 842 9 0.2156 862 654 1210 1799
ZSWY0KUXLrRhquz71bk98ex86lGmv3id,0 0.9482 1097 736 1350 1012 11 0.8227 1191 437 1439 510 7 0.6837 1615 1567 1710 1681 8 0.2288 1618 1581 1709 1672 11 0.1882 447 399 653 577 3 0.1056 742 1539 1681 1927 6 0.0562 1580 1539 1800 1761
bQjFyXPIOcaSr99JJ5fHyGL0TPe3FZqt,8 0.0522 685 765 720 794
wtfnfLn48OrzhBYmNZ5jMfFM8m8lBaT9,9 0.3785 0 656 572 2035 7 0.2940 28 753 615 1854 1 0.2890 319 1303 697 1744 0 0.2633 30 751 516 1493 4 0.1809 87 1274 765 2106 9 0.1429 0 881 402 1807 10 0.1391 180 1951 258 2084 7 0.1225 109 715 553 1405 7 0.0995 127 1233 696 2093 0 0.0889 748 12 1418 398 9 0.0800 150 1310 666 2113 8 0.0727 120 744 541 1404 8 0.0717 962 7 1098 109 9 0.0673 329 1338 666 1783 8 0.0670 16 755 626 1873 9 0.0652 311 966 507 1125 9 0.0625 850 5 1466 357 13 0.0597 343 1332 676 1792 13 0.0570 5 714 565 1861 9 0.0569 35 507 1002 2066 6 0.0515 47 702 591 1538
bDiBvDq8cRpvT6S0Kvt2ep1i7UA4ZRYy,14 1.0 0 0 1 1
Ia45vh78US0DGZhCzsgAuIsOB5TV7E08,14 1.0 0 0 1 1
hqUvABA1JbYP4wAJq2q83olAhRVRkBW1,3 0.3499 815 1165 1742 1646 10 0.2066 325 1666 381 1773
h3nxKSTKwgfYRMjoTfCSdliEfbeen9I8,11 0.1004 709 114 1039 207
TUfuWlQjiRQLNwRyLwFOpwYMFG4VosE4,14 1.0 0 0 1 1
da5QeCAhQ4sxGdE8j1Iay6gEvVJv9GSu,0 0.8680 1189 803 1444 1106
N9NCYYKgDXZXKKE4zKJZJUrc1k0dqNbA,7 0.4244 196 1702 678 2358 10 0.4202 226 1730 378 2102 10 0.2482 229 1731 697 2325 10 0.1711 237 1745 541 2145 11 0.0825 215 1770 375 2076 7 0.0676 240 1771 548 2205 4 0.0501 200 1693 849 2335
BjeYcvKhLVGqb9fXyLv6c0KV1OBAzxYK,10 0.1783 2571 2209 2607 2269
cEE4pJKIbQLGpvgKRr4aaRAaQnBY9atE,8 0.6306 434 1055 510 1138
RiwH6AZ2TEKAzjPrKv3BnH22MQeCeH34,0 0.0552 1330 959 1694 1387
7dL9ptv6nWRHakysOcc41itTWSaNodyA,0 0.7275 1192 746 1423 1052 8 0.4254 780 769 825 817 3 0.3066 873 1285 1615 1565
YHLcz1PmUvCnNyxGVwaj7QzfIUWW6UBE,14 1.0 0 0 1 1
pZJmlR6X3ttHgvGU365WZWDQRKBtnaaU,11 0.3690 513 319 797 423 9 0.1717 49 1663 804 2393 3 0.0886 681 1316 1507 1848 0 0.0792 1027 649 1270 906
jvAgkUWOog6V9rB6Vz66kDe1H5aSIkLR,0 0.1031 1382 846 1675 1170
6PkubI0WKVITblAMKzAEgMGwUMPbaiJG,0 0.9734 1364 688 1774 1210 3 0.8784 990 1631 2115 2049 0 0.7374 1063 685 1782 1329
BwRgvzxDsRRvvXaxKBxyiTAJKJOj4dD7,11 0.9522 759 86 1073 214
ctg8t5VVwMQ1lKbA798HJqkuvNqmgxiG,3 0.9982 870 1581 2051 2107 0 0.9973 1277 692 1612 1053 11 0.7138 769 414 1025 507 7 0.3412 1882 1470 2185 2144 9 0.1642 931 930 1443 2255 2 0.1050 1428 831 1557 951 0 0.0509 890 658 1632 1227
3i2keFM2RxIcFd5Er844doT9gslcKeGh,3 0.8879 1047 1380 2043 1745 0 0.8829 1153 794 1754 1308 11 0.2482 1042 484 1251 549 0 0.1201 1460 797 1735 1112
uE24JOYvShMaNVW1g7Ls4ixjUGtl5k2b,14 1.0 0 0 1 1
hQGjwp1G7LvbWy2JyasDhJrCjTTtCq6x,11 0.2144 631 317 1079 448 0 0.0541 1343 639 1668 1013
wwWsurh6Q4F64YDgoeIODhtBGW7a1H2f,3 0.2819 707 1557 1547 1986 0 0.1384 1082 1005 1266 1208
4U6IQsPIJKd10wPf4SCY1vknzuZXUzw2,14 1.0 0 0 1 1
GjlRtG0BEkSoFB74XO9hgAyGDIjDezuh,8 0.6159 523 1312 560 1357 0 0.3206 1198 13 1502 267 3 0.2220 764 1710 1638 2026
UqdDn1hYQWNz6XVILiTJvaMUVoLMuWQ4,8 0.2827 813 431 914 519 3 0.1568 1026 1386 2111 2310
Sxn6oZ71FjuaNobt5aDEohVcCO2ZAKIy,14 1.0 0 0 1 1
m7LAxQS4fdP6scpurvXXs12FOD5niW4i,14 1.0 0 0 1 1
UkRuj3vhkdselyFyizdSDKhjXKT8GBKC,14 1.0 0 0 1 1
HrXjbtQE0B1iJ3aRIIGv9KTM5iIzbKdF,11 0.1698 744 359 988 456 10 0.1332 2191 2109 2305 2324
Qb32dJTtHARVbvSdlw5VEJQq1yrr4fqv,0 0.0561 1265 645 1582 971
yBNGudHAn9EAtJBIAJQB70dVuRMN4thI,5 0.0959 122 438 611 1391 9 0.0709 134 544 615 1336
gZ9pM54TpGxwcb2jybC8pk0iEb5r4Eia,0 0.9869 1162 882 1761 1394 3 0.9125 991 1568 2150 2017 0 0.5640 1318 863 1855 1872 0 0.2451 915 855 1791 1607 0 0.0660 1139 1169 1976 1990
N5ycg3bUWDuJHmPZNjhEjtLionmQ7M7K,3 0.3839 728 1184 1531 1520 7 0.0825 333 842 813 1441
R4ffdnZa5A0tke7TAtKhrySvrW1J0foY,0 0.3276 1166 777 1560 1189 11 0.1122 1565 335 1832 458
einTGYlXRCGd6HSbPQF9tJABS7jhflYK,13 0.3651 892 738 1098 846
hVQF3j8CMZO9qUo4eVshuifnj0S9vLpv,14 1.0 0 0 1 1
CIHn8ZwddGEvLiIOGrLxW9W5qSx5RRIF,10 0.1006 221 2534 350 2751
807B41sTTz1UI5gC84b0SEV6pR636jBI,14 1.0 0 0 1 1
5pshczTqIErRx3KO7nzy9OoYa9diJRBw,11 0.2082 1312 279 1543 354 11 0.0900 832 290 944 343
n8D0GZPqZGbiAGVDVHkRk4KSfrtwxlZe,11 0.3496 1532 421 1710 553
mzVnk0ZilTbLQnrF5jiRqS8SXxpUAvi0,11 0.1360 731 301 954 362
7lulKvcR63U0iYHPk6smjWG1LtFC5b2N,14 1.0 0 0 1 1
Vzi7Lnvkx7qq2WTiHvDt5zuBdI8xwx1E,0 0.0553 1640 130 1994 708
ozijIKE88cLRebZWeUJyPQn8wGdwytkO,14 1.0 0 0 1 1
2fGRskyWeIO5oxnXVEsKlXCnfPKkERSl,3 0.9846 913 1450 1834 1887 0 0.9238 1254 779 1520 1124 5 0.2660 1764 1287 2029 1950 5 0.1342 382 1033 841 1883 11 0.0637 1599 453 1789 605
Pk03Zn1ZcwT2tIJwdF4t1ewUSCdqIjQx,11 0.3153 611 622 1146 805 3 0.0674 1030 1940 2402 2553 11 0.0565 805 629 1110 741 11 0.0514 1760 527 1989 631
NizjryFGZPIALqaNaNw6SOzK70xhm7lJ,3 0.9697 967 1537 2145 2112
esvFbFk7ON4NPYZfAPb9vs9FkIyk2YgY,14 1.0 0 0 1 1
uSKZkXOrEK56LgNJJdERYiFHnRAB0rqU,14 1.0 0 0 1 1
tL0UPj22GWFDp1rGjzgAOHo1XiKmWGa2,7 0.3848 542 613 766 776 10 0.2173 142 2105 221 2234 9 0.1396 528 594 755 768 8 0.1208 549 613 761 773 11 0.1099 526 614 819 792 13 0.1087 498 624 783 822
UE3vg179Liheh2UHxCeLkFOBTrP6UXFa,12 0.4607 1231 213 1818 804 11 0.0508 1282 270 1579 376
m5ySciNH6EihVMSe8YSBX24PBAZpvsPW,8 0.2101 1158 1946 1590 2446 0 0.1721 1169 651 1366 930 7 0.1238 1162 1946 1658 2443 9 0.0797 924 785 1291 2281
5q0cG9ysanKVsd7YVbporS7Sz6pJFNEb,11 0.9840 493 330 968 546 11 0.9783 621 344 939 448 11 0.1096 1542 272 1864 368 11 0.0699 1560 292 1751 360
elhPFLKTdQaxI7syVixKysBksN9KdQ03,14 1.0 0 0 1 1
6nSV36CxvnlZUVjpEqEPMP7vssYl1WtT,11 0.3289 612 216 867 278 9 0.1270 598 691 721 846
Z47W8oQVBI9gT50Ye8ZNTHGy46MiGIyH,11 0.1203 1113 594 1378 727 0 0.1181 1013 891 1263 1180 0 0.0898 828 1 1357 290
RIgMJgFcZBgO0pfTkJPpkadruWI4e1w3,13 0.9441 583 1512 893 1642 0 0.9047 1281 815 1556 1168 5 0.7154 407 728 1030 1998 13 0.4258 612 1541 866 1616 13 0.4189 495 1474 934 1661 13 0.0980 1941 1360 2072 1431 13 0.0740 493 1421 600 1497 9 0.0731 503 1435 968 1647
w69EHue9rciCkJZDmn076qis1vV44gyW,3 0.0636 874 1430 1880 1820
Sj4X4oDAe5rv1ZKPHiXdhaxe6UHI2fKq,14 1.0 0 0 1 1
MbZWie4LSgC80nkg3GvGQ6M14aEIZdtU,14 1.0 0 0 1 1
A5gf2m09EZXmup3LgFxWIq7kPxgSWaMb,10 0.2271 13 7 337 709 10 0.1633 9 1 240 372 8 0.1286 609 474 741 603 7 0.1149 15 40 436 555 7 0.0961 68 19 425 272 9 0.0901 0 1354 876 2377 8 0.0814 1273 660 1351 763 9 0.0701 42 0 476 222
AWvbWwBnCSf8mnqKljYPMAjJPIINqeTt,3 0.9998 610 1308 1951 2079 0 0.9931 1103 672 1434 993 9 0.9831 1387 905 1604 1209 10 0.9748 163 2006 274 2162 9 0.8427 587 1061 1144 2000 10 0.2445 173 2046 251 2147 8 0.2422 1916 1871 1989 1959 9 0.2248 760 278 1367 1629 11 0.1744 1305 355 1579 443 9 0.1676 860 284 1225 1298 0 0.1396 1202 688 1430 899 9 0.1241 1919 1875 1988 1961 11 0.1165 173 2032 267 2163 10 0.0762 142 1938 280 2193 7 0.0713 1368 911 1596 1208 10 0.0615 2075 2083 2141 2197 0 0.0613 574 938 1653 1739 3 0.0601 534 1335 1337 1997
3FwMps3vaJNfloO6YphOjxXcZuq5l3Ic,11 0.1750 1598 330 1882 412
ubLmqxFm0jguQMSd7teUDG85AOI4GvMA,11 0.4189 332 1646 563 1957 10 0.2975 340 1662 548 1987 11 0.2185 776 541 1014 597 11 0.2158 371 1703 537 1897 3 0.1201 796 1464 1606 1865 10 0.1062 298 1476 562 2046 10 0.0770 382 1716 533 1935
cYZWvgyyQ4p0AzNN9BafgRHZfxc4ohIl,3 0.8375 805 1241 1982 1736 0 0.3093 1152 534 1470 865
Lvh5LHHZvSPb9N6LVXv1Ez8NMf1XlTki,14 1.0 0 0 1 1
pECs91idd7jMXZzWGDq4sz13PuEbN5EY,8 0.9255 440 1188 895 1590 5 0.9239 1569 716 2099 1841 7 0.6924 386 1185 883 1604 4 0.5570 371 1156 920 1636 4 0.4255 360 1306 708 1608 6 0.3819 380 1149 931 1714 11 0.2773 608 351 861 490 6 0.2650 1562 767 2123 1902 6 0.1946 418 1472 867 1787 13 0.1933 406 1137 942 1697 11 0.0874 676 361 1095 467 5 0.0847 385 1422 842 1863 8 0.0596 520 867 595 946 11 0.0545 1469 394 1665 482
idOHzFYTSTxgrhdTH9GF7g0uSY9M5W0e,3 0.1853 1201 1664 2349 2138
8OnUQy7wKeoj4wgjjfNzzKUzoSqLrdxR,14 1.0 0 0 1 1
ugYPpdzTE3UolPdQIYF0pE6ApaDMk3Ke,8 0.1041 1621 919 1675 966 11 0.0817 532 614 890 719 11 0.0621 371 608 673 812 0 0.0611 978 9 1551 359 13 0.0575 418 756 588 900 0 0.0536 1029 2 1549 187 0 0.0514 716 0 1544 495
TbqE7h90sJy4tAbHIRjbWtElT3DWlBLg,14 1.0 0 0 1 1
gbeUH2eQANxQGsxNud9X59QhgqaHuQqI,9 0.1947 864 506 1252 2025 12 0.0902 1269 263 1856 783
Wdkwa3cCQM1saOjzjnXv14uGwxvWGgji,14 1.0 0 0 1 1
MHLPaXj5zVDurvOEI4k68NBpG6xlPvns,13 0.1885 1685 1659 2070 1771
arL9jeLLfJhwqmXe3bgEK3lt9dSIkAAS,10 0.3812 195 1836 275 1981 11 0.0717 564 234 709 310 8 0.0545 337 759 418 845
c58cNvHwYYUfEYL1UMoHGWMcVYABIRPS,9 0.3803 375 833 577 1054 7 0.2624 36 458 612 1839 7 0.2400 382 880 596 1072 13 0.0537 32 383 613 1825 11 0.0526 37 341 625 1340
fJz2IKSCYSGvKl2qvnw6BQg9l4vlgRlQ,0 0.9965 1286 902 1544 1203 12 0.8055 1425 609 2070 1448 9 0.3549 1436 733 2060 1426
W1HbV0Jr3p3l2ER2Tp9WtrTFGxAQUCFl,7 0.5322 429 833 491 898 3 0.4888 715 1458 1398 1722 10 0.3076 1567 1732 1633 1831 8 0.3076 428 831 489 898 13 0.2598 429 830 490 899
LrDqDrEZlTSWAq4GnzPSAHZ29KBPzeAq,14 1.0 0 0 1 1
Z15K7U65d3IgHnYteCEKijtof5ry5cPX,3 0.9342 725 1179 1786 1705 0 0.1554 1030 481 1287 767 10 0.1188 1802 1668 1948 1963
TmSmXOW02BKeRKWn5SzKzi8UD7s07Gxg,0 0.9580 1229 616 1542 968 10 0.1284 131 1899 196 2058 13 0.1071 2130 1746 2203 1798
eVRcMUR7pR0P1nonF9WyFR4dtI7YllNo,14 1.0 0 0 1 1
wwCn4hFWKc1W0OXl3PNmxt4wQTn7809r,7 0.3532 12 376 802 1482 2 0.3108 417 1582 505 1659 8 0.1552 446 1601 484 1640 2 0.1171 389 1563 521 1677 0 0.0656 810 689 1203 1254 9 0.0517 0 485 489 2410
SaB7ZSYNOQ2hDoltbs0yKBHr27Uy5uQr,14 1.0 0 0 1 1
0jwsYIszphjhfxxNKpWnKl8FoCZKY2Bk,3 0.9418 1421 1702 2418 2077 0 0.8874 1525 949 2158 1447 13 0.3318 1082 1629 1285 1751 0 0.1295 1764 976 2133 1349 13 0.0811 1023 1630 1362 1784 0 0.0518 1515 1005 2186 1858
aUhe18bFbju1ASUzk501DD4GbpvQTqWX,0 0.7125 1235 469 1561 878 0 0.3181 902 440 1583 1217 9 0.0509 246 1594 337 1694
CIKIk8qhh7AvdvUj792X2QZt0XHGad9u,14 1.0 0 0 1 1
l2XHLLjzmHCjQvOCGIrUCQMTrKfxVCi1,14 1.0 0 0 1 1
GAxfmompeXuFRZpG83GlohBNlJR1Wtd1,11 0.0546 1759 275 1891 387
CWsDDAa9hVbAIHuaPBctuxawiwVJK0CO,0 0.1160 811 658 1170 1320
OmJ4Gcnb7n0BUBj8VRIxovMFyMsfmSpc,8 0.6181 806 505 865 559 11 0.1780 733 151 971 213 11 0.1619 653 139 956 266 3 0.1177 876 1544 2103 2090
CP6JCoZYWIYJL5hvYPnzBVHdhbXsiOly,0 0.9922 1118 814 1409 1170 3 0.6464 793 1612 1719 2033 11 0.5387 593 447 858 601 13 0.1170 637 517 755 616 8 0.0877 742 924 802 979 11 0.0694 605 471 731 582
WuWuDHJSdyBRQc00y8uDh8cHklY6jXXg,0 0.8271 1161 1173 1410 1407 3 0.2716 866 1791 1696 2071 0 0.1774 1226 5 1590 193 9 0.1556 0 318 874 1258 11 0.1424 1302 863 1609 1021 9 0.1311 1398 264 1966 754 9 0.1219 889 5 1947 1263 11 0.0993 1396 886 1585 1000 0 0.0847 1100 0 1563 287 0 0.0787 992 1161 1419 1521 11 0.0703 1355 923 1525 991 11 0.0693 1301 918 1560 1009
4FsH0Jb4dfH8Xdo194FH3MGFBwon3Me7,14 1.0 0 0 1 1
djUvC9PsLAPvRn98bTmIDKzYp8pK4CFj,3 0.6185 1083 1512 2130 1849 0 0.3311 1428 797 1713 1095
eOE7aZwV5XaK3UAzDR9yHqOzRy7CfI45,0 0.1354 1259 822 1545 1123
DJ7YMAnIoypGqcVfTe4yh0yMN1F5iVwg,13 0.8544 258 976 885 1461 9 0.4656 603 199 1296 1313 5 0.3656 185 1274 1006 2126 9 0.3047 282 232 1280 1666 11 0.2867 525 214 1267 1316 7 0.2703 752 340 1289 1217 13 0.2534 302 1097 702 1364 13 0.2000 249 782 1072 1539 12 0.1392 294 214 1318 1617 9 0.1001 870 260 1322 1170 5 0.0722 184 701 1147 2165 3 0.0666 1011 1616 2225 2243 9 0.0626 825 107 1445 1578 9 0.0623 1015 98 1663 1886 0 0.0557 1405 674 1764 1054 9 0.0547 263 1082 703 1289 13 0.0521 815 653 1101 1273
JgwzD3fTs4ZmtUMSuNjNoq3pP3TmIztP,13 0.3824 537 764 780 1024 5 0.2358 1415 738 1623 1182 8 0.0863 1372 700 1645 1212 2 0.0819 510 769 785 1004 9 0.0783 1427 757 1609 1165 9 0.0579 1134 1700 1478 1847
PgTkfvyrrsI42UmIX55rEZgV9kMjUgsv,8 0.5572 389 1495 420 1547 3 0.3686 643 1242 1417 1677 7 0.0859 1012 554 1180 964 7 0.0760 210 1403 787 2362 7 0.0609 242 1519 756 1984 2 0.0541 388 1492 422 1554
R142UJWxT6nvZUvShLSaGud6nZa6mWr1,0 0.9566 977 709 1243 1054 10 0.3597 82 1988 127 2082
zPyX3dl0LCZROrRbA2etSsOO5ntm22JJ,14 1.0 0 0 1 1
r2EkqSeZ5NYUDy5BVzjTj57hWkS13HiC,3 0.4784 701 1509 1637 1961 9 0.1672 760 923 1163 2050 10 0.1294 12 1962 99 2143 0 0.0878 1037 693 1301 978
EIUFOfZpwrIgjNIY2umKjgpVC5LvECLs,14 1.0 0 0 1 1
IqnmyPuJIstQPOiy2ydoFQ3XePK4vcy0,10 0.1094 2298 2110 2354 2223 3 0.0888 1009 1514 2106 2028
vEBKgr3EXhZcX2WxTrubB41VXetaFACN,0 0.4358 1327 844 1603 1148 3 0.3023 959 1599 2037 2112 5 0.2132 521 1437 922 1830 11 0.0637 1495 408 1693 474
UjMKSe93KJC0u9zMjifp1Ozoooitrpe6,14 1.0 0 0 1 1
5t0sF8TUT4ejqk4xLgmn2IkWt3pw34co,0 0.9899 1476 455 1805 796 11 0.7492 807 54 1214 178 5 0.5231 212 697 980 2098 11 0.2249 1008 53 1225 115 11 0.1657 1785 68 2057 198 11 0.1252 1719 45 2072 249 11 0.1121 1002 16 1236 83 11 0.1088 897 63 1183 137 13 0.0745 1822 133 1963 235 11 0.0713 1728 89 1982 175 11 0.0512 1757 72 2201 325
t0t9fm6s33DH6hGY5A4fca3k6vxS0ZZz,3 0.0601 906 1211 2036 1733
ZYSFlA7V0UM4NcJThARcN5Qbn2gtvYZV,9 0.5370 1899 1003 1977 1077 11 0.2224 679 206 939 317 9 0.0995 4 14 244 154 11 0.0753 701 219 914 284 8 0.0747 1903 997 1979 1080
LUoWCl07dkZ9OUr4h44qHLE9zzJA2JPL,3 0.9117 672 1341 1581 1704 0 0.8887 992 791 1246 1074
AnRxaIOTPYc4CJb3Ps6qD3N7yz8JzGnX,0 0.7567 1268 805 1530 1100 9 0.5179 1544 1248 1790 1569 3 0.3912 889 1488 1950 1911 8 0.1898 743 1744 782 1784 2 0.1344 1362 833 1467 1004
xyURDGIewB3b9M6pHa7FqjlWw7UcaqD4,14 1.0 0 0 1 1
WezitdIPfmJwStxcVj1KOR1h7IMqS93p,14 1.0 0 0 1 1
NqiaaxXBNbngfoUR9bmFDg5jr1rBIu3Y,3 0.1526 762 1399 1553 1637 8 0.1087 694 812 741 857
WxSdRCC8ooZTosLL6ygFaIZrsT2S8i8N,14 1.0 0 0 1 1
a78OK14dXPnpWTS5txezpBQ8gygKtkC2,6 0.1926 385 1228 818 1722 7 0.1259 356 1178 839 1739 5 0.0596 376 1191 799 1720
ZyaXVXMe31nPYUV81ZzE0fe2VAFnhkJu,8 0.2646 382 783 459 858 9 0.1678 1625 449 1965 977 7 0.0829 1397 788 1670 1237 3 0.0751 682 1203 1461 1604 9 0.0685 1078 139 1994 1002
Onmv6tXPtFh6T1nnah0g4eZKfV7E9fxb,3 0.7213 691 1396 1566 1751 7 0.3776 678 596 916 1051 0 0.3151 947 808 1205 1101 7 0.2132 0 539 777 1880 10 0.1385 0 528 751 1969 9 0.1309 4 368 922 1842 8 0.1296 666 623 933 1011 11 0.0828 47 498 678 1458 13 0.0792 53 517 663 1222 9 0.0680 2 996 780 2125 9 0.0622 108 1510 1507 2300 13 0.0553 386 721 598 1029 4 0.0518 630 582 945 1038
QEd5JJcLXlNGgeW2gf6CaBnbMdwfaqGj,8 0.1044 1825 1010 1864 1046 11 0.0574 1383 538 1693 628
OqYSEdMzwdu7rLTlzqJvjrW91OqNxruK,14 1.0 0 0 1 1
kwA55Ff6rtrypp0eeSYB5Db87TM8eeKk,0 0.1109 1129 677 1373 958
VH2Pu0RlfC3WXnQgJbRtQOfyGgfhYOTk,14 1.0 0 0 1 1
wtnCnUJYQ32gm9vczvWqvnPNaPiBLEUG,11 0.5909 681 303 961 367 7 0.1187 213 1746 312 1900 11 0.1034 1804 2000 1934 2205 11 0.0766 698 304 901 348
mYaPP4VMxZMfiTy1SNiCfVdMNRo2PMs1,3 0.9991 521 1641 1817 2369 0 0.9931 1013 902 1318 1264 8 0.8616 229 1692 265 1730 11 0.6854 440 644 748 791 10 0.5501 121 2436 216 2558 10 0.5305 1929 2238 2082 2503 11 0.4615 489 651 815 732 11 0.3696 469 670 635 750 11 0.3347 1174 656 1472 754 13 0.3190 545 687 690 827 2 0.1329 214 1678 277 1743 11 0.1112 426 666 621 791 10 0.0601 1957 2291 2066 2448 10 0.0554 110 2432 245 2606
fjbXzHFAjQgvD6gbgQFtkNJa5u3lXRVT,14 1.0 0 0 1 1
cu5IOUAAfnVSxS9wYXW98kO5OtKgxI8t,7 0.1345 13 494 721 1635 11 0.1150 501 319 772 505 3 0.0916 731 1329 1502 1840 9 0.0515 18 166 631 1164
ID8h67PLsFmEAFn4g4qUKfJSdabYU152,14 1.0 0 0 1 1
CqaXXggVpxzyZni6u6SHZLw5D06k7YOa,14 1.0 0 0 1 1
kELP7roR7VpQ6q0AXyHwyO51y6TXH161,14 1.0 0 0 1 1
8So08wTFWqTe1uFVQmbLGCU7dBXK87rQ,14 1.0 0 0 1 1
V7mFdcsnMkICEhgIdCu8oYMrisYe5ynT,5 0.5325 250 835 887 1617 3 0.2541 731 1185 1868 1618
ZSmH5UnRepsfjNTHOOfVuOodrIV7AEe8,14 1.0 0 0 1 1
vfZ0JQlfubJyqxykhUVWFP9iW3rt4laV,14 1.0 0 0 1 1
Z92FucCEv326KqSZkSwoHyEwk85zZLNG,0 0.8621 1125 507 1484 872 13 0.0889 238 1264 438 1349 13 0.0711 419 359 824 750
jzKc5PyYhOiKJerd5GdMnFaDVmlXRJFM,14 1.0 0 0 1 1
2AKjvkK821qXQD8pDn3wClzbxQIn7aqd,14 1.0 0 0 1 1
eyKV6VeEPXDx5kmYWqOHGzD3BM0bSN3h,0 0.9905 1217 690 1521 1028 10 0.7988 2176 2001 2290 2274 3 0.7299 854 1574 1971 2070 10 0.0518 2166 2054 2271 2215
5zFzLTmtVRxgBaa8YbrmjPAr6jKH3LKZ,14 1.0 0 0 1 1
NTRLCWTInTrAgDdNMAP8VpSnde86EG1R,11 0.0578 1821 480 1972 581 3 0.0535 945 1400 1854 1931
a9xlQ8BwJ0RzSia1K1aGImW2pMUppJqb,0 0.7737 1779 702 2103 1055 11 0.3063 1220 399 1485 458 9 0.2264 1532 827 1917 1697 3 0.1396 1442 1535 2486 1963 9 0.1275 1520 789 1717 1424
YNbOvHyTqA86lypaN56rmdm7HlwZ0Nc4,14 1.0 0 0 1 1
wc9DPYgWFrJ0QtWC6PkAktGI5Hqqbq8B,3 0.9889 776 1184 1638 1569 11 0.9201 1260 320 1538 412 11 0.5239 1297 324 1480 391 0 0.3750 1101 644 1340 906 3 0.0932 793 1260 1403 1503 0 0.0887 912 630 1351 1057 13 0.0799 606 971 748 1089 13 0.0755 571 1300 759 1420 11 0.0620 1200 300 1492 436 11 0.0579 1215 292 1459 381 9 0.0534 903 201 1206 949 9 0.0510 664 863 1115 1675
r5mzIUCSh7QNtKcXy1i0hpy59yJH2etJ,7 0.1132 1543 1081 1716 1347
X73Q8MkUHP02McARNocwtJ7oY0dswJQ7,0 0.2573 1302 882 1602 1180
gYjWvBBT3B0WCGtXFnmNOTLJmYL4xGfd,11 0.1464 1673 1822 1755 1971 3 0.0866 717 1538 1516 1811 9 0.0772 132 1636 825 2201 9 0.0635 3 408 413 1045
ZfZ3YTN1LhWFxYmjcTEKh8FxUj2BEdrT,0 0.8407 1652 973 1951 1260 3 0.3029 1200 1745 2351 2181 8 0.0966 824 1270 946 1383 7 0.0663 812 1263 950 1392 0 0.0618 1649 7 2125 340
gkajRmYuTvLAaYoSDv45t1fAWPzL79TF,9 0.2529 0 22 340 172
zK5uoQHIffBe35RCK6eJlKuCjOTh1I8p,14 1.0 0 0 1 1
s5B9BQ0hI6Dkj95cHyQJsTI7mIMOUn8R,0 0.9058 1069 589 1296 804 11 0.4376 677 246 890 298 11 0.4099 697 270 893 318 5 0.2895 1335 890 1760 1319 8 0.2876 1594 1308 1643 1365 11 0.1876 638 265 900 342 9 0.1870 1610 1822 1733 1968 2 0.0740 1610 1843 1721 1965 11 0.0569 708 231 907 284
RFVQkMTOqT9AiTU2DO0xTq1n2Zx2UaGT,3 0.0930 776 1293 1852 1748
q25Ct8SBC245yq9VHbOalZunEgap8jMN,14 1.0 0 0 1 1
3XJKD76hiyOwbtmgj615Ny8mdrMt6vZI,9 0.3388 1679 676 1957 1288 7 0.1424 1664 702 1977 1273 3 0.1199 712 1302 1520 1708 5 0.1040 1661 684 1968 1279 8 0.0623 1672 655 1966 1365
FEc0uIHhbouzDeGmDsWj2mKI1ZnDMuX6,11 0.3512 836 161 1045 222 3 0.1295 872 1467 1814 1865
IeTTgEHHp0LLETFRQM9A4BCb4oVF8Us0,0 0.9706 758 753 1534 1407 3 0.7303 733 1405 1810 1769 9 0.4270 1564 1566 2331 2023 0 0.3407 1174 805 1542 1183 9 0.1549 1702 1547 2285 1872 7 0.1086 1776 1569 2304 1922
TGxWzKiw61IwcXe2MMerAFdm5MqhLfx5,11 0.5212 1903 2010 1998 2105
plksD082APsnByBa8wD3Csr7T2yLInCL,0 0.9804 1344 810 1677 1195 3 0.7544 961 1574 2002 1949
7NuUyWFfwJ6ndjXwNSm61CGjkWx6kUhI,14 1.0 0 0 1 1
2MOdzJqmSGIvwMQ3ItAfTYqfLqKe2hPd,7 0.1220 712 568 820 672
q0HNRE9JqaFJ9xCsRx52sYUrUrKJuGut,10 0.9321 546 2363 704 2576 11 0.3435 551 2405 686 2577 3 0.3003 1405 1806 2437 2219 10 0.0867 529 2243 702 2544 11 0.0631 539 2334 711 2629 11 0.0543 1174 498 1439 547
kmxb0NFEXxjeC5KmSZ60N6gL52oThxTt,8 0.0780 2271 2123 2416 2261
AFVEDE7tpj0m8M7MChjnUHi60LEI7toz,14 1.0 0 0 1 1
DrRovdTJ61i1GOrj7xxSSqjJ00vOCME9,11 0.0974 731 459 915 524
j4WiribIhySqoPVLW6PhrjBpjANbQ4rX,11 0.1020 1542 1872 1635 1942
oCs33krlbGkv1XDevGTvX5Q0iQt95S64,5 0.3124 719 726 1354 2008 5 0.2486 775 1140 1225 1925 10 0.1163 2583 2141 2720 2380
75vC7tLgb9TuV0ucm80THDGOSeyOUALk,9 0.5092 1289 244 1640 525 9 0.2788 1114 1788 1340 1903 9 0.0719 1250 166 1808 520 3 0.0593 658 1593 1386 1903
oXpjvR7ejzD3E0FjGPdaItcQw7m7DwJb,8 0.9691 845 700 900 752 0 0.6692 1442 522 1796 871 11 0.1990 800 46 1134 115 0 0.0699 1216 528 1788 978 11 0.0655 753 31 1122 155 7 0.0568 1525 1687 2499 2318
Wc72kbpS3Y8ZNdSEiKhCGVOAw3W8a09U,14 1.0 0 0 1 1
bnVkSpjUoGFWEw3kWfhDa7LK2hUivknT,3 0.3308 612 1358 1481 1711 9 0.0916 73 1147 116 1178 11 0.0682 608 344 812 413
niv4OiXUE8bpaBtulLSMg5Xgf8v6O54a,3 0.5593 698 1539 1485 1903 11 0.1246 1683 1893 1774 2039
KjX2aFuN6PkZQ0EgfX6E9AvCk4zFxWkW,5 0.0768 1613 520 2090 1144
O7hKqTaNvUFun6YF7pRKGqU6exZMSDFP,10 0.4262 126 1767 220 1923 8 0.0507 333 1126 407 1182
38iAX3AiVEYVoEnjXlgAbeTIDoL3ekV1,9 0.3965 148 1734 906 2317 9 0.0773 194 1704 808 2072
VrvBMJfCmEASIoPIXRe4mAPwU2d8gha9,14 1.0 0 0 1 1
FVwLy2ZZqF0vepkYof8yV5T3CP9z0v42,14 1.0 0 0 1 1
9JO36dkP3hw7AwlYc0gEroXfnxX8QPlh,9 0.1600 15 113 309 266
QDJN1g4McAF6cSTQvw6Iy47tNvoEzAU2,9 0.0858 0 2124 127 2400
Vg9nGTN5glOmIHzyEsZLUn2ya30N5zSB,14 1.0 0 0 1 1
DP22pb1K7Waion6sijtunOmL8u0bWErM,14 1.0 0 0 1 1
3MEEG2TtPCkJogsnIwlHZzMbVqsZUTp2,14 1.0 0 0 1 1
4zpvMojCxal4ImUQxCpkkHHaaG9Aq7Gk,0 0.3173 1142 886 1448 1224 11 0.2119 1294 592 1609 676
v2B6N1oglDWzO47CSrfec0cqV9rTUQXF,9 0.0907 2421 1478 2476 1597 8 0.0695 692 1903 805 2019
BjTFCjEDXgQ7jQoKw88ZmGg7JMAs9Q7q,14 1.0 0 0 1 1
owHfZYG7ei1y2BWjDo9qUfV7y3ZLZxtk,14 1.0 0 0 1 1
PH1PBxJG0howJGxbAZUVKViaw3r2uDVp,3 0.2099 1201 1358 2228 1782
QSdmTPqB6snuzU6nFRjwfkuVDfdoJfq7,14 1.0 0 0 1 1
nvpG0ros1aKRZfVdyjkbjmGeOuPebui6,11 0.0577 760 440 992 497
g3qEYa2T7Lw4MFyOJ97Q2wd5jNcThwtH,8 0.8400 289 1325 360 1394 8 0.3785 299 1099 394 1207
sVMNyVI99XwOm4VSAD5im7It23zd1eEF,14 1.0 0 0 1 1
iQAhiNDLJ4VF9kRMnXb45BhHkoczFuH5,14 1.0 0 0 1 1
FTWKTDrcESJoq66AeEFAgjrepCcTPQoB,9 0.3000 2 2376 222 2940
cDqooMcnjT3jyiWVfEjamCBmWmiOw76u,10 0.6788 1683 1671 1772 1794 7 0.4185 192 424 823 1711 9 0.1222 0 281 817 1494 10 0.0989 309 1698 421 1891
pambxl4vgWmSBmWtTyCKNGIwXDAjTsVa,0 0.2088 893 625 1118 912 9 0.1069 1354 68 1987 557
yI9Gaftll4TUv5DwKv3eSznz527WeqBc,14 1.0 0 0 1 1
SCHfRhv2CrF80QEipTo7LVyZmuKaTF8t,14 1.0 0 0 1 1
dFByoSKk4bv5lCZZsgCs3u8ndZz3Tj6j,14 1.0 0 0 1 1
N7Elb2Ljlk8viKmold0f3FTLzRTvb6n1,14 1.0 0 0 1 1
lfFQEOS4NBfxsSc1ypgHGt9brtCzrezl,8 0.7333 1255 428 1420 633 3 0.5943 841 1446 1709 1851 13 0.4614 1262 401 1438 658 11 0.4287 1233 311 1489 459 0 0.2890 1154 720 1367 950 7 0.2311 1261 424 1411 636 9 0.0725 265 1616 1027 2379 11 0.0567 1252 297 1510 396 9 0.0521 1237 399 1415 637
DbzuoerVMsRoIsdhn0upi0kVU6jlICKp,5 0.3580 1560 890 2327 2414 11 0.0824 679 210 1105 369
qWEk0SdssNXLpwR1Pl1oCfIlDNzb6ATE,14 1.0 0 0 1 1
kS5o6SW3xilETczg6Ex0XCNcRf6ei8qY,13 0.5399 2133 770 2382 1008 13 0.3550 2212 789 2395 949
J4q51KQAQO96MvJaTi2g8q6MsOzClUq3,7 0.4280 1418 904 1816 1410 7 0.3209 444 834 964 1527 6 0.3033 1494 938 1810 1385 3 0.1927 888 1014 1603 1445 9 0.1886 25 419 1123 1420 4 0.1477 358 710 881 1463 12 0.1107 221 162 1170 1587 7 0.0975 287 529 996 1591 11 0.0937 366 283 811 882 9 0.0701 187 441 755 1449 3 0.0634 332 1435 1969 2430 9 0.0566 86 821 954 2231 0 0.0557 1087 1336 1903 2208
4sI4q1AulfJuKjz14EwyfQVkcCYXUlEw,14 1.0 0 0 1 1
esdUABP1QM2K5TBWgI0XexLyy9hGerwU,14 1.0 0 0 1 1
DrG8M5OCeG1vM0O4vZr8NoOsKVGvT5an,14 1.0 0 0 1 1
fhk9OtPLSwPMxQILq85VAzSaWbisOLFn,14 1.0 0 0 1 1
NMuknIlLxZnfDAyVfv0k0Vjz8RvjOebJ,3 0.8251 637 1167 1440 1420 0 0.2319 954 631 1192 897 3 0.1144 5 1461 1909 2383 9 0.0549 80 1172 1681 2365
gTqmHXX08ayteLg0IWyb0LHtYLFyA9pp,14 1.0 0 0 1 1
xJCCItHN2GkvGyTtA8AO5yGgxeyIlwX1,11 0.0615 961 371 1219 484
sPxqPkp08J8Zcy3w5Tc9mHEoQQHRpQDz,3 0.5364 918 1098 1823 1632 7 0.0687 487 1585 1507 2218
NQFThGfcWIEvpisVlTeTKMKWjz0Cv2G9,14 1.0 0 0 1 1
DMHWKQJj30kTsGacCMHtE4DveOCMU2Hx,11 0.8769 501 441 757 582 0 0.5738 1068 864 1376 1218 5 0.5230 150 836 736 2063 3 0.4052 729 1564 1777 2127 13 0.1880 335 1300 566 1433 11 0.1553 435 442 814 635 9 0.1243 1305 2022 1763 2123 11 0.1153 353 506 531 705 9 0.0710 12 434 935 2301 13 0.0639 469 569 716 748 8 0.0546 326 954 384 1023
PhZR9UMjq6FZIsATAmMNR819brxXDEbw,9 0.4802 0 1405 18 1779 9 0.4637 2 1457 73 1746 5 0.1942 1619 834 2235 2225 9 0.1829 0 1392 40 1893 7 0.0600 1495 647 2238 2126
B0tcQC7Ib1pbn1z7dP7AYUuaf4lP1QzS,9 0.1257 118 3 950 356
nXYk1vcMRZA6fv1daw4WJ2OZkLVbQX6R,14 1.0 0 0 1 1
eUymHY4BK1J2yKLxS0iDbsneXjEq8h6C,14 1.0 0 0 1 1
wWTYUE10RP7DUGgFNzU0X59P8DxXSICq,0 0.1815 1086 984 1344 1247
SZgwJQMXw1k8l298sarcgtWyaQYglqfu,0 0.0844 798 629 1254 1210 9 0.0507 100 1504 938 2368
ztHH0hNYfEPdTMVbROoLPrfQCGICHdCY,3 0.8469 746 1369 1539 1644 11 0.1294 2 1147 78 1381 3 0.0924 111 1683 1994 2421 13 0.0508 1559 1230 1723 1339
PAPR6L1JOKvBJm8d6HCAwyIZxNpOeCqm,14 1.0 0 0 1 1
FOsAaqGAV1K6gmVpgXQFTlUj2uqo1XAM,14 1.0 0 0 1 1
NQHE2jk50WRwck5BUrWclo0ldhuL8HQN,3 0.9975 863 1221 1767 1641 0 0.9975 1208 668 1505 996 0 0.1243 1289 683 1491 902 0 0.0809 1019 635 1489 1076
b8VGtEsbWHhdEj1XvkfwLHlyU0rJun5L,0 0.8600 1128 669 1389 961
Rag7o8e6TQCbGC2dgn5vOq3pxvGFRaPE,14 1.0 0 0 1 1
lldfBBoppDAL6NaQxDQSpuSSwV8IMzlv,14 1.0 0 0 1 1
BpFg8es2gDZcGCA7Oy1gbRFSMvj1tJds,0 0.0748 1413 733 1745 1151 3 0.0517 957 1596 2191 2140
BUFwK6WZiQDiwv2iUjQxy9IVqTJBXL3l,14 1.0 0 0 1 1
Unhkf1CAqw76mDxAzquljvOeJWaNcsut,8 0.1883 2151 1534 2253 1641 9 0.0697 2131 1531 2272 1645
5kZRXN4wmzfH3Ji2HmRQ5EU0caeh679k,14 1.0 0 0 1 1
laAqTnqpGIDfivEBsKO0FqubV8gP3Ffn,0 0.8002 1000 601 1234 888
kx8IzbkUiiu99Za4GTruRpKDWo5mWjI7,5 0.4628 316 1270 866 2313 7 0.4100 301 1395 837 2248 6 0.3597 362 1586 879 2243 7 0.3188 529 1769 766 2131 10 0.0984 71 2564 184 2751
K3edZGzhsmGP6ax5t1Co1pGO0lCaSxb2,5 0.1357 1626 424 1930 979
y2WMfkShBIP4FtGUNB86pA05FzZkshHX,3 0.6983 777 1266 1596 1608 0 0.1788 1018 730 1267 1014 9 0.0576 1670 554 1961 1137
kgtQAUEbKeC2YEudkE2JMCFrcVWwc8sy,0 0.9957 1058 611 1295 869 11 0.1720 552 228 756 276
erajBnIwdv5YmfNfJVsI5q64tPtPCIhY,14 1.0 0 0 1 1
QYJrPlizIXMQ4tyrs1YG948C3VR8U0aX,11 0.3253 636 350 806 403 11 0.2568 611 343 843 424 8 0.1778 233 1615 318 1705 11 0.0913 605 334 866 491
UrJTGVK0v7EbTDyoFiElSGgzrxeRyo11,11 0.8747 706 247 954 342 10 0.8319 180 2391 334 2591 13 0.4007 730 308 834 482 10 0.0907 155 2330 378 2680 11 0.0865 621 271 903 393 10 0.0795 202 2435 367 2668 9 0.0772 116 1988 1012 2642 11 0.0573 190 2440 342 2653
rFyqhimGh3Dsw1slXbbB84qwVceLRfrQ,14 1.0 0 0 1 1
ws7LshXyW8fmzWweKi4oVuZmvLKBjGqk,8 0.2433 1675 2933 1789 3006
N84sxzZYwzcY2dLSgYEV0zgeZy4eLDrS,0 0.0999 834 0 1312 240
90DPqCFWSejbWUKFgzUpbeXUr2O8GO1x,8 0.2605 589 1988 717 2108 3 0.1955 885 1544 2043 2144
COnUPId9zfhKysu29r0sCzHFy7ycYVNm,14 1.0 0 0 1 1
s84qN7c0W0tGcJ0qUgt3VUxukEFdsIWB,13 0.6273 1309 238 1395 333 2 0.5009 1306 241 1392 331 9 0.3349 1309 236 1399 339 11 0.1026 1298 229 1408 331 8 0.0727 1304 241 1399 327
2QpoNdH76wpyEPj73Wzjo8jhkoznaKvY,14 1.0 0 0 1 1
2FR7q7cWyRGnFcZkqBWuMM5bXW7MC8yN,5 0.1607 575 743 1517 2084
MzKeujgLoGeu4XZ7c8A7H4H64j5N6Lkl,14 1.0 0 0 1 1
erZIkRxu4pCX799ugIyhxyqRXAWhJfBm,11 0.8867 459 427 730 592 0 0.7985 1158 697 1484 1039 11 0.4617 415 409 858 645 8 0.3779 1957 1764 2104 1892 11 0.1878 1492 399 1850 637 3 0.1835 802 1666 1988 2159 13 0.1708 1963 1753 2120 1822 13 0.0750 1742 1737 2156 2166 13 0.0693 1790 1960 1954 2110 7 0.0566 1941 1750 2116 1879 5 0.0525 1648 1626 2176 2237
R4seA5JxXBPPlvSVWLjk1A4KdTnz6Dqm,14 1.0 0 0 1 1
pUfqeDrB5ERCJmnAePn5xjzvHbhRVeZA,11 0.1870 1667 525 2036 774 11 0.1787 583 576 865 771
7A8T9wxaBD98svehvra3BVKkE2aw8PLp,11 0.9816 507 443 899 611 11 0.9691 1203 415 1671 642 11 0.6369 1207 422 1563 568 0 0.3993 1042 873 1345 1169 3 0.3733 733 1780 1648 2171 11 0.3323 1381 453 1673 625 9 0.2339 1247 469 1381 562 7 0.1468 1194 431 1474 567 13 0.0954 1238 946 1297 1036 7 0.0801 1236 466 1393 565 7 0.0700 565 438 953 587 11 0.0582 635 462 942 633 2 0.0570 1238 960 1294 1022
PuP0gbNiPOmm7VR2Wue77nXLraz1pO71,11 0.0781 751 201 1088 278
z7tBV7jESfDdLhP9Ry3I8qbm3YK5HvhU,3 0.3336 1349 1448 2352 1854
PD34pCn9MCIIv0PYosk23z9IXhbEwnyZ,14 1.0 0 0 1 1
y7zM7m7ywv6EhPU8JTcYK0JbmVXvJy1L,14 1.0 0 0 1 1
aUhCfH4fVE29AjI7ylIEOIcnYzcVf31y,3 0.2651 642 1203 1473 1486
3Wf3NvyGcVOXHKaaCkSmZy4qiXYJg9qn,8 0.9270 435 1254 574 1407 2 0.0675 448 1249 564 1409
k576EmhRJuLOIBHFyzH7LRcr2JbYFnHM,3 0.7173 626 1398 1373 1693 8 0.1077 1161 885 1210 943 9 0.0512 1526 546 1871 1112
n7OkpaJBGIuHvRy1wrDfN7BaLbmrXQPo,0 0.8268 1254 620 1483 880 11 0.1875 1423 282 1666 321
s4fihhqljNi5KzGdeQeGqC5FkYXM6e2M,0 0.3025 1255 691 1494 1008
VqrIaSIaQYNRhYeTiYtFGMTBISMjVwIg,0 0.4105 1046 574 1290 884 3 0.0693 24 1630 1973 2415 3 0.0591 654 1191 1610 1641
AdTZxQILT8TBIO9cUTkIXfIDHbenN7Fz,14 1.0 0 0 1 1
bZuYDyT2IW2oLQw7VdkPo2dGdcmtSo8k,14 1.0 0 0 1 1
iQDnRvqrNnzfbfEGcepVhR2Hoe7glfnO,11 0.6841 761 249 1061 322 0 0.1180 967 534 1562 1051
M65R1wjdbfRZTOYJ6bVewLlfwdpZ8Tne,9 0.6814 254 1627 334 1978 0 0.1879 1278 874 1582 1198
WBHFX4zkw7ZYxyrqXAdQgemvLpNIqpv8,3 0.2915 736 1398 1681 1812 7 0.0941 45 633 699 1786
VwpnGSsqVv9h3xYYfIN4TFhenOHo58mI,11 0.6578 1445 590 1735 668 3 0.0775 865 1504 1955 1958
fSKWr4PcpVQf2vhRmJEp2Bw24zZEPnAj,14 1.0 0 0 1 1
NtZVZ5xoQJWDb9vDM4nkAKzPb1hdfdGf,11 0.1243 1093 332 1346 381
0HiLOOxtxVZcQsysTpweqeylvDk9E9DT,11 0.0532 495 311 803 607
4BRSMaISSJTu0l1h9l5v3eAFKgfVPRJZ,3 0.3615 764 1411 1629 1893 0 0.1007 1132 725 1407 1035 13 0.0866 665 1554 815 1711
hAHvYX1qXakKZAgUI6laTuVriMjYmwYn,0 0.9787 1168 886 1397 1116 3 0.9702 870 1574 1837 2049 10 0.5908 1849 1748 2021 1975 7 0.4851 273 1495 862 1874 9 0.3053 136 530 1218 1996 4 0.2990 1173 1431 1861 1985 8 0.2510 420 774 669 1131 11 0.2424 1795 1758 2019 2017 10 0.1853 1589 1762 2011 2108 10 0.1655 1766 1753 1992 2031 7 0.1640 214 580 1100 1972 9 0.1640 398 812 616 1208 10 0.1628 146 1753 256 2008 11 0.1064 1735 1716 2024 2161 9 0.0879 232 1632 844 1931 11 0.0816 1864 1750 2012 1954 5 0.0560 266 1477 908 1959 10 0.0523 163 1840 637 2178 10 0.0507 1907 1784 2024 1937
vkxIjnxt6tOJOgT6tGbruWAXSrWm3WpD,14 1.0 0 0 1 1
WvXPwaSl9MbE3Ilzn8z5eFvUG9BD3W0X,14 1.0 0 0 1 1
ng9TLpUqFPlsbhGOzZvAqMkd1yC8LyUd,13 0.9020 313 811 423 866 11 0.3412 1366 312 1596 412 11 0.1497 1293 302 1487 353 11 0.1267 1410 305 1631 460 2 0.0776 1396 1019 1590 1291
4Q9tfXbeCLjymZN90jm8jbbrJCD0KWiR,13 0.9756 680 435 827 660 13 0.6821 730 521 835 668 13 0.0818 705 455 867 732 13 0.0729 681 467 805 591
JzMaOJg69PbPJnkOm1ixgKBcx0ZAjRlh,0 0.0524 994 3 1242 190
YN8V0jO86adtK2azmeUZ0yw6tN3PTstX,13 0.1280 1524 634 1729 836
SDGYGrwkNhppqvpPl6om70sPqVQE9Stu,11 0.4753 659 1922 775 2020 11 0.2257 616 1915 826 2043 9 0.1554 643 1919 822 2043 9 0.1178 595 1912 883 2095
anwbVeh8gtVadVzFNfWT4WFgdlSIMbro,3 0.3229 785 1133 1572 1408 3 0.1481 7 1516 1625 2348 9 0.0887 85 1155 1891 2344
F8wr64e7vf157h6MeBozv6QiagpfniHp,3 0.0796 932 1653 2138 2177
7fW2KiRZQsrz0tvv9fiPYJ6sIG9ZDCj4,8 0.6494 684 1072 815 1205 8 0.3706 1712 1518 1814 1609 3 0.0990 882 1599 1734 2117 10 0.0677 204 2120 287 2271
OFpJNzAFrUUPK85RrkX2BJfEnqkFz20b,8 0.6800 872 1694 1019 1816 9 0.0525 867 1689 1004 1814 8 0.0519 716 2112 837 2240
mKMUpJgsWw0S5NRZ90EukxDE8BiEFpED,9 0.2022 79 1264 973 1951 3 0.2004 813 1224 1649 1476 11 0.1732 1192 449 1493 532 0 0.0916 972 0 1425 223 3 0.0565 32 1704 1994 2397
gi85BbXCOqxvDa96xFGGJJrK9hc7fPvG,10 0.9188 542 2196 684 2402 10 0.6364 2498 2251 2604 2395 11 0.4304 544 2216 697 2390 11 0.1467 2485 2238 2605 2415
H1UQb6PNUk2x4q6Dp8dOqWu4ifBuBRRy,14 1.0 0 0 1 1
cA58YBzcQ0Yw6QqgFBX0zvhWnpCFkJjI,2 0.2376 1072 765 1138 852
uUVYKHfO5lOb2CIbTKSohbetz1UzSIRA,8 0.2241 262 808 340 904 3 0.0816 773 1577 1546 1951 9 0.0688 321 1817 942 2333 10 0.0547 327 2012 425 2233
4DIUNaQPPYHJeLUcSmSSKXlQDDTa6p2B,8 0.1130 1014 1536 1053 1580
TdO30wThBAhsH8nR883eRSDv0JcfT1el,14 1.0 0 0 1 1
YASbhwCI96H55P4GO3fOPkE7h9c7Jkwa,0 0.2739 1370 811 1733 1157
OIhz1sO6FQNLLzMQ5wtOV1MjlbX5pfSV,7 0.9664 68 478 609 1599 10 0.0699 1657 2001 1692 2062 8 0.0649 773 273 849 379
gthE0KOKrep6lexKDJmhz8OcVyaJPFUM,14 1.0 0 0 1 1
exYsVytT0OtuK2HKrRzHxtsmvETi6Py7,8 0.8134 465 1354 565 1441 5 0.4660 273 723 1034 1841
EV4fsmY0ojV0IbEkCfalzjCrsq8r1lyt,14 1.0 0 0 1 1
aiMFux2Ri9eLPmCv6jRZbyaNBnDBEFTb,9 0.3549 1260 1614 2201 2880 0 0.0570 1194 777 1467 1081
lKTuZbOU1pvag04crPTM5jcp65hOPfxH,9 0.1244 1575 592 1656 712 8 0.0604 1571 592 1664 714
LQdhgczxditwrLdY7Utu1g5fj5WGEm5L,9 0.0918 0 220 507 713
e7LbyrnvPUjDXNAiEK5HLlWpDHGeLErg,14 1.0 0 0 1 1
Zva3NpW0tuAMawSueAeQBfIxqVxuRzNA,11 0.9812 510 455 723 591 13 0.5324 342 1412 662 1818 0 0.4718 1030 720 1254 946 3 0.3916 787 1378 1608 1871 9 0.3008 820 1411 1095 1975 8 0.2472 1449 668 1503 728 5 0.1022 1292 530 1678 1451 8 0.1013 1580 887 1645 955
QHhwMiXmjCaEcFq67KCwRtuLYfZhTc8b,14 1.0 0 0 1 1
4kTXHLs7d5zdi5gobZO0sRu3UN8tDZuc,14 1.0 0 0 1 1
J9n3zG6nHflplzQCId1x9YXM1RWrgfMg,0 0.1963 951 562 1169 786
L1wURRGb2roKr4s3c6pNTIPFttlejjXH,14 1.0 0 0 1 1
l2Uw2C5FRqoC557TE19ycxOOhWiWtuvZ,14 1.0 0 0 1 1
IZnt4euLW02rPL0bSPEyPS1UFPWzGaDW,14 1.0 0 0 1 1
1iNX4E9mweDtFdYxJneMS17HXz9BYsoj,14 1.0 0 0 1 1
wcJrz205uTz3nINm7jtqClKdNcmd0QsB,0 0.9985 1313 736 1542 989 3 0.9838 964 1468 1938 1920 2 0.1389 1467 853 1520 911
XXZUwIeTrNJNqKMitjnoDkLhL8tNHlQF,9 0.0584 101 1568 783 2180
vqydygo0mUmBkoSY9pUcd743qSDmGWoP,14 1.0 0 0 1 1
OmXQk4kAQB4SXGJRCxWUXJWwZM242rsf,3 0.5944 719 1582 1571 1937 13 0.4732 397 719 813 1054 9 0.1886 112 1787 873 2376 9 0.0710 218 1735 766 2110 11 0.0619 1120 562 1367 665 0 0.0531 863 0 1293 223
Ugh1V0aI1rL1OmtScSI9jNdMLv67KL2S,3 0.8975 810 1072 1705 1499 9 0.0882 130 425 1046 1396 7 0.0653 95 421 943 1480 0 0.0635 1040 625 1298 831
Euz96eErCSjKWcdKP9FDtua3uf2jziLU,9 0.2232 43 0 969 610
IkgV0aIB62zmZTOgQeQ3kYDE3eC2ctZ8,3 0.5446 686 1151 1481 1470
gINsSDWk0ww7jfk8oMvGoFYeog0AUCJ6,3 0.1294 1253 1447 2220 1888
10yvBqluHX6ejLcluJYMfcmDLvf4Wk3w,11 0.3416 1484 396 1675 452 3 0.2549 866 1594 1907 2025
R0GgWp1LvVnz3j8J0fuaOmYy5O0AgyNX,0 0.9459 1064 892 1267 1107 2 0.6457 1183 943 1253 1065 3 0.5830 701 1543 1558 1922 11 0.3583 611 412 973 562 11 0.2919 663 404 919 509 11 0.1667 658 428 872 541 11 0.0813 692 411 864 484 0 0.0640 1191 68 1462 322 0 0.0559 979 3 1476 118 10 0.0544 1699 1927 1758 2031
4tExb64oiExPRee43v9bEAXfjsYTMExC,14 1.0 0 0 1 1
kae8R5OwvOy7OROPvOlK483OPNg1HKNi,14 1.0 0 0 1 1
sxRtYcWdDwkkYf6acnWPesCdi8vHGCJB,13 0.5712 701 627 773 707 7 0.3047 319 830 739 1423 3 0.1945 754 1058 1366 1433 7 0.1778 336 911 867 1636 11 0.1295 1345 259 1469 335 9 0.0926 360 1152 923 2416 4 0.0788 673 981 930 1414 9 0.0582 4 242 698 1333 9 0.0569 265 1217 1374 2326
LqtLggqEBHOgimu5I7RG8MUEqNC6n4gK,0 0.9965 1333 634 1680 1050 11 0.1096 948 479 1214 683 8 0.0547 1106 841 1213 985
qjw4H6q59OcjfEGlqJtqVfM3tS3UpoeD,14 1.0 0 0 1 1
y7cZymAFLVR5cMRmlP8YXBd0qokOeOqm,3 0.5983 830 1427 1747 1993
eoGftpUCw0W8cvPiO9RO5ZfWSePg4bdp,3 0.2926 725 1171 1520 1547 7 0.2637 1367 1075 1786 1676 9 0.1956 0 237 692 1501 9 0.1207 1723 473 1975 1064 7 0.1102 365 1033 795 1534 7 0.1062 38 410 810 1486 6 0.0608 1431 1250 1754 1658 8 0.0592 509 648 606 738 7 0.0532 1734 501 1972 1100
GlvAS4m3g7p0urgVFdp6sTQcyaw0neKV,14 1.0 0 0 1 1
7y3yjuIUCu957eiq2w6QbcFldWEdi5eN,10 0.3344 582 2213 700 2391
4vBkVmS2YEYZOho8MQeGFcdmkLGV3QAd,14 1.0 0 0 1 1
hSnUxWb9yElOv7zbpIP5z5zNd8wIUU0w,3 0.0791 1064 1724 2079 2284
3OkZvLLtnYn3ngyYLdfAekDaDza5t5S1,9 0.1404 231 1627 698 1967
pxZNhySNqtPME0gq98iAR8ZXqSatL2Sy,3 0.5895 984 1186 1978 1615 0 0.5231 1298 457 1558 777 10 0.2226 386 1621 494 1860
y5M3IgqfnUMmh6AejMLAzwCg0I67ad8B,0 0.9917 1273 756 1609 1168 2 0.8949 1500 843 1569 925 3 0.4201 958 1649 1943 2023 11 0.1893 825 454 1039 517 11 0.1709 616 489 765 620 0 0.1365 948 750 1631 1321 11 0.0999 580 518 723 638
a9gPcwvAvjchxiD14BOsbcPy2X4euSy4,10 0.1250 2188 2061 2317 2263 10 0.0737 2206 2096 2301 2224
3SpliLgaoL7qvQvgX7vlFlnS4I9BojEB,13 0.3530 1782 969 1820 1067
GPK0XQAZgmb8JsbyD00gXLv9PpXj3VNM,11 0.2737 922 1968 1054 2094 11 0.2355 875 1962 1095 2146 9 0.0711 646 1906 1333 2357 9 0.0557 881 1990 1061 2133
vpbVXE8PZkzseA8mOYee6kStUYtzOL9o,0 0.4464 1275 828 1606 1213
pHxbUMR0nwcvUIYjoBFE5MernQUF4ehV,14 1.0 0 0 1 1
wuYkyDxrbjN0y5ImhUUE69jGsPRENVEi,10 0.0826 96 2239 240 2402 11 0.0695 1097 490 1360 576
hs1tvB7ctISu5MZf5z9jqbVgZZ2K8XlF,3 0.6326 735 1512 1550 1807 0 0.0869 942 6 1294 234 9 0.0790 1539 629 1901 725 7 0.0521 405 1457 617 1626
jDCpDJ3uZrUKm8N5yBnA5AQERHokigBb,14 1.0 0 0 1 1
B8N23UFRbCm9imxdbKoJDyo9fqgZyxJa,14 1.0 0 0 1 1
sF455diwBZAOvfIE0rVYVlOa0TPRLJe6,14 1.0 0 0 1 1
j1X2eZs5DNYZfKIWVy7sC6ep7Iasm4TP,14 1.0 0 0 1 1
JqGmdECvSHycVa398I9nuwBW3JEoS0CQ,14 1.0 0 0 1 1
jZVatG1L6czGhvTkB0jFsVrtsffncPrK,9 0.2814 898 1263 1509 2723 11 0.2115 1628 357 1822 488 11 0.0938 1301 331 1535 405
utbbqbfWWHZzgFiDfzz5s87hZCNyIg99,11 0.9612 1119 31 1427 160 11 0.8814 512 10 762 135 11 0.4318 1072 23 1332 132 11 0.2438 1128 37 1367 105 0 0.1522 959 488 1183 816 0 0.1178 814 490 1168 964 2 0.0646 626 1442 819 1657 0 0.0509 1721 194 1991 761
xau1v3uLkkilrtU060bWiBUPBbWQndbG,14 1.0 0 0 1 1
0TiIkUG4GbqK0cRPRLonwVlY4YVbYHlr,14 1.0 0 0 1 1
7Yi3NeigFEgJyESlUqAemWmpGkXf0eFR,14 1.0 0 0 1 1
M5fGHJGSfnxRkVno7eftBGEc9aOjRjSK,11 0.3914 1654 258 1842 400
uKDR75nu0j2c9DZoQi7htym8YNB3vXAl,0 0.8344 1179 820 1509 1179 3 0.1720 771 1387 1829 1794 10 0.0611 169 1624 249 1796 10 0.0534 143 1531 277 1831
ML0hr1hvUbP9rkwfYy3JIr91IPtedGKo,0 0.9926 1101 860 1418 1249 11 0.9135 1346 494 1632 577 3 0.8311 709 1575 1751 1942 11 0.4600 612 431 902 524 11 0.3549 1330 496 1548 557 0 0.2703 841 865 1420 1419
rR7u316rJRyexW3q9Lo1iQ4FA7gdksPc,11 0.6765 1308 511 1459 561 11 0.4596 696 549 967 641 8 0.2244 583 1106 664 1190 11 0.1794 746 556 951 617
lE6aMN3XzWgRPElFh0JCy9DPFZrMn71C,7 0.4328 17 580 724 1977 3 0.1621 737 1625 1608 1993 10 0.1195 1792 2079 1861 2203 7 0.0510 182 999 645 1960
UtGG0u77ltwAwHHffdHgd8CgE3XCp5MG,11 0.9880 1805 371 2115 497 0 0.9656 1576 794 1855 1081 11 0.9380 996 383 1308 483 5 0.6950 1802 700 2469 2002 2 0.1992 1137 899 1291 1060
URhgzlTOJDd7W3zuW9Xvd8iZS7MVn2Uh,14 1.0 0 0 1 1
1inF0RJEtSKAIBuYRugyd3dxhwuVuu9q,2 0.0795 1280 187 1423 389
JzzdQSsFabBkggyIW4zgvobti4ycWtWw,10 0.4278 203 2278 315 2437 11 0.0899 1480 334 1644 397 9 0.0529 247 2302 774 2629
zEuRkTmbBaIpmPF8AuDvjXw7AtLewZi2,14 1.0 0 0 1 1
o91XvyBzFZXlho2wL6E1EUWoF4rzlKFi,14 1.0 0 0 1 1
5jGS0hEyz2vEevrUHwaVfnSXUVP5MkV7,14 1.0 0 0 1 1
c9aJw5jjJEWcSZJekDO42QMWwNpoMO9G,0 0.3358 957 787 1218 1069
vyBuUsKVZpC89VFkguqPMbO18YJ26ywA,12 0.1063 170 208 975 1795
goYb0aGmCo3yL68g77FdwzD2lcWs6C4m,14 1.0 0 0 1 1
jTs6Y5I6CTaf0OL7Kum4EapiMSK0CaXO,9 0.1319 1650 721 1963 1309 8 0.0557 404 1197 486 1283
Ddtouodx8m3QBjxWbf7GFtROJ9UCbYRb,8 0.2383 372 1183 433 1267 8 0.0971 435 1121 509 1197
EVtpqSkNVEprqevXBRa5dDMgfFe2T3qK,0 0.9706 1355 770 1598 1024 9 0.6382 1096 405 1518 1581
E78ViX4s9RKJ9Qjk9WqJHtu1ZK2Y2noc,11 0.4769 1572 277 1999 482 13 0.2284 1718 337 1827 526 9 0.1258 0 59 318 338 9 0.1069 155 2331 1082 2871 9 0.0799 3 135 123 316 11 0.0668 717 325 1063 442 11 0.0565 764 368 1025 444
s8cfOEEcQZqNdbWqZn5iOo5ivDMOxPfr,14 1.0 0 0 1 1
oV5ro0A1is6GV5Iz6woOATzr9ca0nYvi,3 0.3929 772 1094 1465 1494
s0NiZYS2ZqajlvxtLuoqFWPhdkBHmtl8,14 1.0 0 0 1 1
YPxs0U63CC4rpmcwHaD0GvcxWcMaw1j9,14 1.0 0 0 1 1
SyLvkHrT4AbPfzvdbN8priFSOn7hLXYM,14 1.0 0 0 1 1
8636om7oGa1Ui7B1MCc4pBZkbyx8ALqd,3 0.1977 715 1335 1611 1808
Il8xklF15BPUCaxQdh37Ak9D46MKkCy6,0 0.6609 1362 738 1630 1028 13 0.5835 1940 967 2093 1059 11 0.2485 852 265 1123 321 11 0.1839 1759 297 1975 423 13 0.1360 1876 903 2162 1077 13 0.0816 1856 790 2212 1075 11 0.0636 1602 304 1803 354 3 0.0522 983 1692 1948 2099
